This file contains any messages produced by compilers while
running configure, to aid debugging if configure makes a mistake.

It was created by strace configure UNKNOWN, which was
generated by GNU Autoconf 2.73.  Invocation command line was

  $ ../configure

## --------- ##
## Platform. ##
## --------- ##

hostname = tx
uname -m = x86_64
uname -r = 7.1.3
uname -s = Linux
uname -v = #1-NixOS SMP PREEMPT_DYNAMIC Sat Jul  4 11:45:09 UTC 2026

/usr/bin/uname -p = unknown
/bin/uname -X     = unknown

/bin/arch              = unknown
/usr/bin/arch -k       = unknown
/usr/convex/getsysinfo = unknown
/usr/bin/hostinfo      = unknown
/bin/machine           = unknown
/usr/bin/oslevel       = unknown
/bin/universe          = unknown

PATH: /nix/store/qd70v8g0561vm8m33kmnp79z00cgyi5n-gcc-wrapper-15.2.0/bin/
PATH: /nix/store/l68kasv0m46dx3lf1972i21jsvwhxa03-autoconf-2.73/bin/
PATH: /nix/store/az0b04prk5jhqkc2vjr0w7n11gsk1cz2-automake-1.18.1/bin/
PATH: /nix/store/yvrwcs1a45rj8142n0l2w9q9s6akamjr-gnumake-4.4.1/bin/
PATH: /nix/store/16yz1jny3j9irq4g8zkcx39nr77xwnvx-gnum4-1.4.19/bin/
PATH: /nix/store/nxw1xxfxkd6bm570nb6gv0g6pghp7i4c-perl-5.40.0/bin/
PATH: /nix/store/4w7fshi3jlwjxsij52q4yyl4sfxvfl92-ripgrep-15.1.0/bin/
PATH: /run/wrappers/bin/
PATH: /home/int16/.nix-profile/bin/
PATH: /nix/profile/bin/
PATH: /home/int16/.local/state/nix/profile/bin/
PATH: /etc/profiles/per-user/int16/bin/
PATH: /nix/var/nix/profiles/default/bin/
PATH: /run/current-system/sw/bin/
PATH: /nix/store/w3n8ij71zax4smb9c1aib5m89gip7hzs-nixd-2.9.1/bin/
PATH: /nix/store/mhi45zliliv6qhvhb8g5sycy3jpv47rf-nixfmt-1.3.1/bin/
PATH: /nix/store/kdhxl3rcgkzdff75drczidi1znnyl3r1-opencode-1.17.12/bin/
PATH: /nix/store/9p7k1w1dj1qzm6rmpb8apw4qq27mlqww-gopls-0.22.0/bin/
PATH: /nix/store/zvj0hl7rhh0ccr5vkcg3ijs3xm3sgyac-nodejs-24.16.0/bin/
PATH: /nix/store/k3wl6cg7q50zkx47af3msmg1yrg1f203-git-2.54.0/bin/
PATH: /nix/store/8z38cki4vvqpwm04dpz0gpf55kc1ynca-fd-10.4.2/bin/
PATH: /nix/store/gsl54xjirpdv7nnbn5l3zbaaz3plzfn1-nil-2025-06-13/bin/


## ----------- ##
## Core tests. ##
## ----------- ##

configure:2961: looking for aux files: compile config.guess config.sub missing install-sh
configure:2974:  trying .././
configure:3003:   .././compile found
configure:3003:   .././config.guess found
configure:3003:   .././config.sub found
configure:3003:   .././missing found
configure:2985:   .././install-sh found
configure:3161: checking for a BSD-compatible install
configure:3235: result: /run/current-system/sw/bin/install -c
configure:3246: checking whether sleep supports fractional seconds
configure:3262: result: yes
configure:3265: checking filesystem timestamp resolution
configure:3400: result: 0.01
configure:3405: checking whether build environment is sane
configure:3450: result: yes
configure:3621: checking for a race-free mkdir -p
configure:3664: result: /run/current-system/sw/bin/mkdir -p
configure:3671: checking for gawk
configure:3692: found /run/current-system/sw/bin/gawk
configure:3704: result: gawk
configure:3715: checking whether make sets $(MAKE)
configure:3739: result: yes
configure:3765: checking whether make supports nested variables
configure:3784: result: yes
configure:3798: checking xargs -n works
configure:3814: result: yes
configure:3899: checking whether UID '1000' is supported by ustar format
configure:3905: result: yes
configure:3912: checking whether GID '100' is supported by ustar format
configure:3918: result: yes
configure:3926: checking how to create a ustar tar archive
configure:3937: tar --version
tar (GNU tar) 1.35
Copyright (C) 2023 Free Software Foundation, Inc.
License GPLv3+: GNU GPL version 3 or later <https://gnu.org/licenses/gpl.html>.
This is free software: you are free to change and redistribute it.
There is NO WARRANTY, to the extent permitted by law.

Written by John Gilmore and Jay Fenlason.
configure:3940: $? = 0
configure:3980: tardir=conftest.dir && eval tar --format=ustar -chf - "$tardir" >conftest.tar
configure:3983: $? = 0
configure:3987: tar -xf - <conftest.tar
configure:3990: $? = 0
configure:3992: cat conftest.dir/file
GrepMe
configure:3995: $? = 0
configure:4010: result: gnutar
configure:4038: checking whether to enable maintainer-specific portions of Makefiles
configure:4049: result: no
configure:4068: checking build system type
configure:4084: result: x86_64-pc-linux-gnu
configure:4104: checking host system type
configure:4119: result: x86_64-pc-linux-gnu
configure:4211: checking for gcc
configure:4232: found /nix/store/qd70v8g0561vm8m33kmnp79z00cgyi5n-gcc-wrapper-15.2.0/bin/gcc
configure:4244: result: gcc
configure:4603: checking for C compiler version
configure:4612: gcc --version >&5
gcc (GCC) 15.2.0
Copyright (C) 2025 Free Software Foundation, Inc.
This is free software; see the source for copying conditions.  There is NO
warranty; not even for MERCHANTABILITY or FITNESS FOR A PARTICULAR PURPOSE.

configure:4623: $? = 0
configure:4612: gcc -v >&5
Using built-in specs.
COLLECT_GCC=/nix/store/sanx9fg8mry8mq92zhlm5qvb83qlxrlx-gcc-15.2.0/bin/gcc
COLLECT_LTO_WRAPPER=/nix/store/sanx9fg8mry8mq92zhlm5qvb83qlxrlx-gcc-15.2.0/libexec/gcc/x86_64-unknown-linux-gnu/15.2.0/lto-wrapper
Target: x86_64-unknown-linux-gnu
Configured with: ../gcc-15.2.0/configure --prefix=/nix/store/eeeeeeeeeeeeeeeeeeeeeeeeeeeeeeee-gcc-15.2.0 --with-gmp-include=/nix/store/eeeeeeeeeeeeeeeeeeeeeeeeeeeeeeee-gmp-6.3.0-dev/include --with-gmp-lib=/nix/store/eeeeeeeeeeeeeeeeeeeeeeeeeeeeeeee-gmp-6.3.0/lib --with-mpfr-include=/nix/store/eeeeeeeeeeeeeeeeeeeeeeeeeeeeeeee-mpfr-4.2.2-dev/include --with-mpfr-lib=/nix/store/eeeeeeeeeeeeeeeeeeeeeeeeeeeeeeee-mpfr-4.2.2/lib --with-mpc=/nix/store/eeeeeeeeeeeeeeeeeeeeeeeeeeeeeeee-libmpc-1.4.0 --with-native-system-header-dir=/nix/store/eeeeeeeeeeeeeeeeeeeeeeeeeeeeeeee-glibc-2.42-61-dev/include --with-build-sysroot=/ --with-gxx-include-dir=/nix/store/eeeeeeeeeeeeeeeeeeeeeeeeeeeeeeee-gcc-15.2.0/include/c++/15.2.0/ --program-prefix= --enable-lto --disable-libstdcxx-pch --without-included-gettext --with-system-zlib --enable-static --enable-languages=c,c++ --disable-multilib --enable-plugin --disable-libcc1 --with-isl=/nix/store/eeeeeeeeeeeeeeeeeeeeeeeeeeeeeeee-isl-0.20 --disable-bootstrap --enable-default-pie --build=x86_64-unknown-linux-gnu --host=x86_64-unknown-linux-gnu --target=x86_64-unknown-linux-gnu
Thread model: posix
Supported LTO compression algorithms: zlib
gcc version 15.2.0 (GCC) 
configure:4623: $? = 0
configure:4612: gcc -V >&5
gcc: error: unrecognized command-line option '-V'
gcc: fatal error: no input files
compilation terminated.
configure:4623: $? = 1
configure:4612: gcc -qversion >&5
gcc: error: unrecognized command-line option '-qversion'; did you mean '--version'?
gcc: fatal error: no input files
compilation terminated.
configure:4623: $? = 1
configure:4612: gcc -version >&5
gcc: error: unrecognized command-line option '-version'
gcc: fatal error: no input files
compilation terminated.
configure:4623: $? = 1
configure:4643: checking whether the C compiler works
configure:4665: gcc -std=gnu17 -O2 -g   conftest.c  >&5
configure:4669: $? = 0
configure:4720: result: yes
configure:4724: checking for C compiler default output file name
configure:4726: result: a.out
configure:4732: checking for suffix of executables
configure:4739: gcc -o conftest -std=gnu17 -O2 -g   conftest.c  >&5
configure:4743: $? = 0
configure:4767: result: 
configure:4791: checking whether we are cross compiling
configure:4799: gcc -o conftest -std=gnu17 -O2 -g   conftest.c  >&5
configure:4803: $? = 0
configure:4810: ./conftest
configure:4814: $? = 0
configure:4829: result: no
configure:4835: checking for suffix of object files
configure:4858: gcc -c -std=gnu17 -O2 -g  conftest.c >&5
configure:4862: $? = 0
configure:4886: result: o
configure:4890: checking whether the compiler supports GNU C
configure:4910: gcc -c -std=gnu17 -O2 -g  conftest.c >&5
configure:4910: $? = 0
configure:4922: result: yes
configure:4933: checking whether gcc accepts -g
configure:4954: gcc -c -g  conftest.c >&5
configure:4954: $? = 0
configure:5001: result: yes
configure:5021: checking for gcc option to enable C23 features
configure:5036: gcc  -c -std=gnu17 -O2 -g  conftest.c >&5
conftest.c:16:3: error: #error "Compiler advertises conformance to C17 or earlier"
   16 | # error "Compiler advertises conformance to C17 or earlier"
      |   ^~~~~
conftest.c: In function 'alignas':
conftest.c:20:23: error: expected declaration specifiers before 'c23_aligned_as_double'
   20 | char alignas (double) c23_aligned_as_double;
      |                       ^~~~~~~~~~~~~~~~~~~~~
conftest.c:21:15: error: expected declaration specifiers or '...' before numeric constant
   21 | char alignas (0) c23_no_special_alignment;
      |               ^
conftest.c:22:13: error: storage class specified for parameter 'c23_aligned_as_int'
   22 | extern char c23_aligned_as_int;
      |             ^~~~~~~~~~~~~~~~~~
conftest.c:23:15: error: expected declaration specifiers or '...' before numeric constant
   23 | char alignas (0) alignas (int) c23_aligned_as_int;
      |               ^
conftest.c:28:23: error: implicit declaration of function 'alignof'; did you mean 'alignas'? [-Wimplicit-function-declaration]
   28 |   c23_int_alignment = alignof (int),
      |                       ^~~~~~~
      |                       alignas
conftest.c:28:32: error: expected expression before 'int'
   28 |   c23_int_alignment = alignof (int),
      |                                ^~~
conftest.c:29:38: error: expected expression before 'int'
   29 |   c23_int_array_alignment = alignof (int[100]),
      |                                      ^~~
conftest.c:30:33: error: expected expression before 'char'
   30 |   c23_char_alignment = alignof (char)
      |                                 ^~~~
conftest.c:26:1: warning: empty declaration
   26 | enum
      | ^~~~
conftest.c:32:1: error: expected declaration specifiers before 'static_assert'
   32 | static_assert (0 < -alignof (int), "alignof is signed");
      | ^~~~~~~~~~~~~
conftest.c:34:43: error: expected '=', ',', ';', 'asm' or '__attribute__' before '{' token
   34 | int function_with_unnamed_parameter (int) { return 0; }
      |                                           ^
conftest.c:40:1: error: unknown type name 'bool'
   40 | bool use_u8 = (!sizeof u8"\xFF") == (!u8'x');
      | ^~~~
conftest.c:1:1: note: 'bool' is defined in header '<stdbool.h>'; this is probably fixable by adding '#include <stdbool.h>'
    1 | /* confdefs.h */
conftest.c:40:1: error: parameter 'use_u8' is initialized
   40 | bool use_u8 = (!sizeof u8"\xFF") == (!u8'x');
      | ^~~~
conftest.c:40:39: error: 'u8' undeclared (first use in this function)
   40 | bool use_u8 = (!sizeof u8"\xFF") == (!u8'x');
      |                                       ^~
conftest.c:40:39: note: each undeclared identifier is reported only once for each function it appears in
conftest.c:40:41: error: expected ')' before 'x'
   40 | bool use_u8 = (!sizeof u8"\xFF") == (!u8'x');
      |                                     ~   ^~~
      |                                         )
conftest.c:42:1: error: unknown type name 'bool'
   42 | bool check_that_bool_works = true | false | !nullptr;
      | ^~~~
conftest.c:42:1: note: 'bool' is defined in header '<stdbool.h>'; this is probably fixable by adding '#include <stdbool.h>'
conftest.c:42:1: error: parameter 'check_that_bool_works' is initialized
conftest.c:42:30: error: 'true' undeclared (first use in this function)
   42 | bool check_that_bool_works = true | false | !nullptr;
      |                              ^~~~
conftest.c:42:30: note: 'true' is defined in header '<stdbool.h>'; this is probably fixable by adding '#include <stdbool.h>'
conftest.c:42:37: error: 'false' undeclared (first use in this function)
   42 | bool check_that_bool_works = true | false | !nullptr;
      |                                     ^~~~~
conftest.c:42:37: note: 'false' is defined in header '<stdbool.h>'; this is probably fixable by adding '#include <stdbool.h>'
conftest.c:42:46: error: 'nullptr' undeclared (first use in this function)
   42 | bool check_that_bool_works = true | false | !nullptr;
      |                                              ^~~~~~~
conftest.c:44:3: error: #error "true does not work in #if"
   44 | # error "true does not work in #if"
      |   ^~~~~
conftest.c:63:1: error: expected declaration specifiers before 'static_assert'
   63 | static_assert (VA_OPT_TEST (LPAREN (), 0, <:-) == 42);
      | ^~~~~~~~~~~~~
conftest.c:65:1: error: expected declaration specifiers before 'static_assert'
   65 | static_assert (0b101010 == 42);
      | ^~~~~~~~~~~~~
conftest.c:66:1: error: expected declaration specifiers before 'static_assert'
   66 | static_assert (0B101010 == 42);
      | ^~~~~~~~~~~~~
conftest.c:67:1: error: expected declaration specifiers before 'static_assert'
   67 | static_assert (0xDEAD'BEEF == 3'735'928'559);
      | ^~~~~~~~~~~~~
conftest.c:67:22: warning: multi-character literal with 9 characters exceeds 'int' size of 4 bytes
   67 | static_assert (0xDEAD'BEEF == 3'735'928'559);
      |                      ^~~~~~~~~~~
conftest.c:67:36: warning: multi-character character constant [-Wmultichar]
   67 | static_assert (0xDEAD'BEEF == 3'735'928'559);
      |                                    ^~~~~
conftest.c:68:1: error: expected declaration specifiers before 'static_assert'
   68 | static_assert (0.500'000'000 == 0.5);
      | ^~~~~~~~~~~~~
conftest.c:68:21: warning: multi-character character constant [-Wmultichar]
   68 | static_assert (0.500'000'000 == 0.5);
      |                     ^~~~~
conftest.c:70:1: warning: empty declaration
   70 | enum unsignedish : unsigned int { uione = 1 };
      | ^~~~
conftest.c:71:1: error: expected declaration specifiers before 'static_assert'
   71 | static_assert (0 < -uione);
      | ^~~~~~~~~~~~~
In file included from conftest.c:73:
/nix/store/sanx9fg8mry8mq92zhlm5qvb83qlxrlx-gcc-15.2.0/lib/gcc/x86_64-unknown-linux-gnu/15.2.0/include/stddef.h:160:26: error: storage class specified for parameter 'ptrdiff_t'
  160 | typedef __PTRDIFF_TYPE__ ptrdiff_t;
      |                          ^~~~~~~~~
/nix/store/sanx9fg8mry8mq92zhlm5qvb83qlxrlx-gcc-15.2.0/lib/gcc/x86_64-unknown-linux-gnu/15.2.0/include/stddef.h:229:23: error: storage class specified for parameter 'size_t'
  229 | typedef __SIZE_TYPE__ size_t;
      |                       ^~~~~~
/nix/store/sanx9fg8mry8mq92zhlm5qvb83qlxrlx-gcc-15.2.0/lib/gcc/x86_64-unknown-linux-gnu/15.2.0/include/stddef.h:344:24: error: storage class specified for parameter 'wchar_t'
  344 | typedef __WCHAR_TYPE__ wchar_t;
      |                        ^~~~~~~
/nix/store/sanx9fg8mry8mq92zhlm5qvb83qlxrlx-gcc-15.2.0/lib/gcc/x86_64-unknown-linux-gnu/15.2.0/include/stddef.h:451:3: error: storage class specified for parameter 'max_align_t'
  451 | } max_align_t;
      |   ^~~~~~~~~~~
conftest.c:74:1: error: unknown type name 'constexpr'
   74 | constexpr nullptr_t null_pointer = nullptr;
      | ^~~~~~~~~
conftest.c:74:21: error: expected '=', ',', ';', 'asm' or '__attribute__' before 'null_pointer'
   74 | constexpr nullptr_t null_pointer = nullptr;
      |                     ^~~~~~~~~~~~
conftest.c:76:31: error: expected '=', ',', ';', 'asm' or '__attribute__' before '{' token
   76 | static typeof (1 + 1L) two () { return 2; }
      |                               ^
conftest.c:77:26: error: expected '=', ',', ';', 'asm' or '__attribute__' before '{' token
   77 | static long int three () { return 3; }
      |                          ^
conftest.c:82:1: error: expected '=', ',', ';', 'asm' or '__attribute__' before '{' token
   82 | {
      | ^
conftest.c:20:6: error: old-style parameter declarations in prototyped function definition
   20 | char alignas (double) c23_aligned_as_double;
      |      ^~~~~~~
conftest.c:100: error: expected '{' at end of input
configure:5036: $? = 1
configure: failed program was:
| /* confdefs.h */
| #define PACKAGE_NAME "strace"
| #define PACKAGE_TARNAME "strace"
| #define PACKAGE_VERSION "UNKNOWN"
| #define PACKAGE_STRING "strace UNKNOWN"
| #define PACKAGE_BUGREPORT "strace-devel@lists.sourceforge.net"
| #define PACKAGE_URL "https://strace.io"
| #define PACKAGE "strace"
| #define VERSION "UNKNOWN"
| /* end confdefs.h.  */
| 
| /* Does the compiler advertise conformance to C17 or earlier?
|    Although GCC 14 does not do that, even with -std=gnu23,
|    it is close enough, and defines __STDC_VERSION == 202000L.  */
| #if !defined __STDC_VERSION__ || __STDC_VERSION__ <= 201710L
| # error "Compiler advertises conformance to C17 or earlier"
| #endif
| 
| // Check alignas.
| char alignas (double) c23_aligned_as_double;
| char alignas (0) c23_no_special_alignment;
| extern char c23_aligned_as_int;
| char alignas (0) alignas (int) c23_aligned_as_int;
| 
| // Check alignof.
| enum
| {
|   c23_int_alignment = alignof (int),
|   c23_int_array_alignment = alignof (int[100]),
|   c23_char_alignment = alignof (char)
| };
| static_assert (0 < -alignof (int), "alignof is signed");
| 
| int function_with_unnamed_parameter (int) { return 0; }
| 
| void c23_noreturn ();
| 
| /* Test parsing of string and char UTF-8 literals (including hex escapes).
|    The parens pacify GCC 15.  */
| bool use_u8 = (!sizeof u8"\xFF") == (!u8'x');
| 
| bool check_that_bool_works = true | false | !nullptr;
| #if !true
| # error "true does not work in #if"
| #endif
| #if false
| #elifdef __STDC_VERSION__
| #else
| # error "#elifdef does not work"
| #endif
| 
| #ifndef __has_c_attribute
| # error "__has_c_attribute not defined"
| #endif
| 
| #ifndef __has_include
| # error "__has_include not defined"
| #endif
| 
| #define LPAREN() (
| #define FORTY_TWO(x) 42
| #define VA_OPT_TEST(r, x, ...) __VA_OPT__ (FORTY_TWO r x))
| static_assert (VA_OPT_TEST (LPAREN (), 0, <:-) == 42);
| 
| static_assert (0b101010 == 42);
| static_assert (0B101010 == 42);
| static_assert (0xDEAD'BEEF == 3'735'928'559);
| static_assert (0.500'000'000 == 0.5);
| 
| enum unsignedish : unsigned int { uione = 1 };
| static_assert (0 < -uione);
| 
| #include <stddef.h>
| constexpr nullptr_t null_pointer = nullptr;
| 
| static typeof (1 + 1L) two () { return 2; }
| static long int three () { return 3; }
| 
| 
| int
| main (int, char **)
| {
|   int ok = 0;
|   
|   {
|     label_before_declaration:
|       int arr[10] = {};
|       if (arr[0])
|         goto label_before_declaration;
|       if (!arr[0])
|         goto label_at_end_of_block;
|     label_at_end_of_block:
|   }
|   ok |= !null_pointer;
|   ok |= two != three;
| 
|   return ok;
| }
| 
configure:5036: gcc -std=gnu23 -c -std=gnu17 -O2 -g  conftest.c >&5
conftest.c:16:3: error: #error "Compiler advertises conformance to C17 or earlier"
   16 | # error "Compiler advertises conformance to C17 or earlier"
      |   ^~~~~
conftest.c: In function 'alignas':
conftest.c:20:23: error: expected declaration specifiers before 'c23_aligned_as_double'
   20 | char alignas (double) c23_aligned_as_double;
      |                       ^~~~~~~~~~~~~~~~~~~~~
conftest.c:21:15: error: expected declaration specifiers or '...' before numeric constant
   21 | char alignas (0) c23_no_special_alignment;
      |               ^
conftest.c:22:13: error: storage class specified for parameter 'c23_aligned_as_int'
   22 | extern char c23_aligned_as_int;
      |             ^~~~~~~~~~~~~~~~~~
conftest.c:23:15: error: expected declaration specifiers or '...' before numeric constant
   23 | char alignas (0) alignas (int) c23_aligned_as_int;
      |               ^
conftest.c:28:23: error: implicit declaration of function 'alignof'; did you mean 'alignas'? [-Wimplicit-function-declaration]
   28 |   c23_int_alignment = alignof (int),
      |                       ^~~~~~~
      |                       alignas
conftest.c:28:32: error: expected expression before 'int'
   28 |   c23_int_alignment = alignof (int),
      |                                ^~~
conftest.c:29:38: error: expected expression before 'int'
   29 |   c23_int_array_alignment = alignof (int[100]),
      |                                      ^~~
conftest.c:30:33: error: expected expression before 'char'
   30 |   c23_char_alignment = alignof (char)
      |                                 ^~~~
conftest.c:26:1: warning: empty declaration
   26 | enum
      | ^~~~
conftest.c:32:1: error: expected declaration specifiers before 'static_assert'
   32 | static_assert (0 < -alignof (int), "alignof is signed");
      | ^~~~~~~~~~~~~
conftest.c:34:43: error: expected '=', ',', ';', 'asm' or '__attribute__' before '{' token
   34 | int function_with_unnamed_parameter (int) { return 0; }
      |                                           ^
conftest.c:40:1: error: unknown type name 'bool'
   40 | bool use_u8 = (!sizeof u8"\xFF") == (!u8'x');
      | ^~~~
conftest.c:1:1: note: 'bool' is defined in header '<stdbool.h>'; this is probably fixable by adding '#include <stdbool.h>'
    1 | /* confdefs.h */
conftest.c:40:1: error: parameter 'use_u8' is initialized
   40 | bool use_u8 = (!sizeof u8"\xFF") == (!u8'x');
      | ^~~~
conftest.c:40:39: error: 'u8' undeclared (first use in this function)
   40 | bool use_u8 = (!sizeof u8"\xFF") == (!u8'x');
      |                                       ^~
conftest.c:40:39: note: each undeclared identifier is reported only once for each function it appears in
conftest.c:40:41: error: expected ')' before 'x'
   40 | bool use_u8 = (!sizeof u8"\xFF") == (!u8'x');
      |                                     ~   ^~~
      |                                         )
conftest.c:42:1: error: unknown type name 'bool'
   42 | bool check_that_bool_works = true | false | !nullptr;
      | ^~~~
conftest.c:42:1: note: 'bool' is defined in header '<stdbool.h>'; this is probably fixable by adding '#include <stdbool.h>'
conftest.c:42:1: error: parameter 'check_that_bool_works' is initialized
conftest.c:42:30: error: 'true' undeclared (first use in this function)
   42 | bool check_that_bool_works = true | false | !nullptr;
      |                              ^~~~
conftest.c:42:30: note: 'true' is defined in header '<stdbool.h>'; this is probably fixable by adding '#include <stdbool.h>'
conftest.c:42:37: error: 'false' undeclared (first use in this function)
   42 | bool check_that_bool_works = true | false | !nullptr;
      |                                     ^~~~~
conftest.c:42:37: note: 'false' is defined in header '<stdbool.h>'; this is probably fixable by adding '#include <stdbool.h>'
conftest.c:42:46: error: 'nullptr' undeclared (first use in this function)
   42 | bool check_that_bool_works = true | false | !nullptr;
      |                                              ^~~~~~~
conftest.c:44:3: error: #error "true does not work in #if"
   44 | # error "true does not work in #if"
      |   ^~~~~
conftest.c:63:1: error: expected declaration specifiers before 'static_assert'
   63 | static_assert (VA_OPT_TEST (LPAREN (), 0, <:-) == 42);
      | ^~~~~~~~~~~~~
conftest.c:65:1: error: expected declaration specifiers before 'static_assert'
   65 | static_assert (0b101010 == 42);
      | ^~~~~~~~~~~~~
conftest.c:66:1: error: expected declaration specifiers before 'static_assert'
   66 | static_assert (0B101010 == 42);
      | ^~~~~~~~~~~~~
conftest.c:67:1: error: expected declaration specifiers before 'static_assert'
   67 | static_assert (0xDEAD'BEEF == 3'735'928'559);
      | ^~~~~~~~~~~~~
conftest.c:67:22: warning: multi-character literal with 9 characters exceeds 'int' size of 4 bytes
   67 | static_assert (0xDEAD'BEEF == 3'735'928'559);
      |                      ^~~~~~~~~~~
conftest.c:67:36: warning: multi-character character constant [-Wmultichar]
   67 | static_assert (0xDEAD'BEEF == 3'735'928'559);
      |                                    ^~~~~
conftest.c:68:1: error: expected declaration specifiers before 'static_assert'
   68 | static_assert (0.500'000'000 == 0.5);
      | ^~~~~~~~~~~~~
conftest.c:68:21: warning: multi-character character constant [-Wmultichar]
   68 | static_assert (0.500'000'000 == 0.5);
      |                     ^~~~~
conftest.c:70:1: warning: empty declaration
   70 | enum unsignedish : unsigned int { uione = 1 };
      | ^~~~
conftest.c:71:1: error: expected declaration specifiers before 'static_assert'
   71 | static_assert (0 < -uione);
      | ^~~~~~~~~~~~~
In file included from conftest.c:73:
/nix/store/sanx9fg8mry8mq92zhlm5qvb83qlxrlx-gcc-15.2.0/lib/gcc/x86_64-unknown-linux-gnu/15.2.0/include/stddef.h:160:26: error: storage class specified for parameter 'ptrdiff_t'
  160 | typedef __PTRDIFF_TYPE__ ptrdiff_t;
      |                          ^~~~~~~~~
/nix/store/sanx9fg8mry8mq92zhlm5qvb83qlxrlx-gcc-15.2.0/lib/gcc/x86_64-unknown-linux-gnu/15.2.0/include/stddef.h:229:23: error: storage class specified for parameter 'size_t'
  229 | typedef __SIZE_TYPE__ size_t;
      |                       ^~~~~~
/nix/store/sanx9fg8mry8mq92zhlm5qvb83qlxrlx-gcc-15.2.0/lib/gcc/x86_64-unknown-linux-gnu/15.2.0/include/stddef.h:344:24: error: storage class specified for parameter 'wchar_t'
  344 | typedef __WCHAR_TYPE__ wchar_t;
      |                        ^~~~~~~
/nix/store/sanx9fg8mry8mq92zhlm5qvb83qlxrlx-gcc-15.2.0/lib/gcc/x86_64-unknown-linux-gnu/15.2.0/include/stddef.h:451:3: error: storage class specified for parameter 'max_align_t'
  451 | } max_align_t;
      |   ^~~~~~~~~~~
conftest.c:74:1: error: unknown type name 'constexpr'
   74 | constexpr nullptr_t null_pointer = nullptr;
      | ^~~~~~~~~
conftest.c:74:21: error: expected '=', ',', ';', 'asm' or '__attribute__' before 'null_pointer'
   74 | constexpr nullptr_t null_pointer = nullptr;
      |                     ^~~~~~~~~~~~
conftest.c:76:31: error: expected '=', ',', ';', 'asm' or '__attribute__' before '{' token
   76 | static typeof (1 + 1L) two () { return 2; }
      |                               ^
conftest.c:77:26: error: expected '=', ',', ';', 'asm' or '__attribute__' before '{' token
   77 | static long int three () { return 3; }
      |                          ^
conftest.c:82:1: error: expected '=', ',', ';', 'asm' or '__attribute__' before '{' token
   82 | {
      | ^
conftest.c:20:6: error: old-style parameter declarations in prototyped function definition
   20 | char alignas (double) c23_aligned_as_double;
      |      ^~~~~~~
conftest.c:100: error: expected '{' at end of input
configure:5036: $? = 1
configure: failed program was:
| /* confdefs.h */
| #define PACKAGE_NAME "strace"
| #define PACKAGE_TARNAME "strace"
| #define PACKAGE_VERSION "UNKNOWN"
| #define PACKAGE_STRING "strace UNKNOWN"
| #define PACKAGE_BUGREPORT "strace-devel@lists.sourceforge.net"
| #define PACKAGE_URL "https://strace.io"
| #define PACKAGE "strace"
| #define VERSION "UNKNOWN"
| /* end confdefs.h.  */
| 
| /* Does the compiler advertise conformance to C17 or earlier?
|    Although GCC 14 does not do that, even with -std=gnu23,
|    it is close enough, and defines __STDC_VERSION == 202000L.  */
| #if !defined __STDC_VERSION__ || __STDC_VERSION__ <= 201710L
| # error "Compiler advertises conformance to C17 or earlier"
| #endif
| 
| // Check alignas.
| char alignas (double) c23_aligned_as_double;
| char alignas (0) c23_no_special_alignment;
| extern char c23_aligned_as_int;
| char alignas (0) alignas (int) c23_aligned_as_int;
| 
| // Check alignof.
| enum
| {
|   c23_int_alignment = alignof (int),
|   c23_int_array_alignment = alignof (int[100]),
|   c23_char_alignment = alignof (char)
| };
| static_assert (0 < -alignof (int), "alignof is signed");
| 
| int function_with_unnamed_parameter (int) { return 0; }
| 
| void c23_noreturn ();
| 
| /* Test parsing of string and char UTF-8 literals (including hex escapes).
|    The parens pacify GCC 15.  */
| bool use_u8 = (!sizeof u8"\xFF") == (!u8'x');
| 
| bool check_that_bool_works = true | false | !nullptr;
| #if !true
| # error "true does not work in #if"
| #endif
| #if false
| #elifdef __STDC_VERSION__
| #else
| # error "#elifdef does not work"
| #endif
| 
| #ifndef __has_c_attribute
| # error "__has_c_attribute not defined"
| #endif
| 
| #ifndef __has_include
| # error "__has_include not defined"
| #endif
| 
| #define LPAREN() (
| #define FORTY_TWO(x) 42
| #define VA_OPT_TEST(r, x, ...) __VA_OPT__ (FORTY_TWO r x))
| static_assert (VA_OPT_TEST (LPAREN (), 0, <:-) == 42);
| 
| static_assert (0b101010 == 42);
| static_assert (0B101010 == 42);
| static_assert (0xDEAD'BEEF == 3'735'928'559);
| static_assert (0.500'000'000 == 0.5);
| 
| enum unsignedish : unsigned int { uione = 1 };
| static_assert (0 < -uione);
| 
| #include <stddef.h>
| constexpr nullptr_t null_pointer = nullptr;
| 
| static typeof (1 + 1L) two () { return 2; }
| static long int three () { return 3; }
| 
| 
| int
| main (int, char **)
| {
|   int ok = 0;
|   
|   {
|     label_before_declaration:
|       int arr[10] = {};
|       if (arr[0])
|         goto label_before_declaration;
|       if (!arr[0])
|         goto label_at_end_of_block;
|     label_at_end_of_block:
|   }
|   ok |= !null_pointer;
|   ok |= two != three;
| 
|   return ok;
| }
| 
configure:5050: result: unsupported
configure:5070: checking for gcc option to enable C11 features
configure:5085: gcc  -c -std=gnu17 -O2 -g  conftest.c >&5
configure:5085: $? = 0
configure:5104: result: none needed
configure:5228: checking whether gcc understands -c and -o together
configure:5251: gcc -c conftest.c -o conftest2.o
configure:5254: $? = 0
configure:5251: gcc -c conftest.c -o conftest2.o
configure:5254: $? = 0
configure:5270: result: yes
configure:5290: checking whether make supports the include directive
configure:5305: make -f confmf.GNU && cat confinc.out
this is the am__doit target
configure:5308: $? = 0
configure:5327: result: yes (GNU style)
configure:5353: checking dependency style of gcc
configure:5466: result: gcc3
configure:5486: checking how to run the C preprocessor
configure:5512: gcc -E  conftest.c
configure:5512: $? = 0
configure:5528: gcc -E  conftest.c
conftest.c:11:10: fatal error: ac_nonexistent.h: No such file or directory
   11 | #include <ac_nonexistent.h>
      |          ^~~~~~~~~~~~~~~~~~
compilation terminated.
configure:5528: $? = 1
configure: failed program was:
| /* confdefs.h */
| #define PACKAGE_NAME "strace"
| #define PACKAGE_TARNAME "strace"
| #define PACKAGE_VERSION "UNKNOWN"
| #define PACKAGE_STRING "strace UNKNOWN"
| #define PACKAGE_BUGREPORT "strace-devel@lists.sourceforge.net"
| #define PACKAGE_URL "https://strace.io"
| #define PACKAGE "strace"
| #define VERSION "UNKNOWN"
| /* end confdefs.h.  */
| #include <ac_nonexistent.h>
configure:5557: result: gcc -E
configure:5571: gcc -E  conftest.c
configure:5571: $? = 0
configure:5587: gcc -E  conftest.c
conftest.c:11:10: fatal error: ac_nonexistent.h: No such file or directory
   11 | #include <ac_nonexistent.h>
      |          ^~~~~~~~~~~~~~~~~~
compilation terminated.
configure:5587: $? = 1
configure: failed program was:
| /* confdefs.h */
| #define PACKAGE_NAME "strace"
| #define PACKAGE_TARNAME "strace"
| #define PACKAGE_VERSION "UNKNOWN"
| #define PACKAGE_STRING "strace UNKNOWN"
| #define PACKAGE_BUGREPORT "strace-devel@lists.sourceforge.net"
| #define PACKAGE_URL "https://strace.io"
| #define PACKAGE "strace"
| #define VERSION "UNKNOWN"
| /* end confdefs.h.  */
| #include <ac_nonexistent.h>
configure:5622: checking whether gcc handles -Werror -Wunknown-warning-option
configure:5642: gcc -o conftest -std=gnu17 -O2 -g  -Werror -Wunknown-warning-option   conftest.c  >&5
gcc: error: unrecognized command-line option '-Wunknown-warning-option'
configure:5642: $? = 1
configure: failed program was:
| /* confdefs.h */
| #define PACKAGE_NAME "strace"
| #define PACKAGE_TARNAME "strace"
| #define PACKAGE_VERSION "UNKNOWN"
| #define PACKAGE_STRING "strace UNKNOWN"
| #define PACKAGE_BUGREPORT "strace-devel@lists.sourceforge.net"
| #define PACKAGE_URL "https://strace.io"
| #define PACKAGE "strace"
| #define VERSION "UNKNOWN"
| /* end confdefs.h.  */
| 
| int
| main (void)
| {
| 
|   ;
|   return 0;
| }
configure:5655: result: no
configure:5668: checking whether gcc handles -Wall
configure:5688: gcc -o conftest -std=gnu17 -O2 -g  -Wall   conftest.c  >&5
configure:5688: $? = 0
configure:5701: result: yes
configure:5757: checking whether gcc handles -Wempty-body
configure:5777: gcc -o conftest -std=gnu17 -O2 -g  -Wempty-body   conftest.c  >&5
configure:5777: $? = 0
configure:5790: result: yes
configure:5846: checking whether gcc handles -Wformat-security
configure:5866: gcc -o conftest -std=gnu17 -O2 -g  -Wformat-security   conftest.c  >&5
cc1: warning: '-Wformat-security' ignored without '-Wformat' [-Wformat-security]
configure:5866: $? = 0
configure:5879: result: yes
configure:5935: checking whether gcc handles -Wignored-qualifiers
configure:5955: gcc -o conftest -std=gnu17 -O2 -g  -Wignored-qualifiers   conftest.c  >&5
configure:5955: $? = 0
configure:5968: result: yes
configure:6024: checking whether gcc handles -Winit-self
configure:6044: gcc -o conftest -std=gnu17 -O2 -g  -Winit-self   conftest.c  >&5
configure:6044: $? = 0
configure:6057: result: yes
configure:6113: checking whether gcc handles -Wlogical-op
configure:6133: gcc -o conftest -std=gnu17 -O2 -g  -Wlogical-op   conftest.c  >&5
configure:6133: $? = 0
configure:6146: result: yes
configure:6202: checking whether gcc handles -Wmissing-parameter-type
configure:6222: gcc -o conftest -std=gnu17 -O2 -g  -Wmissing-parameter-type   conftest.c  >&5
configure:6222: $? = 0
configure:6235: result: yes
configure:6291: checking whether gcc handles -Wnested-externs
configure:6311: gcc -o conftest -std=gnu17 -O2 -g  -Wnested-externs   conftest.c  >&5
configure:6311: $? = 0
configure:6324: result: yes
configure:6380: checking whether gcc handles -Wold-style-declaration
configure:6400: gcc -o conftest -std=gnu17 -O2 -g  -Wold-style-declaration   conftest.c  >&5
configure:6400: $? = 0
configure:6413: result: yes
configure:6469: checking whether gcc handles -Wold-style-definition
configure:6489: gcc -o conftest -std=gnu17 -O2 -g  -Wold-style-definition   conftest.c  >&5
configure:6489: $? = 0
configure:6502: result: yes
configure:6558: checking whether gcc handles -Wsign-compare
configure:6578: gcc -o conftest -std=gnu17 -O2 -g  -Wsign-compare   conftest.c  >&5
configure:6578: $? = 0
configure:6591: result: yes
configure:6647: checking whether gcc handles -Wtype-limits
configure:6667: gcc -o conftest -std=gnu17 -O2 -g  -Wtype-limits   conftest.c  >&5
configure:6667: $? = 0
configure:6680: result: yes
configure:6736: checking whether gcc handles -Wwrite-strings
configure:6756: gcc -o conftest -std=gnu17 -O2 -g  -Wwrite-strings   conftest.c  >&5
configure:6756: $? = 0
configure:6769: result: yes
configure:6938: looking for a C compiler that generates native executables
configure:6994: checking for gcc
configure:7015: found /nix/store/qd70v8g0561vm8m33kmnp79z00cgyi5n-gcc-wrapper-15.2.0/bin/gcc
configure:7027: result: gcc
configure:7386: checking for C compiler version
configure:7395: gcc --version >&5
gcc (GCC) 15.2.0
Copyright (C) 2025 Free Software Foundation, Inc.
This is free software; see the source for copying conditions.  There is NO
warranty; not even for MERCHANTABILITY or FITNESS FOR A PARTICULAR PURPOSE.

configure:7406: $? = 0
configure:7395: gcc -v >&5
Using built-in specs.
COLLECT_GCC=/nix/store/sanx9fg8mry8mq92zhlm5qvb83qlxrlx-gcc-15.2.0/bin/gcc
COLLECT_LTO_WRAPPER=/nix/store/sanx9fg8mry8mq92zhlm5qvb83qlxrlx-gcc-15.2.0/libexec/gcc/x86_64-unknown-linux-gnu/15.2.0/lto-wrapper
Target: x86_64-unknown-linux-gnu
Configured with: ../gcc-15.2.0/configure --prefix=/nix/store/eeeeeeeeeeeeeeeeeeeeeeeeeeeeeeee-gcc-15.2.0 --with-gmp-include=/nix/store/eeeeeeeeeeeeeeeeeeeeeeeeeeeeeeee-gmp-6.3.0-dev/include --with-gmp-lib=/nix/store/eeeeeeeeeeeeeeeeeeeeeeeeeeeeeeee-gmp-6.3.0/lib --with-mpfr-include=/nix/store/eeeeeeeeeeeeeeeeeeeeeeeeeeeeeeee-mpfr-4.2.2-dev/include --with-mpfr-lib=/nix/store/eeeeeeeeeeeeeeeeeeeeeeeeeeeeeeee-mpfr-4.2.2/lib --with-mpc=/nix/store/eeeeeeeeeeeeeeeeeeeeeeeeeeeeeeee-libmpc-1.4.0 --with-native-system-header-dir=/nix/store/eeeeeeeeeeeeeeeeeeeeeeeeeeeeeeee-glibc-2.42-61-dev/include --with-build-sysroot=/ --with-gxx-include-dir=/nix/store/eeeeeeeeeeeeeeeeeeeeeeeeeeeeeeee-gcc-15.2.0/include/c++/15.2.0/ --program-prefix= --enable-lto --disable-libstdcxx-pch --without-included-gettext --with-system-zlib --enable-static --enable-languages=c,c++ --disable-multilib --enable-plugin --disable-libcc1 --with-isl=/nix/store/eeeeeeeeeeeeeeeeeeeeeeeeeeeeeeee-isl-0.20 --disable-bootstrap --enable-default-pie --build=x86_64-unknown-linux-gnu --host=x86_64-unknown-linux-gnu --target=x86_64-unknown-linux-gnu
Thread model: posix
Supported LTO compression algorithms: zlib
gcc version 15.2.0 (GCC) 
configure:7406: $? = 0
configure:7395: gcc -V >&5
gcc: error: unrecognized command-line option '-V'
gcc: fatal error: no input files
compilation terminated.
configure:7406: $? = 1
configure:7395: gcc -qversion >&5
gcc: error: unrecognized command-line option '-qversion'; did you mean '--version'?
gcc: fatal error: no input files
compilation terminated.
configure:7406: $? = 1
configure:7395: gcc -version >&5
gcc: error: unrecognized command-line option '-version'
gcc: fatal error: no input files
compilation terminated.
configure:7406: $? = 1
configure:7410: checking whether the compiler supports GNU C
configure:7430: gcc -c   conftest.c >&5
configure:7430: $? = 0
configure:7442: result: yes
configure:7453: checking whether gcc accepts -g
configure:7474: gcc -c -g  conftest.c >&5
configure:7474: $? = 0
configure:7521: result: yes
configure:7541: checking for gcc option to enable C23 features
configure:7570: result: unsupported
configure:7590: checking for gcc option to enable C11 features
configure:7605: gcc  -c -g -O2  conftest.c >&5
configure:7605: $? = 0
configure:7624: result: none needed
configure:7748: checking whether gcc understands -c and -o together
configure:7771: gcc -c conftest.c -o conftest2.
configure:7774: $? = 0
configure:7771: gcc -c conftest.c -o conftest2.
configure:7774: $? = 0
configure:7790: result: yes
configure:7809: checking dependency style of gcc
configure:7922: result: gcc3
configure:7942: checking how to run the C preprocessor
configure:7968: gcc -E  conftest.c
configure:7968: $? = 0
configure:7984: gcc -E  conftest.c
conftest.c:11:10: fatal error: ac_nonexistent.h: No such file or directory
   11 | #include <ac_nonexistent.h>
      |          ^~~~~~~~~~~~~~~~~~
compilation terminated.
configure:7984: $? = 1
configure: failed program was:
| /* confdefs.h */
| #define PACKAGE_NAME "strace"
| #define PACKAGE_TARNAME "strace"
| #define PACKAGE_VERSION "UNKNOWN"
| #define PACKAGE_STRING "strace UNKNOWN"
| #define PACKAGE_BUGREPORT "strace-devel@lists.sourceforge.net"
| #define PACKAGE_URL "https://strace.io"
| #define PACKAGE "strace"
| #define VERSION "UNKNOWN"
| /* end confdefs.h.  */
| #include <ac_nonexistent.h>
configure:8013: result: gcc -E
configure:8027: gcc -E  conftest.c
configure:8027: $? = 0
configure:8043: gcc -E  conftest.c
conftest.c:11:10: fatal error: ac_nonexistent.h: No such file or directory
   11 | #include <ac_nonexistent.h>
      |          ^~~~~~~~~~~~~~~~~~
compilation terminated.
configure:8043: $? = 1
configure: failed program was:
| /* confdefs.h */
| #define PACKAGE_NAME "strace"
| #define PACKAGE_TARNAME "strace"
| #define PACKAGE_VERSION "UNKNOWN"
| #define PACKAGE_STRING "strace UNKNOWN"
| #define PACKAGE_BUGREPORT "strace-devel@lists.sourceforge.net"
| #define PACKAGE_URL "https://strace.io"
| #define PACKAGE "strace"
| #define VERSION "UNKNOWN"
| /* end confdefs.h.  */
| #include <ac_nonexistent.h>
configure:8079: checking whether gcc handles -Werror -Wunknown-warning-option
configure:8099: gcc -o conftest -g -O2  -Werror -Wunknown-warning-option   conftest.c  >&5
gcc: error: unrecognized command-line option '-Wunknown-warning-option'
configure:8099: $? = 1
configure: failed program was:
| /* confdefs.h */
| #define PACKAGE_NAME "strace"
| #define PACKAGE_TARNAME "strace"
| #define PACKAGE_VERSION "UNKNOWN"
| #define PACKAGE_STRING "strace UNKNOWN"
| #define PACKAGE_BUGREPORT "strace-devel@lists.sourceforge.net"
| #define PACKAGE_URL "https://strace.io"
| #define PACKAGE "strace"
| #define VERSION "UNKNOWN"
| /* end confdefs.h.  */
| 
| int
| main (void)
| {
| 
|   ;
|   return 0;
| }
configure:8112: result: no
configure:8125: checking whether gcc handles -Wall
configure:8145: gcc -o conftest -g -O2  -Wall   conftest.c  >&5
configure:8145: $? = 0
configure:8158: result: yes
configure:8214: checking whether gcc handles -Wempty-body
configure:8234: gcc -o conftest -g -O2  -Wempty-body   conftest.c  >&5
configure:8234: $? = 0
configure:8247: result: yes
configure:8303: checking whether gcc handles -Wformat-security
configure:8323: gcc -o conftest -g -O2  -Wformat-security   conftest.c  >&5
cc1: warning: '-Wformat-security' ignored without '-Wformat' [-Wformat-security]
configure:8323: $? = 0
configure:8336: result: yes
configure:8392: checking whether gcc handles -Wignored-qualifiers
configure:8412: gcc -o conftest -g -O2  -Wignored-qualifiers   conftest.c  >&5
configure:8412: $? = 0
configure:8425: result: yes
configure:8481: checking whether gcc handles -Winit-self
configure:8501: gcc -o conftest -g -O2  -Winit-self   conftest.c  >&5
configure:8501: $? = 0
configure:8514: result: yes
configure:8570: checking whether gcc handles -Wlogical-op
configure:8590: gcc -o conftest -g -O2  -Wlogical-op   conftest.c  >&5
configure:8590: $? = 0
configure:8603: result: yes
configure:8659: checking whether gcc handles -Wmissing-parameter-type
configure:8679: gcc -o conftest -g -O2  -Wmissing-parameter-type   conftest.c  >&5
configure:8679: $? = 0
configure:8692: result: yes
configure:8748: checking whether gcc handles -Wnested-externs
configure:8768: gcc -o conftest -g -O2  -Wnested-externs   conftest.c  >&5
configure:8768: $? = 0
configure:8781: result: yes
configure:8837: checking whether gcc handles -Wold-style-declaration
configure:8857: gcc -o conftest -g -O2  -Wold-style-declaration   conftest.c  >&5
configure:8857: $? = 0
configure:8870: result: yes
configure:8926: checking whether gcc handles -Wold-style-definition
configure:8946: gcc -o conftest -g -O2  -Wold-style-definition   conftest.c  >&5
configure:8946: $? = 0
configure:8959: result: yes
configure:9015: checking whether gcc handles -Wsign-compare
configure:9035: gcc -o conftest -g -O2  -Wsign-compare   conftest.c  >&5
configure:9035: $? = 0
configure:9048: result: yes
configure:9104: checking whether gcc handles -Wtype-limits
configure:9124: gcc -o conftest -g -O2  -Wtype-limits   conftest.c  >&5
configure:9124: $? = 0
configure:9137: result: yes
configure:9193: checking whether gcc handles -Wwrite-strings
configure:9213: gcc -o conftest -g -O2  -Wwrite-strings   conftest.c  >&5
configure:9213: $? = 0
configure:9226: result: yes
configure:9446: checking for ranlib
configure:9467: found /nix/store/qd70v8g0561vm8m33kmnp79z00cgyi5n-gcc-wrapper-15.2.0/bin/ranlib
configure:9479: result: ranlib
configure:9506: checking for stdio.h
configure:9506: gcc -c -std=gnu17 -O2 -g  conftest.c >&5
configure:9506: $? = 0
configure:9506: result: yes
configure:9506: checking for stdlib.h
configure:9506: gcc -c -std=gnu17 -O2 -g  conftest.c >&5
configure:9506: $? = 0
configure:9506: result: yes
configure:9506: checking for string.h
configure:9506: gcc -c -std=gnu17 -O2 -g  conftest.c >&5
configure:9506: $? = 0
configure:9506: result: yes
configure:9506: checking for inttypes.h
configure:9506: gcc -c -std=gnu17 -O2 -g  conftest.c >&5
configure:9506: $? = 0
configure:9506: result: yes
configure:9506: checking for stdint.h
configure:9506: gcc -c -std=gnu17 -O2 -g  conftest.c >&5
configure:9506: $? = 0
configure:9506: result: yes
configure:9506: checking for strings.h
configure:9506: gcc -c -std=gnu17 -O2 -g  conftest.c >&5
configure:9506: $? = 0
configure:9506: result: yes
configure:9506: checking for sys/stat.h
configure:9506: gcc -c -std=gnu17 -O2 -g  conftest.c >&5
configure:9506: $? = 0
configure:9506: result: yes
configure:9506: checking for sys/types.h
configure:9506: gcc -c -std=gnu17 -O2 -g  conftest.c >&5
configure:9506: $? = 0
configure:9506: result: yes
configure:9506: checking for unistd.h
configure:9506: gcc -c -std=gnu17 -O2 -g  conftest.c >&5
configure:9506: $? = 0
configure:9506: result: yes
configure:9506: checking for wchar.h
configure:9506: gcc -c -std=gnu17 -O2 -g  conftest.c >&5
configure:9506: $? = 0
configure:9506: result: yes
configure:9506: checking for minix/config.h
configure:9506: gcc -c -std=gnu17 -O2 -g  conftest.c >&5
conftest.c:49:10: fatal error: minix/config.h: No such file or directory
   49 | #include <minix/config.h>
      |          ^~~~~~~~~~~~~~~~
compilation terminated.
configure:9506: $? = 1
configure: failed program was:
| /* confdefs.h */
| #define PACKAGE_NAME "strace"
| #define PACKAGE_TARNAME "strace"
| #define PACKAGE_VERSION "UNKNOWN"
| #define PACKAGE_STRING "strace UNKNOWN"
| #define PACKAGE_BUGREPORT "strace-devel@lists.sourceforge.net"
| #define PACKAGE_URL "https://strace.io"
| #define PACKAGE "strace"
| #define VERSION "UNKNOWN"
| #define HAVE_STDIO_H 1
| #define HAVE_STDLIB_H 1
| #define HAVE_STRING_H 1
| #define HAVE_INTTYPES_H 1
| #define HAVE_STDINT_H 1
| #define HAVE_STRINGS_H 1
| #define HAVE_SYS_STAT_H 1
| #define HAVE_SYS_TYPES_H 1
| #define HAVE_UNISTD_H 1
| #define HAVE_WCHAR_H 1
| /* end confdefs.h.  */
| #include <stddef.h>
| #ifdef HAVE_STDIO_H
| # include <stdio.h>
| #endif
| #ifdef HAVE_STDLIB_H
| # include <stdlib.h>
| #endif
| #ifdef HAVE_STRING_H
| # include <string.h>
| #endif
| #ifdef HAVE_INTTYPES_H
| # include <inttypes.h>
| #endif
| #ifdef HAVE_STDINT_H
| # include <stdint.h>
| #endif
| #ifdef HAVE_STRINGS_H
| # include <strings.h>
| #endif
| #ifdef HAVE_SYS_TYPES_H
| # include <sys/types.h>
| #endif
| #ifdef HAVE_SYS_STAT_H
| # include <sys/stat.h>
| #endif
| #ifdef HAVE_UNISTD_H
| # include <unistd.h>
| #endif
| #include <minix/config.h>
configure:9506: result: no
configure:9537: checking whether it is safe to define __EXTENSIONS__
configure:9556: gcc -c -std=gnu17 -O2 -g  conftest.c >&5
configure:9556: $? = 0
configure:9566: result: yes
configure:9569: checking whether _XOPEN_SOURCE should be defined
configure:9591: gcc -c -std=gnu17 -O2 -g  conftest.c >&5
configure:9591: $? = 0
configure:9620: result: no
configure:9681: checking for a sed that does not truncate output
configure:9753: result: /run/current-system/sw/bin/sed
configure:9773: checking whether to build with code coverage support
configure:9795: result: no
configure:10189: checking for supported architecture
configure:10351: gcc -c -std=gnu17 -O2 -g  conftest.c >&5
conftest.c:41:3: error: #error not x32
   41 | # error not x32
      |   ^~~~~
configure:10351: $? = 1
configure: failed program was:
| /* confdefs.h */
| #define PACKAGE_NAME "strace"
| #define PACKAGE_TARNAME "strace"
| #define PACKAGE_VERSION "UNKNOWN"
| #define PACKAGE_STRING "strace UNKNOWN"
| #define PACKAGE_BUGREPORT "strace-devel@lists.sourceforge.net"
| #define PACKAGE_URL "https://strace.io"
| #define PACKAGE "strace"
| #define VERSION "UNKNOWN"
| #define HAVE_STDIO_H 1
| #define HAVE_STDLIB_H 1
| #define HAVE_STRING_H 1
| #define HAVE_INTTYPES_H 1
| #define HAVE_STDINT_H 1
| #define HAVE_STRINGS_H 1
| #define HAVE_SYS_STAT_H 1
| #define HAVE_SYS_TYPES_H 1
| #define HAVE_UNISTD_H 1
| #define HAVE_WCHAR_H 1
| #define STDC_HEADERS 1
| #define _ALL_SOURCE 1
| #define _COSMO_SOURCE 1
| #define _DARWIN_C_SOURCE 1
| #define _GNU_SOURCE 1
| #define _HPUX_ALT_XOPEN_SOCKET_API 1
| #define _NETBSD_SOURCE 1
| #define _OPENBSD_SOURCE 1
| #define _POSIX_PTHREAD_SEMANTICS 1
| #define __STDC_WANT_IEC_60559_ATTRIBS_EXT__ 1
| #define __STDC_WANT_IEC_60559_BFP_EXT__ 1
| #define __STDC_WANT_IEC_60559_DFP_EXT__ 1
| #define __STDC_WANT_IEC_60559_EXT__ 1
| #define __STDC_WANT_IEC_60559_FUNCS_EXT__ 1
| #define __STDC_WANT_IEC_60559_TYPES_EXT__ 1
| #define __STDC_WANT_LIB_EXT2__ 1
| #define __STDC_WANT_MATH_SPEC_FUNCS__ 1
| #define _TANDEM_SOURCE 1
| #define __EXTENSIONS__ 1
| /* end confdefs.h.  */
| #ifndef __ILP32__
| # error not x32
| #endif
| int
| main (void)
| {
| 
|   ;
|   return 0;
| }
configure:10428: result: x86_64
configure:10561: checking whether byte ordering is bigendian
configure:10577: gcc -c -std=gnu17 -O2 -g  conftest.c >&5
conftest.c:43:16: error: unknown type name 'not'
   43 |                not a universal capable compiler
      |                ^~~
conftest.c:43:22: error: expected '=', ',', ';', 'asm' or '__attribute__' before 'universal'
   43 |                not a universal capable compiler
      |                      ^~~~~~~~~
conftest.c:43:22: error: unknown type name 'universal'
configure:10577: $? = 1
configure: failed program was:
| /* confdefs.h */
| #define PACKAGE_NAME "strace"
| #define PACKAGE_TARNAME "strace"
| #define PACKAGE_VERSION "UNKNOWN"
| #define PACKAGE_STRING "strace UNKNOWN"
| #define PACKAGE_BUGREPORT "strace-devel@lists.sourceforge.net"
| #define PACKAGE_URL "https://strace.io"
| #define PACKAGE "strace"
| #define VERSION "UNKNOWN"
| #define HAVE_STDIO_H 1
| #define HAVE_STDLIB_H 1
| #define HAVE_STRING_H 1
| #define HAVE_INTTYPES_H 1
| #define HAVE_STDINT_H 1
| #define HAVE_STRINGS_H 1
| #define HAVE_SYS_STAT_H 1
| #define HAVE_SYS_TYPES_H 1
| #define HAVE_UNISTD_H 1
| #define HAVE_WCHAR_H 1
| #define STDC_HEADERS 1
| #define _ALL_SOURCE 1
| #define _COSMO_SOURCE 1
| #define _DARWIN_C_SOURCE 1
| #define _GNU_SOURCE 1
| #define _HPUX_ALT_XOPEN_SOCKET_API 1
| #define _NETBSD_SOURCE 1
| #define _OPENBSD_SOURCE 1
| #define _POSIX_PTHREAD_SEMANTICS 1
| #define __STDC_WANT_IEC_60559_ATTRIBS_EXT__ 1
| #define __STDC_WANT_IEC_60559_BFP_EXT__ 1
| #define __STDC_WANT_IEC_60559_DFP_EXT__ 1
| #define __STDC_WANT_IEC_60559_EXT__ 1
| #define __STDC_WANT_IEC_60559_FUNCS_EXT__ 1
| #define __STDC_WANT_IEC_60559_TYPES_EXT__ 1
| #define __STDC_WANT_LIB_EXT2__ 1
| #define __STDC_WANT_MATH_SPEC_FUNCS__ 1
| #define _TANDEM_SOURCE 1
| #define __EXTENSIONS__ 1
| #define X86_64 1
| #define ENABLE_ARM_OABI 0
| /* end confdefs.h.  */
| #ifndef __APPLE_CC__
| 	       not a universal capable compiler
| 	     #endif
| 	     typedef int dummy;
| 
configure:10623: gcc -c -std=gnu17 -O2 -g  conftest.c >&5
configure:10623: $? = 0
configure:10642: gcc -c -std=gnu17 -O2 -g  conftest.c >&5
conftest.c: In function 'main':
conftest.c:49:18: error: unknown type name 'not'; did you mean 'ino_t'?
   49 |                  not big endian
      |                  ^~~
      |                  ino_t
conftest.c:49:26: error: expected '=', ',', ';', 'asm' or '__attribute__' before 'endian'
   49 |                  not big endian
      |                          ^~~~~~
configure:10642: $? = 1
configure: failed program was:
| /* confdefs.h */
| #define PACKAGE_NAME "strace"
| #define PACKAGE_TARNAME "strace"
| #define PACKAGE_VERSION "UNKNOWN"
| #define PACKAGE_STRING "strace UNKNOWN"
| #define PACKAGE_BUGREPORT "strace-devel@lists.sourceforge.net"
| #define PACKAGE_URL "https://strace.io"
| #define PACKAGE "strace"
| #define VERSION "UNKNOWN"
| #define HAVE_STDIO_H 1
| #define HAVE_STDLIB_H 1
| #define HAVE_STRING_H 1
| #define HAVE_INTTYPES_H 1
| #define HAVE_STDINT_H 1
| #define HAVE_STRINGS_H 1
| #define HAVE_SYS_STAT_H 1
| #define HAVE_SYS_TYPES_H 1
| #define HAVE_UNISTD_H 1
| #define HAVE_WCHAR_H 1
| #define STDC_HEADERS 1
| #define _ALL_SOURCE 1
| #define _COSMO_SOURCE 1
| #define _DARWIN_C_SOURCE 1
| #define _GNU_SOURCE 1
| #define _HPUX_ALT_XOPEN_SOCKET_API 1
| #define _NETBSD_SOURCE 1
| #define _OPENBSD_SOURCE 1
| #define _POSIX_PTHREAD_SEMANTICS 1
| #define __STDC_WANT_IEC_60559_ATTRIBS_EXT__ 1
| #define __STDC_WANT_IEC_60559_BFP_EXT__ 1
| #define __STDC_WANT_IEC_60559_DFP_EXT__ 1
| #define __STDC_WANT_IEC_60559_EXT__ 1
| #define __STDC_WANT_IEC_60559_FUNCS_EXT__ 1
| #define __STDC_WANT_IEC_60559_TYPES_EXT__ 1
| #define __STDC_WANT_LIB_EXT2__ 1
| #define __STDC_WANT_MATH_SPEC_FUNCS__ 1
| #define _TANDEM_SOURCE 1
| #define __EXTENSIONS__ 1
| #define X86_64 1
| #define ENABLE_ARM_OABI 0
| /* end confdefs.h.  */
| #include <sys/types.h>
| 		#include <sys/param.h>
| 
| int
| main (void)
| {
| #if BYTE_ORDER != BIG_ENDIAN
| 		 not big endian
| 		#endif
| 
|   ;
|   return 0;
| }
configure:10783: result: no
configure:10802: checking for typeof syntax and keyword spelling
configure:10834: gcc -c -std=gnu17 -O2 -g  conftest.c >&5
configure:10834: $? = 0
configure:10843: result: typeof
configure:10857: checking for uid_t
configure:10857: gcc -c -std=gnu17 -O2 -g  conftest.c >&5
configure:10857: $? = 0
configure:10857: gcc -c -std=gnu17 -O2 -g  conftest.c >&5
conftest.c: In function 'main':
conftest.c:74:20: error: expected expression before ')' token
   74 | if (sizeof ((uid_t)))
      |                    ^
configure:10857: $? = 1
configure: failed program was:
| /* confdefs.h */
| #define PACKAGE_NAME "strace"
| #define PACKAGE_TARNAME "strace"
| #define PACKAGE_VERSION "UNKNOWN"
| #define PACKAGE_STRING "strace UNKNOWN"
| #define PACKAGE_BUGREPORT "strace-devel@lists.sourceforge.net"
| #define PACKAGE_URL "https://strace.io"
| #define PACKAGE "strace"
| #define VERSION "UNKNOWN"
| #define HAVE_STDIO_H 1
| #define HAVE_STDLIB_H 1
| #define HAVE_STRING_H 1
| #define HAVE_INTTYPES_H 1
| #define HAVE_STDINT_H 1
| #define HAVE_STRINGS_H 1
| #define HAVE_SYS_STAT_H 1
| #define HAVE_SYS_TYPES_H 1
| #define HAVE_UNISTD_H 1
| #define HAVE_WCHAR_H 1
| #define STDC_HEADERS 1
| #define _ALL_SOURCE 1
| #define _COSMO_SOURCE 1
| #define _DARWIN_C_SOURCE 1
| #define _GNU_SOURCE 1
| #define _HPUX_ALT_XOPEN_SOCKET_API 1
| #define _NETBSD_SOURCE 1
| #define _OPENBSD_SOURCE 1
| #define _POSIX_PTHREAD_SEMANTICS 1
| #define __STDC_WANT_IEC_60559_ATTRIBS_EXT__ 1
| #define __STDC_WANT_IEC_60559_BFP_EXT__ 1
| #define __STDC_WANT_IEC_60559_DFP_EXT__ 1
| #define __STDC_WANT_IEC_60559_EXT__ 1
| #define __STDC_WANT_IEC_60559_FUNCS_EXT__ 1
| #define __STDC_WANT_IEC_60559_TYPES_EXT__ 1
| #define __STDC_WANT_LIB_EXT2__ 1
| #define __STDC_WANT_MATH_SPEC_FUNCS__ 1
| #define _TANDEM_SOURCE 1
| #define __EXTENSIONS__ 1
| #define X86_64 1
| #define ENABLE_ARM_OABI 0
| #define HAVE_TYPEOF 1
| /* end confdefs.h.  */
| #include <stddef.h>
| #ifdef HAVE_STDIO_H
| # include <stdio.h>
| #endif
| #ifdef HAVE_STDLIB_H
| # include <stdlib.h>
| #endif
| #ifdef HAVE_STRING_H
| # include <string.h>
| #endif
| #ifdef HAVE_INTTYPES_H
| # include <inttypes.h>
| #endif
| #ifdef HAVE_STDINT_H
| # include <stdint.h>
| #endif
| #ifdef HAVE_STRINGS_H
| # include <strings.h>
| #endif
| #ifdef HAVE_SYS_TYPES_H
| # include <sys/types.h>
| #endif
| #ifdef HAVE_SYS_STAT_H
| # include <sys/stat.h>
| #endif
| #ifdef HAVE_UNISTD_H
| # include <unistd.h>
| #endif
| int
| main (void)
| {
| if (sizeof ((uid_t)))
| 	    return 0;
|   ;
|   return 0;
| }
configure:10857: result: yes
configure:10868: checking for gid_t
configure:10868: gcc -c -std=gnu17 -O2 -g  conftest.c >&5
configure:10868: $? = 0
configure:10868: gcc -c -std=gnu17 -O2 -g  conftest.c >&5
conftest.c: In function 'main':
conftest.c:74:20: error: expected expression before ')' token
   74 | if (sizeof ((gid_t)))
      |                    ^
configure:10868: $? = 1
configure: failed program was:
| /* confdefs.h */
| #define PACKAGE_NAME "strace"
| #define PACKAGE_TARNAME "strace"
| #define PACKAGE_VERSION "UNKNOWN"
| #define PACKAGE_STRING "strace UNKNOWN"
| #define PACKAGE_BUGREPORT "strace-devel@lists.sourceforge.net"
| #define PACKAGE_URL "https://strace.io"
| #define PACKAGE "strace"
| #define VERSION "UNKNOWN"
| #define HAVE_STDIO_H 1
| #define HAVE_STDLIB_H 1
| #define HAVE_STRING_H 1
| #define HAVE_INTTYPES_H 1
| #define HAVE_STDINT_H 1
| #define HAVE_STRINGS_H 1
| #define HAVE_SYS_STAT_H 1
| #define HAVE_SYS_TYPES_H 1
| #define HAVE_UNISTD_H 1
| #define HAVE_WCHAR_H 1
| #define STDC_HEADERS 1
| #define _ALL_SOURCE 1
| #define _COSMO_SOURCE 1
| #define _DARWIN_C_SOURCE 1
| #define _GNU_SOURCE 1
| #define _HPUX_ALT_XOPEN_SOCKET_API 1
| #define _NETBSD_SOURCE 1
| #define _OPENBSD_SOURCE 1
| #define _POSIX_PTHREAD_SEMANTICS 1
| #define __STDC_WANT_IEC_60559_ATTRIBS_EXT__ 1
| #define __STDC_WANT_IEC_60559_BFP_EXT__ 1
| #define __STDC_WANT_IEC_60559_DFP_EXT__ 1
| #define __STDC_WANT_IEC_60559_EXT__ 1
| #define __STDC_WANT_IEC_60559_FUNCS_EXT__ 1
| #define __STDC_WANT_IEC_60559_TYPES_EXT__ 1
| #define __STDC_WANT_LIB_EXT2__ 1
| #define __STDC_WANT_MATH_SPEC_FUNCS__ 1
| #define _TANDEM_SOURCE 1
| #define __EXTENSIONS__ 1
| #define X86_64 1
| #define ENABLE_ARM_OABI 0
| #define HAVE_TYPEOF 1
| /* end confdefs.h.  */
| #include <stddef.h>
| #ifdef HAVE_STDIO_H
| # include <stdio.h>
| #endif
| #ifdef HAVE_STDLIB_H
| # include <stdlib.h>
| #endif
| #ifdef HAVE_STRING_H
| # include <string.h>
| #endif
| #ifdef HAVE_INTTYPES_H
| # include <inttypes.h>
| #endif
| #ifdef HAVE_STDINT_H
| # include <stdint.h>
| #endif
| #ifdef HAVE_STRINGS_H
| # include <strings.h>
| #endif
| #ifdef HAVE_SYS_TYPES_H
| # include <sys/types.h>
| #endif
| #ifdef HAVE_SYS_STAT_H
| # include <sys/stat.h>
| #endif
| #ifdef HAVE_UNISTD_H
| # include <unistd.h>
| #endif
| int
| main (void)
| {
| if (sizeof ((gid_t)))
| 	    return 0;
|   ;
|   return 0;
| }
configure:10868: result: yes
configure:10880: checking for accept4
configure:10880: gcc -o conftest -std=gnu17 -O2 -g   conftest.c  >&5
configure:10880: $? = 0
configure:10880: result: yes
configure:10886: checking for fallocate
configure:10886: gcc -o conftest -std=gnu17 -O2 -g   conftest.c  >&5
configure:10886: $? = 0
configure:10886: result: yes
configure:10892: checking for fanotify_mark
configure:10892: gcc -o conftest -std=gnu17 -O2 -g   conftest.c  >&5
configure:10892: $? = 0
configure:10892: result: yes
configure:10898: checking for fopen64
configure:10898: gcc -o conftest -std=gnu17 -O2 -g   conftest.c  >&5
configure:10898: $? = 0
configure:10898: result: yes
configure:10904: checking for fork
configure:10904: gcc -o conftest -std=gnu17 -O2 -g   conftest.c  >&5
conftest.c:63:6: warning: conflicting types for built-in function 'fork'; expected 'int(void)' [-Wbuiltin-declaration-mismatch]
   63 | char fork (void);
      |      ^~~~
configure:10904: $? = 0
configure:10904: result: yes
configure:10910: checking for fputs_unlocked
configure:10910: gcc -o conftest -std=gnu17 -O2 -g   conftest.c  >&5
conftest.c:64:6: warning: conflicting types for built-in function 'fputs_unlocked'; expected 'int(const char *, void *)' [-Wbuiltin-declaration-mismatch]
   64 | char fputs_unlocked (void);
      |      ^~~~~~~~~~~~~~
configure:10910: $? = 0
configure:10910: result: yes
configure:10916: checking for fstatat
configure:10916: gcc -o conftest -std=gnu17 -O2 -g   conftest.c  >&5
configure:10916: $? = 0
configure:10916: result: yes
configure:10922: checking for ftruncate
configure:10922: gcc -o conftest -std=gnu17 -O2 -g   conftest.c  >&5
configure:10922: $? = 0
configure:10922: result: yes
configure:10928: checking for futimens
configure:10928: gcc -o conftest -std=gnu17 -O2 -g   conftest.c  >&5
configure:10928: $? = 0
configure:10928: result: yes
configure:10934: checking for if_indextoname
configure:10934: gcc -o conftest -std=gnu17 -O2 -g   conftest.c  >&5
configure:10934: $? = 0
configure:10934: result: yes
configure:10940: checking for open64
configure:10940: gcc -o conftest -std=gnu17 -O2 -g   conftest.c  >&5
configure:10940: $? = 0
configure:10940: result: yes
configure:10946: checking for prctl
configure:10946: gcc -o conftest -std=gnu17 -O2 -g   conftest.c  >&5
configure:10946: $? = 0
configure:10946: result: yes
configure:10952: checking for preadv
configure:10952: gcc -o conftest -std=gnu17 -O2 -g   conftest.c  >&5
configure:10952: $? = 0
configure:10952: result: yes
configure:10958: checking for process_vm_readv
configure:10958: gcc -o conftest -std=gnu17 -O2 -g   conftest.c  >&5
configure:10958: $? = 0
configure:10958: result: yes
configure:10964: checking for pwritev
configure:10964: gcc -o conftest -std=gnu17 -O2 -g   conftest.c  >&5
configure:10964: $? = 0
configure:10964: result: yes
configure:10970: checking for readahead
configure:10970: gcc -o conftest -std=gnu17 -O2 -g   conftest.c  >&5
configure:10970: $? = 0
configure:10970: result: yes
configure:10976: checking for signalfd
configure:10976: gcc -o conftest -std=gnu17 -O2 -g   conftest.c  >&5
configure:10976: $? = 0
configure:10976: result: yes
configure:10982: checking for stpcpy
configure:10982: gcc -o conftest -std=gnu17 -O2 -g   conftest.c  >&5
conftest.c:76:6: warning: conflicting types for built-in function 'stpcpy'; expected 'char *(char *, const char *)' [-Wbuiltin-declaration-mismatch]
   76 | char stpcpy (void);
      |      ^~~~~~
configure:10982: $? = 0
configure:10982: result: yes
configure:10988: checking for strerror
configure:10988: gcc -o conftest -std=gnu17 -O2 -g   conftest.c  >&5
configure:10988: $? = 0
configure:10988: result: yes
configure:10994: checking for strsignal
configure:10994: gcc -o conftest -std=gnu17 -O2 -g   conftest.c  >&5
configure:10994: $? = 0
configure:10994: result: yes
configure:11000: checking for sync_file_range
configure:11000: gcc -o conftest -std=gnu17 -O2 -g   conftest.c  >&5
configure:11000: $? = 0
configure:11000: result: yes
configure:11006: checking for utimensat
configure:11006: gcc -o conftest -std=gnu17 -O2 -g   conftest.c  >&5
configure:11006: $? = 0
configure:11006: result: yes
configure:11014: checking for sig_atomic_t
configure:11014: gcc -c -std=gnu17 -O2 -g  conftest.c >&5
configure:11014: $? = 0
configure:11014: gcc -c -std=gnu17 -O2 -g  conftest.c >&5
conftest.c: In function 'main':
conftest.c:70:27: error: expected expression before ')' token
   70 | if (sizeof ((sig_atomic_t)))
      |                           ^
configure:11014: $? = 1
configure: failed program was:
| /* confdefs.h */
| #define PACKAGE_NAME "strace"
| #define PACKAGE_TARNAME "strace"
| #define PACKAGE_VERSION "UNKNOWN"
| #define PACKAGE_STRING "strace UNKNOWN"
| #define PACKAGE_BUGREPORT "strace-devel@lists.sourceforge.net"
| #define PACKAGE_URL "https://strace.io"
| #define PACKAGE "strace"
| #define VERSION "UNKNOWN"
| #define HAVE_STDIO_H 1
| #define HAVE_STDLIB_H 1
| #define HAVE_STRING_H 1
| #define HAVE_INTTYPES_H 1
| #define HAVE_STDINT_H 1
| #define HAVE_STRINGS_H 1
| #define HAVE_SYS_STAT_H 1
| #define HAVE_SYS_TYPES_H 1
| #define HAVE_UNISTD_H 1
| #define HAVE_WCHAR_H 1
| #define STDC_HEADERS 1
| #define _ALL_SOURCE 1
| #define _COSMO_SOURCE 1
| #define _DARWIN_C_SOURCE 1
| #define _GNU_SOURCE 1
| #define _HPUX_ALT_XOPEN_SOCKET_API 1
| #define _NETBSD_SOURCE 1
| #define _OPENBSD_SOURCE 1
| #define _POSIX_PTHREAD_SEMANTICS 1
| #define __STDC_WANT_IEC_60559_ATTRIBS_EXT__ 1
| #define __STDC_WANT_IEC_60559_BFP_EXT__ 1
| #define __STDC_WANT_IEC_60559_DFP_EXT__ 1
| #define __STDC_WANT_IEC_60559_EXT__ 1
| #define __STDC_WANT_IEC_60559_FUNCS_EXT__ 1
| #define __STDC_WANT_IEC_60559_TYPES_EXT__ 1
| #define __STDC_WANT_LIB_EXT2__ 1
| #define __STDC_WANT_MATH_SPEC_FUNCS__ 1
| #define _TANDEM_SOURCE 1
| #define __EXTENSIONS__ 1
| #define X86_64 1
| #define ENABLE_ARM_OABI 0
| #define HAVE_TYPEOF 1
| #define HAVE_ACCEPT4 1
| #define HAVE_FALLOCATE 1
| #define HAVE_FANOTIFY_MARK 1
| #define HAVE_FOPEN64 1
| #define HAVE_FORK 1
| #define HAVE_FPUTS_UNLOCKED 1
| #define HAVE_FSTATAT 1
| #define HAVE_FTRUNCATE 1
| #define HAVE_FUTIMENS 1
| #define HAVE_IF_INDEXTONAME 1
| #define HAVE_OPEN64 1
| #define HAVE_PRCTL 1
| #define HAVE_PREADV 1
| #define HAVE_PROCESS_VM_READV 1
| #define HAVE_PWRITEV 1
| #define HAVE_READAHEAD 1
| #define HAVE_SIGNALFD 1
| #define HAVE_STPCPY 1
| #define HAVE_STRERROR 1
| #define HAVE_STRSIGNAL 1
| #define HAVE_SYNC_FILE_RANGE 1
| #define HAVE_UTIMENSAT 1
| /* end confdefs.h.  */
| #include <signal.h>
| 
| int
| main (void)
| {
| if (sizeof ((sig_atomic_t)))
| 	    return 0;
|   ;
|   return 0;
| }
configure:11014: result: yes
configure:11023: checking for struct sigcontext
configure:11023: gcc -c -std=gnu17 -O2 -g  conftest.c >&5
configure:11023: $? = 0
configure:11023: gcc -c -std=gnu17 -O2 -g  conftest.c >&5
conftest.c: In function 'main':
conftest.c:71:32: error: expected expression before ')' token
   71 | if (sizeof ((struct sigcontext)))
      |                                ^
configure:11023: $? = 1
configure: failed program was:
| /* confdefs.h */
| #define PACKAGE_NAME "strace"
| #define PACKAGE_TARNAME "strace"
| #define PACKAGE_VERSION "UNKNOWN"
| #define PACKAGE_STRING "strace UNKNOWN"
| #define PACKAGE_BUGREPORT "strace-devel@lists.sourceforge.net"
| #define PACKAGE_URL "https://strace.io"
| #define PACKAGE "strace"
| #define VERSION "UNKNOWN"
| #define HAVE_STDIO_H 1
| #define HAVE_STDLIB_H 1
| #define HAVE_STRING_H 1
| #define HAVE_INTTYPES_H 1
| #define HAVE_STDINT_H 1
| #define HAVE_STRINGS_H 1
| #define HAVE_SYS_STAT_H 1
| #define HAVE_SYS_TYPES_H 1
| #define HAVE_UNISTD_H 1
| #define HAVE_WCHAR_H 1
| #define STDC_HEADERS 1
| #define _ALL_SOURCE 1
| #define _COSMO_SOURCE 1
| #define _DARWIN_C_SOURCE 1
| #define _GNU_SOURCE 1
| #define _HPUX_ALT_XOPEN_SOCKET_API 1
| #define _NETBSD_SOURCE 1
| #define _OPENBSD_SOURCE 1
| #define _POSIX_PTHREAD_SEMANTICS 1
| #define __STDC_WANT_IEC_60559_ATTRIBS_EXT__ 1
| #define __STDC_WANT_IEC_60559_BFP_EXT__ 1
| #define __STDC_WANT_IEC_60559_DFP_EXT__ 1
| #define __STDC_WANT_IEC_60559_EXT__ 1
| #define __STDC_WANT_IEC_60559_FUNCS_EXT__ 1
| #define __STDC_WANT_IEC_60559_TYPES_EXT__ 1
| #define __STDC_WANT_LIB_EXT2__ 1
| #define __STDC_WANT_MATH_SPEC_FUNCS__ 1
| #define _TANDEM_SOURCE 1
| #define __EXTENSIONS__ 1
| #define X86_64 1
| #define ENABLE_ARM_OABI 0
| #define HAVE_TYPEOF 1
| #define HAVE_ACCEPT4 1
| #define HAVE_FALLOCATE 1
| #define HAVE_FANOTIFY_MARK 1
| #define HAVE_FOPEN64 1
| #define HAVE_FORK 1
| #define HAVE_FPUTS_UNLOCKED 1
| #define HAVE_FSTATAT 1
| #define HAVE_FTRUNCATE 1
| #define HAVE_FUTIMENS 1
| #define HAVE_IF_INDEXTONAME 1
| #define HAVE_OPEN64 1
| #define HAVE_PRCTL 1
| #define HAVE_PREADV 1
| #define HAVE_PROCESS_VM_READV 1
| #define HAVE_PWRITEV 1
| #define HAVE_READAHEAD 1
| #define HAVE_SIGNALFD 1
| #define HAVE_STPCPY 1
| #define HAVE_STRERROR 1
| #define HAVE_STRSIGNAL 1
| #define HAVE_SYNC_FILE_RANGE 1
| #define HAVE_UTIMENSAT 1
| #define HAVE_SIG_ATOMIC_T 1
| /* end confdefs.h.  */
| #include <signal.h>
| 
| int
| main (void)
| {
| if (sizeof ((struct sigcontext)))
| 	    return 0;
|   ;
|   return 0;
| }
configure:11023: result: yes
configure:11034: checking for struct mmsghdr
configure:11034: gcc -c -std=gnu17 -O2 -g  conftest.c >&5
configure:11034: $? = 0
configure:11034: gcc -c -std=gnu17 -O2 -g  conftest.c >&5
conftest.c: In function 'main':
conftest.c:72:29: error: expected expression before ')' token
   72 | if (sizeof ((struct mmsghdr)))
      |                             ^
configure:11034: $? = 1
configure: failed program was:
| /* confdefs.h */
| #define PACKAGE_NAME "strace"
| #define PACKAGE_TARNAME "strace"
| #define PACKAGE_VERSION "UNKNOWN"
| #define PACKAGE_STRING "strace UNKNOWN"
| #define PACKAGE_BUGREPORT "strace-devel@lists.sourceforge.net"
| #define PACKAGE_URL "https://strace.io"
| #define PACKAGE "strace"
| #define VERSION "UNKNOWN"
| #define HAVE_STDIO_H 1
| #define HAVE_STDLIB_H 1
| #define HAVE_STRING_H 1
| #define HAVE_INTTYPES_H 1
| #define HAVE_STDINT_H 1
| #define HAVE_STRINGS_H 1
| #define HAVE_SYS_STAT_H 1
| #define HAVE_SYS_TYPES_H 1
| #define HAVE_UNISTD_H 1
| #define HAVE_WCHAR_H 1
| #define STDC_HEADERS 1
| #define _ALL_SOURCE 1
| #define _COSMO_SOURCE 1
| #define _DARWIN_C_SOURCE 1
| #define _GNU_SOURCE 1
| #define _HPUX_ALT_XOPEN_SOCKET_API 1
| #define _NETBSD_SOURCE 1
| #define _OPENBSD_SOURCE 1
| #define _POSIX_PTHREAD_SEMANTICS 1
| #define __STDC_WANT_IEC_60559_ATTRIBS_EXT__ 1
| #define __STDC_WANT_IEC_60559_BFP_EXT__ 1
| #define __STDC_WANT_IEC_60559_DFP_EXT__ 1
| #define __STDC_WANT_IEC_60559_EXT__ 1
| #define __STDC_WANT_IEC_60559_FUNCS_EXT__ 1
| #define __STDC_WANT_IEC_60559_TYPES_EXT__ 1
| #define __STDC_WANT_LIB_EXT2__ 1
| #define __STDC_WANT_MATH_SPEC_FUNCS__ 1
| #define _TANDEM_SOURCE 1
| #define __EXTENSIONS__ 1
| #define X86_64 1
| #define ENABLE_ARM_OABI 0
| #define HAVE_TYPEOF 1
| #define HAVE_ACCEPT4 1
| #define HAVE_FALLOCATE 1
| #define HAVE_FANOTIFY_MARK 1
| #define HAVE_FOPEN64 1
| #define HAVE_FORK 1
| #define HAVE_FPUTS_UNLOCKED 1
| #define HAVE_FSTATAT 1
| #define HAVE_FTRUNCATE 1
| #define HAVE_FUTIMENS 1
| #define HAVE_IF_INDEXTONAME 1
| #define HAVE_OPEN64 1
| #define HAVE_PRCTL 1
| #define HAVE_PREADV 1
| #define HAVE_PROCESS_VM_READV 1
| #define HAVE_PWRITEV 1
| #define HAVE_READAHEAD 1
| #define HAVE_SIGNALFD 1
| #define HAVE_STPCPY 1
| #define HAVE_STRERROR 1
| #define HAVE_STRSIGNAL 1
| #define HAVE_SYNC_FILE_RANGE 1
| #define HAVE_UTIMENSAT 1
| #define HAVE_SIG_ATOMIC_T 1
| #define HAVE_STRUCT_SIGCONTEXT 1
| /* end confdefs.h.  */
| #include <sys/socket.h>
| 
| int
| main (void)
| {
| if (sizeof ((struct mmsghdr)))
| 	    return 0;
|   ;
|   return 0;
| }
configure:11034: result: yes
configure:11045: checking for __kernel_long_t
configure:11045: gcc -c -std=gnu17 -O2 -g  conftest.c >&5
configure:11045: $? = 0
configure:11045: gcc -c -std=gnu17 -O2 -g  conftest.c >&5
conftest.c: In function 'main':
conftest.c:73:30: error: expected expression before ')' token
   73 | if (sizeof ((__kernel_long_t)))
      |                              ^
configure:11045: $? = 1
configure: failed program was:
| /* confdefs.h */
| #define PACKAGE_NAME "strace"
| #define PACKAGE_TARNAME "strace"
| #define PACKAGE_VERSION "UNKNOWN"
| #define PACKAGE_STRING "strace UNKNOWN"
| #define PACKAGE_BUGREPORT "strace-devel@lists.sourceforge.net"
| #define PACKAGE_URL "https://strace.io"
| #define PACKAGE "strace"
| #define VERSION "UNKNOWN"
| #define HAVE_STDIO_H 1
| #define HAVE_STDLIB_H 1
| #define HAVE_STRING_H 1
| #define HAVE_INTTYPES_H 1
| #define HAVE_STDINT_H 1
| #define HAVE_STRINGS_H 1
| #define HAVE_SYS_STAT_H 1
| #define HAVE_SYS_TYPES_H 1
| #define HAVE_UNISTD_H 1
| #define HAVE_WCHAR_H 1
| #define STDC_HEADERS 1
| #define _ALL_SOURCE 1
| #define _COSMO_SOURCE 1
| #define _DARWIN_C_SOURCE 1
| #define _GNU_SOURCE 1
| #define _HPUX_ALT_XOPEN_SOCKET_API 1
| #define _NETBSD_SOURCE 1
| #define _OPENBSD_SOURCE 1
| #define _POSIX_PTHREAD_SEMANTICS 1
| #define __STDC_WANT_IEC_60559_ATTRIBS_EXT__ 1
| #define __STDC_WANT_IEC_60559_BFP_EXT__ 1
| #define __STDC_WANT_IEC_60559_DFP_EXT__ 1
| #define __STDC_WANT_IEC_60559_EXT__ 1
| #define __STDC_WANT_IEC_60559_FUNCS_EXT__ 1
| #define __STDC_WANT_IEC_60559_TYPES_EXT__ 1
| #define __STDC_WANT_LIB_EXT2__ 1
| #define __STDC_WANT_MATH_SPEC_FUNCS__ 1
| #define _TANDEM_SOURCE 1
| #define __EXTENSIONS__ 1
| #define X86_64 1
| #define ENABLE_ARM_OABI 0
| #define HAVE_TYPEOF 1
| #define HAVE_ACCEPT4 1
| #define HAVE_FALLOCATE 1
| #define HAVE_FANOTIFY_MARK 1
| #define HAVE_FOPEN64 1
| #define HAVE_FORK 1
| #define HAVE_FPUTS_UNLOCKED 1
| #define HAVE_FSTATAT 1
| #define HAVE_FTRUNCATE 1
| #define HAVE_FUTIMENS 1
| #define HAVE_IF_INDEXTONAME 1
| #define HAVE_OPEN64 1
| #define HAVE_PRCTL 1
| #define HAVE_PREADV 1
| #define HAVE_PROCESS_VM_READV 1
| #define HAVE_PWRITEV 1
| #define HAVE_READAHEAD 1
| #define HAVE_SIGNALFD 1
| #define HAVE_STPCPY 1
| #define HAVE_STRERROR 1
| #define HAVE_STRSIGNAL 1
| #define HAVE_SYNC_FILE_RANGE 1
| #define HAVE_UTIMENSAT 1
| #define HAVE_SIG_ATOMIC_T 1
| #define HAVE_STRUCT_SIGCONTEXT 1
| #define HAVE_STRUCT_MMSGHDR 1
| /* end confdefs.h.  */
| #include <asm/posix_types.h>
| 
| int
| main (void)
| {
| if (sizeof ((__kernel_long_t)))
| 	    return 0;
|   ;
|   return 0;
| }
configure:11045: result: yes
configure:11054: checking for __kernel_ulong_t
configure:11054: gcc -c -std=gnu17 -O2 -g  conftest.c >&5
configure:11054: $? = 0
configure:11054: gcc -c -std=gnu17 -O2 -g  conftest.c >&5
conftest.c: In function 'main':
conftest.c:74:31: error: expected expression before ')' token
   74 | if (sizeof ((__kernel_ulong_t)))
      |                               ^
configure:11054: $? = 1
configure: failed program was:
| /* confdefs.h */
| #define PACKAGE_NAME "strace"
| #define PACKAGE_TARNAME "strace"
| #define PACKAGE_VERSION "UNKNOWN"
| #define PACKAGE_STRING "strace UNKNOWN"
| #define PACKAGE_BUGREPORT "strace-devel@lists.sourceforge.net"
| #define PACKAGE_URL "https://strace.io"
| #define PACKAGE "strace"
| #define VERSION "UNKNOWN"
| #define HAVE_STDIO_H 1
| #define HAVE_STDLIB_H 1
| #define HAVE_STRING_H 1
| #define HAVE_INTTYPES_H 1
| #define HAVE_STDINT_H 1
| #define HAVE_STRINGS_H 1
| #define HAVE_SYS_STAT_H 1
| #define HAVE_SYS_TYPES_H 1
| #define HAVE_UNISTD_H 1
| #define HAVE_WCHAR_H 1
| #define STDC_HEADERS 1
| #define _ALL_SOURCE 1
| #define _COSMO_SOURCE 1
| #define _DARWIN_C_SOURCE 1
| #define _GNU_SOURCE 1
| #define _HPUX_ALT_XOPEN_SOCKET_API 1
| #define _NETBSD_SOURCE 1
| #define _OPENBSD_SOURCE 1
| #define _POSIX_PTHREAD_SEMANTICS 1
| #define __STDC_WANT_IEC_60559_ATTRIBS_EXT__ 1
| #define __STDC_WANT_IEC_60559_BFP_EXT__ 1
| #define __STDC_WANT_IEC_60559_DFP_EXT__ 1
| #define __STDC_WANT_IEC_60559_EXT__ 1
| #define __STDC_WANT_IEC_60559_FUNCS_EXT__ 1
| #define __STDC_WANT_IEC_60559_TYPES_EXT__ 1
| #define __STDC_WANT_LIB_EXT2__ 1
| #define __STDC_WANT_MATH_SPEC_FUNCS__ 1
| #define _TANDEM_SOURCE 1
| #define __EXTENSIONS__ 1
| #define X86_64 1
| #define ENABLE_ARM_OABI 0
| #define HAVE_TYPEOF 1
| #define HAVE_ACCEPT4 1
| #define HAVE_FALLOCATE 1
| #define HAVE_FANOTIFY_MARK 1
| #define HAVE_FOPEN64 1
| #define HAVE_FORK 1
| #define HAVE_FPUTS_UNLOCKED 1
| #define HAVE_FSTATAT 1
| #define HAVE_FTRUNCATE 1
| #define HAVE_FUTIMENS 1
| #define HAVE_IF_INDEXTONAME 1
| #define HAVE_OPEN64 1
| #define HAVE_PRCTL 1
| #define HAVE_PREADV 1
| #define HAVE_PROCESS_VM_READV 1
| #define HAVE_PWRITEV 1
| #define HAVE_READAHEAD 1
| #define HAVE_SIGNALFD 1
| #define HAVE_STPCPY 1
| #define HAVE_STRERROR 1
| #define HAVE_STRSIGNAL 1
| #define HAVE_SYNC_FILE_RANGE 1
| #define HAVE_UTIMENSAT 1
| #define HAVE_SIG_ATOMIC_T 1
| #define HAVE_STRUCT_SIGCONTEXT 1
| #define HAVE_STRUCT_MMSGHDR 1
| #define HAVE___KERNEL_LONG_T 1
| /* end confdefs.h.  */
| #include <asm/posix_types.h>
| 
| int
| main (void)
| {
| if (sizeof ((__kernel_ulong_t)))
| 	    return 0;
|   ;
|   return 0;
| }
configure:11054: result: yes
configure:11065: checking for struct stat64
configure:11065: gcc -c -std=gnu17 -O2 -g  conftest.c >&5
conftest.c: In function 'main':
conftest.c:76:13: error: invalid application of 'sizeof' to incomplete type 'struct stat64'
   76 | if (sizeof (struct stat64))
      |             ^~~~~~
configure:11065: $? = 1
configure: failed program was:
| /* confdefs.h */
| #define PACKAGE_NAME "strace"
| #define PACKAGE_TARNAME "strace"
| #define PACKAGE_VERSION "UNKNOWN"
| #define PACKAGE_STRING "strace UNKNOWN"
| #define PACKAGE_BUGREPORT "strace-devel@lists.sourceforge.net"
| #define PACKAGE_URL "https://strace.io"
| #define PACKAGE "strace"
| #define VERSION "UNKNOWN"
| #define HAVE_STDIO_H 1
| #define HAVE_STDLIB_H 1
| #define HAVE_STRING_H 1
| #define HAVE_INTTYPES_H 1
| #define HAVE_STDINT_H 1
| #define HAVE_STRINGS_H 1
| #define HAVE_SYS_STAT_H 1
| #define HAVE_SYS_TYPES_H 1
| #define HAVE_UNISTD_H 1
| #define HAVE_WCHAR_H 1
| #define STDC_HEADERS 1
| #define _ALL_SOURCE 1
| #define _COSMO_SOURCE 1
| #define _DARWIN_C_SOURCE 1
| #define _GNU_SOURCE 1
| #define _HPUX_ALT_XOPEN_SOCKET_API 1
| #define _NETBSD_SOURCE 1
| #define _OPENBSD_SOURCE 1
| #define _POSIX_PTHREAD_SEMANTICS 1
| #define __STDC_WANT_IEC_60559_ATTRIBS_EXT__ 1
| #define __STDC_WANT_IEC_60559_BFP_EXT__ 1
| #define __STDC_WANT_IEC_60559_DFP_EXT__ 1
| #define __STDC_WANT_IEC_60559_EXT__ 1
| #define __STDC_WANT_IEC_60559_FUNCS_EXT__ 1
| #define __STDC_WANT_IEC_60559_TYPES_EXT__ 1
| #define __STDC_WANT_LIB_EXT2__ 1
| #define __STDC_WANT_MATH_SPEC_FUNCS__ 1
| #define _TANDEM_SOURCE 1
| #define __EXTENSIONS__ 1
| #define X86_64 1
| #define ENABLE_ARM_OABI 0
| #define HAVE_TYPEOF 1
| #define HAVE_ACCEPT4 1
| #define HAVE_FALLOCATE 1
| #define HAVE_FANOTIFY_MARK 1
| #define HAVE_FOPEN64 1
| #define HAVE_FORK 1
| #define HAVE_FPUTS_UNLOCKED 1
| #define HAVE_FSTATAT 1
| #define HAVE_FTRUNCATE 1
| #define HAVE_FUTIMENS 1
| #define HAVE_IF_INDEXTONAME 1
| #define HAVE_OPEN64 1
| #define HAVE_PRCTL 1
| #define HAVE_PREADV 1
| #define HAVE_PROCESS_VM_READV 1
| #define HAVE_PWRITEV 1
| #define HAVE_READAHEAD 1
| #define HAVE_SIGNALFD 1
| #define HAVE_STPCPY 1
| #define HAVE_STRERROR 1
| #define HAVE_STRSIGNAL 1
| #define HAVE_SYNC_FILE_RANGE 1
| #define HAVE_UTIMENSAT 1
| #define HAVE_SIG_ATOMIC_T 1
| #define HAVE_STRUCT_SIGCONTEXT 1
| #define HAVE_STRUCT_MMSGHDR 1
| #define HAVE___KERNEL_LONG_T 1
| #define HAVE___KERNEL_ULONG_T 1
| /* end confdefs.h.  */
| #include <sys/types.h>
| #include <asm/stat.h>
| 
| int
| main (void)
| {
| if (sizeof (struct stat64))
| 	 return 0;
|   ;
|   return 0;
| }
configure:11065: result: no
configure:11075: checking for struct __old_kernel_stat
configure:11075: gcc -c -std=gnu17 -O2 -g  conftest.c >&5
configure:11075: $? = 0
configure:11075: gcc -c -std=gnu17 -O2 -g  conftest.c >&5
conftest.c: In function 'main':
conftest.c:76:39: error: expected expression before ')' token
   76 | if (sizeof ((struct __old_kernel_stat)))
      |                                       ^
configure:11075: $? = 1
configure: failed program was:
| /* confdefs.h */
| #define PACKAGE_NAME "strace"
| #define PACKAGE_TARNAME "strace"
| #define PACKAGE_VERSION "UNKNOWN"
| #define PACKAGE_STRING "strace UNKNOWN"
| #define PACKAGE_BUGREPORT "strace-devel@lists.sourceforge.net"
| #define PACKAGE_URL "https://strace.io"
| #define PACKAGE "strace"
| #define VERSION "UNKNOWN"
| #define HAVE_STDIO_H 1
| #define HAVE_STDLIB_H 1
| #define HAVE_STRING_H 1
| #define HAVE_INTTYPES_H 1
| #define HAVE_STDINT_H 1
| #define HAVE_STRINGS_H 1
| #define HAVE_SYS_STAT_H 1
| #define HAVE_SYS_TYPES_H 1
| #define HAVE_UNISTD_H 1
| #define HAVE_WCHAR_H 1
| #define STDC_HEADERS 1
| #define _ALL_SOURCE 1
| #define _COSMO_SOURCE 1
| #define _DARWIN_C_SOURCE 1
| #define _GNU_SOURCE 1
| #define _HPUX_ALT_XOPEN_SOCKET_API 1
| #define _NETBSD_SOURCE 1
| #define _OPENBSD_SOURCE 1
| #define _POSIX_PTHREAD_SEMANTICS 1
| #define __STDC_WANT_IEC_60559_ATTRIBS_EXT__ 1
| #define __STDC_WANT_IEC_60559_BFP_EXT__ 1
| #define __STDC_WANT_IEC_60559_DFP_EXT__ 1
| #define __STDC_WANT_IEC_60559_EXT__ 1
| #define __STDC_WANT_IEC_60559_FUNCS_EXT__ 1
| #define __STDC_WANT_IEC_60559_TYPES_EXT__ 1
| #define __STDC_WANT_LIB_EXT2__ 1
| #define __STDC_WANT_MATH_SPEC_FUNCS__ 1
| #define _TANDEM_SOURCE 1
| #define __EXTENSIONS__ 1
| #define X86_64 1
| #define ENABLE_ARM_OABI 0
| #define HAVE_TYPEOF 1
| #define HAVE_ACCEPT4 1
| #define HAVE_FALLOCATE 1
| #define HAVE_FANOTIFY_MARK 1
| #define HAVE_FOPEN64 1
| #define HAVE_FORK 1
| #define HAVE_FPUTS_UNLOCKED 1
| #define HAVE_FSTATAT 1
| #define HAVE_FTRUNCATE 1
| #define HAVE_FUTIMENS 1
| #define HAVE_IF_INDEXTONAME 1
| #define HAVE_OPEN64 1
| #define HAVE_PRCTL 1
| #define HAVE_PREADV 1
| #define HAVE_PROCESS_VM_READV 1
| #define HAVE_PWRITEV 1
| #define HAVE_READAHEAD 1
| #define HAVE_SIGNALFD 1
| #define HAVE_STPCPY 1
| #define HAVE_STRERROR 1
| #define HAVE_STRSIGNAL 1
| #define HAVE_SYNC_FILE_RANGE 1
| #define HAVE_UTIMENSAT 1
| #define HAVE_SIG_ATOMIC_T 1
| #define HAVE_STRUCT_SIGCONTEXT 1
| #define HAVE_STRUCT_MMSGHDR 1
| #define HAVE___KERNEL_LONG_T 1
| #define HAVE___KERNEL_ULONG_T 1
| /* end confdefs.h.  */
| #include <sys/types.h>
| #include <asm/stat.h>
| 
| int
| main (void)
| {
| if (sizeof ((struct __old_kernel_stat)))
| 	    return 0;
|   ;
|   return 0;
| }
configure:11075: result: yes
configure:11087: checking for struct user_desc
configure:11087: gcc -c -std=gnu17 -O2 -g  conftest.c >&5
configure:11087: $? = 0
configure:11087: gcc -c -std=gnu17 -O2 -g  conftest.c >&5
conftest.c: In function 'main':
conftest.c:76:31: error: expected expression before ')' token
   76 | if (sizeof ((struct user_desc)))
      |                               ^
configure:11087: $? = 1
configure: failed program was:
| /* confdefs.h */
| #define PACKAGE_NAME "strace"
| #define PACKAGE_TARNAME "strace"
| #define PACKAGE_VERSION "UNKNOWN"
| #define PACKAGE_STRING "strace UNKNOWN"
| #define PACKAGE_BUGREPORT "strace-devel@lists.sourceforge.net"
| #define PACKAGE_URL "https://strace.io"
| #define PACKAGE "strace"
| #define VERSION "UNKNOWN"
| #define HAVE_STDIO_H 1
| #define HAVE_STDLIB_H 1
| #define HAVE_STRING_H 1
| #define HAVE_INTTYPES_H 1
| #define HAVE_STDINT_H 1
| #define HAVE_STRINGS_H 1
| #define HAVE_SYS_STAT_H 1
| #define HAVE_SYS_TYPES_H 1
| #define HAVE_UNISTD_H 1
| #define HAVE_WCHAR_H 1
| #define STDC_HEADERS 1
| #define _ALL_SOURCE 1
| #define _COSMO_SOURCE 1
| #define _DARWIN_C_SOURCE 1
| #define _GNU_SOURCE 1
| #define _HPUX_ALT_XOPEN_SOCKET_API 1
| #define _NETBSD_SOURCE 1
| #define _OPENBSD_SOURCE 1
| #define _POSIX_PTHREAD_SEMANTICS 1
| #define __STDC_WANT_IEC_60559_ATTRIBS_EXT__ 1
| #define __STDC_WANT_IEC_60559_BFP_EXT__ 1
| #define __STDC_WANT_IEC_60559_DFP_EXT__ 1
| #define __STDC_WANT_IEC_60559_EXT__ 1
| #define __STDC_WANT_IEC_60559_FUNCS_EXT__ 1
| #define __STDC_WANT_IEC_60559_TYPES_EXT__ 1
| #define __STDC_WANT_LIB_EXT2__ 1
| #define __STDC_WANT_MATH_SPEC_FUNCS__ 1
| #define _TANDEM_SOURCE 1
| #define __EXTENSIONS__ 1
| #define X86_64 1
| #define ENABLE_ARM_OABI 0
| #define HAVE_TYPEOF 1
| #define HAVE_ACCEPT4 1
| #define HAVE_FALLOCATE 1
| #define HAVE_FANOTIFY_MARK 1
| #define HAVE_FOPEN64 1
| #define HAVE_FORK 1
| #define HAVE_FPUTS_UNLOCKED 1
| #define HAVE_FSTATAT 1
| #define HAVE_FTRUNCATE 1
| #define HAVE_FUTIMENS 1
| #define HAVE_IF_INDEXTONAME 1
| #define HAVE_OPEN64 1
| #define HAVE_PRCTL 1
| #define HAVE_PREADV 1
| #define HAVE_PROCESS_VM_READV 1
| #define HAVE_PWRITEV 1
| #define HAVE_READAHEAD 1
| #define HAVE_SIGNALFD 1
| #define HAVE_STPCPY 1
| #define HAVE_STRERROR 1
| #define HAVE_STRSIGNAL 1
| #define HAVE_SYNC_FILE_RANGE 1
| #define HAVE_UTIMENSAT 1
| #define HAVE_SIG_ATOMIC_T 1
| #define HAVE_STRUCT_SIGCONTEXT 1
| #define HAVE_STRUCT_MMSGHDR 1
| #define HAVE___KERNEL_LONG_T 1
| #define HAVE___KERNEL_ULONG_T 1
| #define HAVE_STRUCT___OLD_KERNEL_STAT 1
| /* end confdefs.h.  */
| #include <asm/ldt.h>
| 
| int
| main (void)
| {
| if (sizeof ((struct user_desc)))
| 	    return 0;
|   ;
|   return 0;
| }
configure:11087: result: yes
configure:11098: checking for struct stat.st_mtime_nsec
configure:11098: gcc -c -std=gnu17 -O2 -g  conftest.c >&5
configure:11098: $? = 0
configure:11098: result: yes
configure:11108: checking for struct stat64.st_mtime_nsec
configure:11108: gcc -c -std=gnu17 -O2 -g  conftest.c >&5
conftest.c: In function 'main':
conftest.c:79:22: error: storage size of 'ac_aggr' isn't known
   79 | static struct stat64 ac_aggr;
      |                      ^~~~~~~
configure:11108: $? = 1
configure: failed program was:
| /* confdefs.h */
| #define PACKAGE_NAME "strace"
| #define PACKAGE_TARNAME "strace"
| #define PACKAGE_VERSION "UNKNOWN"
| #define PACKAGE_STRING "strace UNKNOWN"
| #define PACKAGE_BUGREPORT "strace-devel@lists.sourceforge.net"
| #define PACKAGE_URL "https://strace.io"
| #define PACKAGE "strace"
| #define VERSION "UNKNOWN"
| #define HAVE_STDIO_H 1
| #define HAVE_STDLIB_H 1
| #define HAVE_STRING_H 1
| #define HAVE_INTTYPES_H 1
| #define HAVE_STDINT_H 1
| #define HAVE_STRINGS_H 1
| #define HAVE_SYS_STAT_H 1
| #define HAVE_SYS_TYPES_H 1
| #define HAVE_UNISTD_H 1
| #define HAVE_WCHAR_H 1
| #define STDC_HEADERS 1
| #define _ALL_SOURCE 1
| #define _COSMO_SOURCE 1
| #define _DARWIN_C_SOURCE 1
| #define _GNU_SOURCE 1
| #define _HPUX_ALT_XOPEN_SOCKET_API 1
| #define _NETBSD_SOURCE 1
| #define _OPENBSD_SOURCE 1
| #define _POSIX_PTHREAD_SEMANTICS 1
| #define __STDC_WANT_IEC_60559_ATTRIBS_EXT__ 1
| #define __STDC_WANT_IEC_60559_BFP_EXT__ 1
| #define __STDC_WANT_IEC_60559_DFP_EXT__ 1
| #define __STDC_WANT_IEC_60559_EXT__ 1
| #define __STDC_WANT_IEC_60559_FUNCS_EXT__ 1
| #define __STDC_WANT_IEC_60559_TYPES_EXT__ 1
| #define __STDC_WANT_LIB_EXT2__ 1
| #define __STDC_WANT_MATH_SPEC_FUNCS__ 1
| #define _TANDEM_SOURCE 1
| #define __EXTENSIONS__ 1
| #define X86_64 1
| #define ENABLE_ARM_OABI 0
| #define HAVE_TYPEOF 1
| #define HAVE_ACCEPT4 1
| #define HAVE_FALLOCATE 1
| #define HAVE_FANOTIFY_MARK 1
| #define HAVE_FOPEN64 1
| #define HAVE_FORK 1
| #define HAVE_FPUTS_UNLOCKED 1
| #define HAVE_FSTATAT 1
| #define HAVE_FTRUNCATE 1
| #define HAVE_FUTIMENS 1
| #define HAVE_IF_INDEXTONAME 1
| #define HAVE_OPEN64 1
| #define HAVE_PRCTL 1
| #define HAVE_PREADV 1
| #define HAVE_PROCESS_VM_READV 1
| #define HAVE_PWRITEV 1
| #define HAVE_READAHEAD 1
| #define HAVE_SIGNALFD 1
| #define HAVE_STPCPY 1
| #define HAVE_STRERROR 1
| #define HAVE_STRSIGNAL 1
| #define HAVE_SYNC_FILE_RANGE 1
| #define HAVE_UTIMENSAT 1
| #define HAVE_SIG_ATOMIC_T 1
| #define HAVE_STRUCT_SIGCONTEXT 1
| #define HAVE_STRUCT_MMSGHDR 1
| #define HAVE___KERNEL_LONG_T 1
| #define HAVE___KERNEL_ULONG_T 1
| #define HAVE_STRUCT___OLD_KERNEL_STAT 1
| #define HAVE_STRUCT_USER_DESC 1
| #define HAVE_STRUCT_STAT_ST_MTIME_NSEC 1
| /* end confdefs.h.  */
| #include <sys/types.h>
| #include <asm/stat.h>
| 
| int
| main (void)
| {
| static struct stat64 ac_aggr;
| if (ac_aggr.st_mtime_nsec)
| return 0;
|   ;
|   return 0;
| }
configure:11108: gcc -c -std=gnu17 -O2 -g  conftest.c >&5
conftest.c: In function 'main':
conftest.c:79:22: error: storage size of 'ac_aggr' isn't known
   79 | static struct stat64 ac_aggr;
      |                      ^~~~~~~
configure:11108: $? = 1
configure: failed program was:
| /* confdefs.h */
| #define PACKAGE_NAME "strace"
| #define PACKAGE_TARNAME "strace"
| #define PACKAGE_VERSION "UNKNOWN"
| #define PACKAGE_STRING "strace UNKNOWN"
| #define PACKAGE_BUGREPORT "strace-devel@lists.sourceforge.net"
| #define PACKAGE_URL "https://strace.io"
| #define PACKAGE "strace"
| #define VERSION "UNKNOWN"
| #define HAVE_STDIO_H 1
| #define HAVE_STDLIB_H 1
| #define HAVE_STRING_H 1
| #define HAVE_INTTYPES_H 1
| #define HAVE_STDINT_H 1
| #define HAVE_STRINGS_H 1
| #define HAVE_SYS_STAT_H 1
| #define HAVE_SYS_TYPES_H 1
| #define HAVE_UNISTD_H 1
| #define HAVE_WCHAR_H 1
| #define STDC_HEADERS 1
| #define _ALL_SOURCE 1
| #define _COSMO_SOURCE 1
| #define _DARWIN_C_SOURCE 1
| #define _GNU_SOURCE 1
| #define _HPUX_ALT_XOPEN_SOCKET_API 1
| #define _NETBSD_SOURCE 1
| #define _OPENBSD_SOURCE 1
| #define _POSIX_PTHREAD_SEMANTICS 1
| #define __STDC_WANT_IEC_60559_ATTRIBS_EXT__ 1
| #define __STDC_WANT_IEC_60559_BFP_EXT__ 1
| #define __STDC_WANT_IEC_60559_DFP_EXT__ 1
| #define __STDC_WANT_IEC_60559_EXT__ 1
| #define __STDC_WANT_IEC_60559_FUNCS_EXT__ 1
| #define __STDC_WANT_IEC_60559_TYPES_EXT__ 1
| #define __STDC_WANT_LIB_EXT2__ 1
| #define __STDC_WANT_MATH_SPEC_FUNCS__ 1
| #define _TANDEM_SOURCE 1
| #define __EXTENSIONS__ 1
| #define X86_64 1
| #define ENABLE_ARM_OABI 0
| #define HAVE_TYPEOF 1
| #define HAVE_ACCEPT4 1
| #define HAVE_FALLOCATE 1
| #define HAVE_FANOTIFY_MARK 1
| #define HAVE_FOPEN64 1
| #define HAVE_FORK 1
| #define HAVE_FPUTS_UNLOCKED 1
| #define HAVE_FSTATAT 1
| #define HAVE_FTRUNCATE 1
| #define HAVE_FUTIMENS 1
| #define HAVE_IF_INDEXTONAME 1
| #define HAVE_OPEN64 1
| #define HAVE_PRCTL 1
| #define HAVE_PREADV 1
| #define HAVE_PROCESS_VM_READV 1
| #define HAVE_PWRITEV 1
| #define HAVE_READAHEAD 1
| #define HAVE_SIGNALFD 1
| #define HAVE_STPCPY 1
| #define HAVE_STRERROR 1
| #define HAVE_STRSIGNAL 1
| #define HAVE_SYNC_FILE_RANGE 1
| #define HAVE_UTIMENSAT 1
| #define HAVE_SIG_ATOMIC_T 1
| #define HAVE_STRUCT_SIGCONTEXT 1
| #define HAVE_STRUCT_MMSGHDR 1
| #define HAVE___KERNEL_LONG_T 1
| #define HAVE___KERNEL_ULONG_T 1
| #define HAVE_STRUCT___OLD_KERNEL_STAT 1
| #define HAVE_STRUCT_USER_DESC 1
| #define HAVE_STRUCT_STAT_ST_MTIME_NSEC 1
| /* end confdefs.h.  */
| #include <sys/types.h>
| #include <asm/stat.h>
| 
| int
| main (void)
| {
| static struct stat64 ac_aggr;
| if (sizeof ac_aggr.st_mtime_nsec)
| return 0;
|   ;
|   return 0;
| }
configure:11108: result: no
configure:11120: checking for struct pt_all_user_regs
configure:11120: gcc -c -std=gnu17 -O2 -g  conftest.c >&5
conftest.c: In function 'main':
conftest.c:78:13: error: invalid application of 'sizeof' to incomplete type 'struct pt_all_user_regs'
   78 | if (sizeof (struct pt_all_user_regs))
      |             ^~~~~~
configure:11120: $? = 1
configure: failed program was:
| /* confdefs.h */
| #define PACKAGE_NAME "strace"
| #define PACKAGE_TARNAME "strace"
| #define PACKAGE_VERSION "UNKNOWN"
| #define PACKAGE_STRING "strace UNKNOWN"
| #define PACKAGE_BUGREPORT "strace-devel@lists.sourceforge.net"
| #define PACKAGE_URL "https://strace.io"
| #define PACKAGE "strace"
| #define VERSION "UNKNOWN"
| #define HAVE_STDIO_H 1
| #define HAVE_STDLIB_H 1
| #define HAVE_STRING_H 1
| #define HAVE_INTTYPES_H 1
| #define HAVE_STDINT_H 1
| #define HAVE_STRINGS_H 1
| #define HAVE_SYS_STAT_H 1
| #define HAVE_SYS_TYPES_H 1
| #define HAVE_UNISTD_H 1
| #define HAVE_WCHAR_H 1
| #define STDC_HEADERS 1
| #define _ALL_SOURCE 1
| #define _COSMO_SOURCE 1
| #define _DARWIN_C_SOURCE 1
| #define _GNU_SOURCE 1
| #define _HPUX_ALT_XOPEN_SOCKET_API 1
| #define _NETBSD_SOURCE 1
| #define _OPENBSD_SOURCE 1
| #define _POSIX_PTHREAD_SEMANTICS 1
| #define __STDC_WANT_IEC_60559_ATTRIBS_EXT__ 1
| #define __STDC_WANT_IEC_60559_BFP_EXT__ 1
| #define __STDC_WANT_IEC_60559_DFP_EXT__ 1
| #define __STDC_WANT_IEC_60559_EXT__ 1
| #define __STDC_WANT_IEC_60559_FUNCS_EXT__ 1
| #define __STDC_WANT_IEC_60559_TYPES_EXT__ 1
| #define __STDC_WANT_LIB_EXT2__ 1
| #define __STDC_WANT_MATH_SPEC_FUNCS__ 1
| #define _TANDEM_SOURCE 1
| #define __EXTENSIONS__ 1
| #define X86_64 1
| #define ENABLE_ARM_OABI 0
| #define HAVE_TYPEOF 1
| #define HAVE_ACCEPT4 1
| #define HAVE_FALLOCATE 1
| #define HAVE_FANOTIFY_MARK 1
| #define HAVE_FOPEN64 1
| #define HAVE_FORK 1
| #define HAVE_FPUTS_UNLOCKED 1
| #define HAVE_FSTATAT 1
| #define HAVE_FTRUNCATE 1
| #define HAVE_FUTIMENS 1
| #define HAVE_IF_INDEXTONAME 1
| #define HAVE_OPEN64 1
| #define HAVE_PRCTL 1
| #define HAVE_PREADV 1
| #define HAVE_PROCESS_VM_READV 1
| #define HAVE_PWRITEV 1
| #define HAVE_READAHEAD 1
| #define HAVE_SIGNALFD 1
| #define HAVE_STPCPY 1
| #define HAVE_STRERROR 1
| #define HAVE_STRSIGNAL 1
| #define HAVE_SYNC_FILE_RANGE 1
| #define HAVE_UTIMENSAT 1
| #define HAVE_SIG_ATOMIC_T 1
| #define HAVE_STRUCT_SIGCONTEXT 1
| #define HAVE_STRUCT_MMSGHDR 1
| #define HAVE___KERNEL_LONG_T 1
| #define HAVE___KERNEL_ULONG_T 1
| #define HAVE_STRUCT___OLD_KERNEL_STAT 1
| #define HAVE_STRUCT_USER_DESC 1
| #define HAVE_STRUCT_STAT_ST_MTIME_NSEC 1
| /* end confdefs.h.  */
| #include <sys/ptrace.h>
| 
| int
| main (void)
| {
| if (sizeof (struct pt_all_user_regs))
| 	 return 0;
|   ;
|   return 0;
| }
configure:11120: result: no
configure:11129: checking for struct ia64_fpreg
configure:11129: gcc -c -std=gnu17 -O2 -g  conftest.c >&5
conftest.c: In function 'main':
conftest.c:78:13: error: invalid application of 'sizeof' to incomplete type 'struct ia64_fpreg'
   78 | if (sizeof (struct ia64_fpreg))
      |             ^~~~~~
configure:11129: $? = 1
configure: failed program was:
| /* confdefs.h */
| #define PACKAGE_NAME "strace"
| #define PACKAGE_TARNAME "strace"
| #define PACKAGE_VERSION "UNKNOWN"
| #define PACKAGE_STRING "strace UNKNOWN"
| #define PACKAGE_BUGREPORT "strace-devel@lists.sourceforge.net"
| #define PACKAGE_URL "https://strace.io"
| #define PACKAGE "strace"
| #define VERSION "UNKNOWN"
| #define HAVE_STDIO_H 1
| #define HAVE_STDLIB_H 1
| #define HAVE_STRING_H 1
| #define HAVE_INTTYPES_H 1
| #define HAVE_STDINT_H 1
| #define HAVE_STRINGS_H 1
| #define HAVE_SYS_STAT_H 1
| #define HAVE_SYS_TYPES_H 1
| #define HAVE_UNISTD_H 1
| #define HAVE_WCHAR_H 1
| #define STDC_HEADERS 1
| #define _ALL_SOURCE 1
| #define _COSMO_SOURCE 1
| #define _DARWIN_C_SOURCE 1
| #define _GNU_SOURCE 1
| #define _HPUX_ALT_XOPEN_SOCKET_API 1
| #define _NETBSD_SOURCE 1
| #define _OPENBSD_SOURCE 1
| #define _POSIX_PTHREAD_SEMANTICS 1
| #define __STDC_WANT_IEC_60559_ATTRIBS_EXT__ 1
| #define __STDC_WANT_IEC_60559_BFP_EXT__ 1
| #define __STDC_WANT_IEC_60559_DFP_EXT__ 1
| #define __STDC_WANT_IEC_60559_EXT__ 1
| #define __STDC_WANT_IEC_60559_FUNCS_EXT__ 1
| #define __STDC_WANT_IEC_60559_TYPES_EXT__ 1
| #define __STDC_WANT_LIB_EXT2__ 1
| #define __STDC_WANT_MATH_SPEC_FUNCS__ 1
| #define _TANDEM_SOURCE 1
| #define __EXTENSIONS__ 1
| #define X86_64 1
| #define ENABLE_ARM_OABI 0
| #define HAVE_TYPEOF 1
| #define HAVE_ACCEPT4 1
| #define HAVE_FALLOCATE 1
| #define HAVE_FANOTIFY_MARK 1
| #define HAVE_FOPEN64 1
| #define HAVE_FORK 1
| #define HAVE_FPUTS_UNLOCKED 1
| #define HAVE_FSTATAT 1
| #define HAVE_FTRUNCATE 1
| #define HAVE_FUTIMENS 1
| #define HAVE_IF_INDEXTONAME 1
| #define HAVE_OPEN64 1
| #define HAVE_PRCTL 1
| #define HAVE_PREADV 1
| #define HAVE_PROCESS_VM_READV 1
| #define HAVE_PWRITEV 1
| #define HAVE_READAHEAD 1
| #define HAVE_SIGNALFD 1
| #define HAVE_STPCPY 1
| #define HAVE_STRERROR 1
| #define HAVE_STRSIGNAL 1
| #define HAVE_SYNC_FILE_RANGE 1
| #define HAVE_UTIMENSAT 1
| #define HAVE_SIG_ATOMIC_T 1
| #define HAVE_STRUCT_SIGCONTEXT 1
| #define HAVE_STRUCT_MMSGHDR 1
| #define HAVE___KERNEL_LONG_T 1
| #define HAVE___KERNEL_ULONG_T 1
| #define HAVE_STRUCT___OLD_KERNEL_STAT 1
| #define HAVE_STRUCT_USER_DESC 1
| #define HAVE_STRUCT_STAT_ST_MTIME_NSEC 1
| /* end confdefs.h.  */
| #include <sys/ptrace.h>
| 
| int
| main (void)
| {
| if (sizeof (struct ia64_fpreg))
| 	 return 0;
|   ;
|   return 0;
| }
configure:11129: result: no
configure:11138: checking for struct ptrace_peeksiginfo_args
configure:11138: gcc -c -std=gnu17 -O2 -g  conftest.c >&5
conftest.c: In function 'main':
conftest.c:78:13: error: invalid application of 'sizeof' to incomplete type 'struct ptrace_peeksiginfo_args'
   78 | if (sizeof (struct ptrace_peeksiginfo_args))
      |             ^~~~~~
configure:11138: $? = 1
configure: failed program was:
| /* confdefs.h */
| #define PACKAGE_NAME "strace"
| #define PACKAGE_TARNAME "strace"
| #define PACKAGE_VERSION "UNKNOWN"
| #define PACKAGE_STRING "strace UNKNOWN"
| #define PACKAGE_BUGREPORT "strace-devel@lists.sourceforge.net"
| #define PACKAGE_URL "https://strace.io"
| #define PACKAGE "strace"
| #define VERSION "UNKNOWN"
| #define HAVE_STDIO_H 1
| #define HAVE_STDLIB_H 1
| #define HAVE_STRING_H 1
| #define HAVE_INTTYPES_H 1
| #define HAVE_STDINT_H 1
| #define HAVE_STRINGS_H 1
| #define HAVE_SYS_STAT_H 1
| #define HAVE_SYS_TYPES_H 1
| #define HAVE_UNISTD_H 1
| #define HAVE_WCHAR_H 1
| #define STDC_HEADERS 1
| #define _ALL_SOURCE 1
| #define _COSMO_SOURCE 1
| #define _DARWIN_C_SOURCE 1
| #define _GNU_SOURCE 1
| #define _HPUX_ALT_XOPEN_SOCKET_API 1
| #define _NETBSD_SOURCE 1
| #define _OPENBSD_SOURCE 1
| #define _POSIX_PTHREAD_SEMANTICS 1
| #define __STDC_WANT_IEC_60559_ATTRIBS_EXT__ 1
| #define __STDC_WANT_IEC_60559_BFP_EXT__ 1
| #define __STDC_WANT_IEC_60559_DFP_EXT__ 1
| #define __STDC_WANT_IEC_60559_EXT__ 1
| #define __STDC_WANT_IEC_60559_FUNCS_EXT__ 1
| #define __STDC_WANT_IEC_60559_TYPES_EXT__ 1
| #define __STDC_WANT_LIB_EXT2__ 1
| #define __STDC_WANT_MATH_SPEC_FUNCS__ 1
| #define _TANDEM_SOURCE 1
| #define __EXTENSIONS__ 1
| #define X86_64 1
| #define ENABLE_ARM_OABI 0
| #define HAVE_TYPEOF 1
| #define HAVE_ACCEPT4 1
| #define HAVE_FALLOCATE 1
| #define HAVE_FANOTIFY_MARK 1
| #define HAVE_FOPEN64 1
| #define HAVE_FORK 1
| #define HAVE_FPUTS_UNLOCKED 1
| #define HAVE_FSTATAT 1
| #define HAVE_FTRUNCATE 1
| #define HAVE_FUTIMENS 1
| #define HAVE_IF_INDEXTONAME 1
| #define HAVE_OPEN64 1
| #define HAVE_PRCTL 1
| #define HAVE_PREADV 1
| #define HAVE_PROCESS_VM_READV 1
| #define HAVE_PWRITEV 1
| #define HAVE_READAHEAD 1
| #define HAVE_SIGNALFD 1
| #define HAVE_STPCPY 1
| #define HAVE_STRERROR 1
| #define HAVE_STRSIGNAL 1
| #define HAVE_SYNC_FILE_RANGE 1
| #define HAVE_UTIMENSAT 1
| #define HAVE_SIG_ATOMIC_T 1
| #define HAVE_STRUCT_SIGCONTEXT 1
| #define HAVE_STRUCT_MMSGHDR 1
| #define HAVE___KERNEL_LONG_T 1
| #define HAVE___KERNEL_ULONG_T 1
| #define HAVE_STRUCT___OLD_KERNEL_STAT 1
| #define HAVE_STRUCT_USER_DESC 1
| #define HAVE_STRUCT_STAT_ST_MTIME_NSEC 1
| /* end confdefs.h.  */
| #include <sys/ptrace.h>
| 
| int
| main (void)
| {
| if (sizeof (struct ptrace_peeksiginfo_args))
| 	 return 0;
|   ;
|   return 0;
| }
configure:11138: result: no
configure:11149: checking for struct flock
configure:11149: gcc -c -std=gnu17 -O2 -g  conftest.c >&5
configure:11149: $? = 0
configure:11149: gcc -c -std=gnu17 -O2 -g  conftest.c >&5
conftest.c: In function 'main':
conftest.c:79:27: error: expected expression before ')' token
   79 | if (sizeof ((struct flock)))
      |                           ^
configure:11149: $? = 1
configure: failed program was:
| /* confdefs.h */
| #define PACKAGE_NAME "strace"
| #define PACKAGE_TARNAME "strace"
| #define PACKAGE_VERSION "UNKNOWN"
| #define PACKAGE_STRING "strace UNKNOWN"
| #define PACKAGE_BUGREPORT "strace-devel@lists.sourceforge.net"
| #define PACKAGE_URL "https://strace.io"
| #define PACKAGE "strace"
| #define VERSION "UNKNOWN"
| #define HAVE_STDIO_H 1
| #define HAVE_STDLIB_H 1
| #define HAVE_STRING_H 1
| #define HAVE_INTTYPES_H 1
| #define HAVE_STDINT_H 1
| #define HAVE_STRINGS_H 1
| #define HAVE_SYS_STAT_H 1
| #define HAVE_SYS_TYPES_H 1
| #define HAVE_UNISTD_H 1
| #define HAVE_WCHAR_H 1
| #define STDC_HEADERS 1
| #define _ALL_SOURCE 1
| #define _COSMO_SOURCE 1
| #define _DARWIN_C_SOURCE 1
| #define _GNU_SOURCE 1
| #define _HPUX_ALT_XOPEN_SOCKET_API 1
| #define _NETBSD_SOURCE 1
| #define _OPENBSD_SOURCE 1
| #define _POSIX_PTHREAD_SEMANTICS 1
| #define __STDC_WANT_IEC_60559_ATTRIBS_EXT__ 1
| #define __STDC_WANT_IEC_60559_BFP_EXT__ 1
| #define __STDC_WANT_IEC_60559_DFP_EXT__ 1
| #define __STDC_WANT_IEC_60559_EXT__ 1
| #define __STDC_WANT_IEC_60559_FUNCS_EXT__ 1
| #define __STDC_WANT_IEC_60559_TYPES_EXT__ 1
| #define __STDC_WANT_LIB_EXT2__ 1
| #define __STDC_WANT_MATH_SPEC_FUNCS__ 1
| #define _TANDEM_SOURCE 1
| #define __EXTENSIONS__ 1
| #define X86_64 1
| #define ENABLE_ARM_OABI 0
| #define HAVE_TYPEOF 1
| #define HAVE_ACCEPT4 1
| #define HAVE_FALLOCATE 1
| #define HAVE_FANOTIFY_MARK 1
| #define HAVE_FOPEN64 1
| #define HAVE_FORK 1
| #define HAVE_FPUTS_UNLOCKED 1
| #define HAVE_FSTATAT 1
| #define HAVE_FTRUNCATE 1
| #define HAVE_FUTIMENS 1
| #define HAVE_IF_INDEXTONAME 1
| #define HAVE_OPEN64 1
| #define HAVE_PRCTL 1
| #define HAVE_PREADV 1
| #define HAVE_PROCESS_VM_READV 1
| #define HAVE_PWRITEV 1
| #define HAVE_READAHEAD 1
| #define HAVE_SIGNALFD 1
| #define HAVE_STPCPY 1
| #define HAVE_STRERROR 1
| #define HAVE_STRSIGNAL 1
| #define HAVE_SYNC_FILE_RANGE 1
| #define HAVE_UTIMENSAT 1
| #define HAVE_SIG_ATOMIC_T 1
| #define HAVE_STRUCT_SIGCONTEXT 1
| #define HAVE_STRUCT_MMSGHDR 1
| #define HAVE___KERNEL_LONG_T 1
| #define HAVE___KERNEL_ULONG_T 1
| #define HAVE_STRUCT___OLD_KERNEL_STAT 1
| #define HAVE_STRUCT_USER_DESC 1
| #define HAVE_STRUCT_STAT_ST_MTIME_NSEC 1
| /* end confdefs.h.  */
| #include <sys/types.h>
| #include <linux/fcntl.h>
| 
| int
| main (void)
| {
| if (sizeof ((struct flock)))
| 	    return 0;
|   ;
|   return 0;
| }
configure:11149: result: yes
configure:11159: checking for struct flock64
configure:11159: gcc -c -std=gnu17 -O2 -g  conftest.c >&5
configure:11159: $? = 0
configure:11159: gcc -c -std=gnu17 -O2 -g  conftest.c >&5
conftest.c: In function 'main':
conftest.c:80:29: error: expected expression before ')' token
   80 | if (sizeof ((struct flock64)))
      |                             ^
configure:11159: $? = 1
configure: failed program was:
| /* confdefs.h */
| #define PACKAGE_NAME "strace"
| #define PACKAGE_TARNAME "strace"
| #define PACKAGE_VERSION "UNKNOWN"
| #define PACKAGE_STRING "strace UNKNOWN"
| #define PACKAGE_BUGREPORT "strace-devel@lists.sourceforge.net"
| #define PACKAGE_URL "https://strace.io"
| #define PACKAGE "strace"
| #define VERSION "UNKNOWN"
| #define HAVE_STDIO_H 1
| #define HAVE_STDLIB_H 1
| #define HAVE_STRING_H 1
| #define HAVE_INTTYPES_H 1
| #define HAVE_STDINT_H 1
| #define HAVE_STRINGS_H 1
| #define HAVE_SYS_STAT_H 1
| #define HAVE_SYS_TYPES_H 1
| #define HAVE_UNISTD_H 1
| #define HAVE_WCHAR_H 1
| #define STDC_HEADERS 1
| #define _ALL_SOURCE 1
| #define _COSMO_SOURCE 1
| #define _DARWIN_C_SOURCE 1
| #define _GNU_SOURCE 1
| #define _HPUX_ALT_XOPEN_SOCKET_API 1
| #define _NETBSD_SOURCE 1
| #define _OPENBSD_SOURCE 1
| #define _POSIX_PTHREAD_SEMANTICS 1
| #define __STDC_WANT_IEC_60559_ATTRIBS_EXT__ 1
| #define __STDC_WANT_IEC_60559_BFP_EXT__ 1
| #define __STDC_WANT_IEC_60559_DFP_EXT__ 1
| #define __STDC_WANT_IEC_60559_EXT__ 1
| #define __STDC_WANT_IEC_60559_FUNCS_EXT__ 1
| #define __STDC_WANT_IEC_60559_TYPES_EXT__ 1
| #define __STDC_WANT_LIB_EXT2__ 1
| #define __STDC_WANT_MATH_SPEC_FUNCS__ 1
| #define _TANDEM_SOURCE 1
| #define __EXTENSIONS__ 1
| #define X86_64 1
| #define ENABLE_ARM_OABI 0
| #define HAVE_TYPEOF 1
| #define HAVE_ACCEPT4 1
| #define HAVE_FALLOCATE 1
| #define HAVE_FANOTIFY_MARK 1
| #define HAVE_FOPEN64 1
| #define HAVE_FORK 1
| #define HAVE_FPUTS_UNLOCKED 1
| #define HAVE_FSTATAT 1
| #define HAVE_FTRUNCATE 1
| #define HAVE_FUTIMENS 1
| #define HAVE_IF_INDEXTONAME 1
| #define HAVE_OPEN64 1
| #define HAVE_PRCTL 1
| #define HAVE_PREADV 1
| #define HAVE_PROCESS_VM_READV 1
| #define HAVE_PWRITEV 1
| #define HAVE_READAHEAD 1
| #define HAVE_SIGNALFD 1
| #define HAVE_STPCPY 1
| #define HAVE_STRERROR 1
| #define HAVE_STRSIGNAL 1
| #define HAVE_SYNC_FILE_RANGE 1
| #define HAVE_UTIMENSAT 1
| #define HAVE_SIG_ATOMIC_T 1
| #define HAVE_STRUCT_SIGCONTEXT 1
| #define HAVE_STRUCT_MMSGHDR 1
| #define HAVE___KERNEL_LONG_T 1
| #define HAVE___KERNEL_ULONG_T 1
| #define HAVE_STRUCT___OLD_KERNEL_STAT 1
| #define HAVE_STRUCT_USER_DESC 1
| #define HAVE_STRUCT_STAT_ST_MTIME_NSEC 1
| #define HAVE_STRUCT_FLOCK 1
| /* end confdefs.h.  */
| #include <sys/types.h>
| #include <linux/fcntl.h>
| 
| int
| main (void)
| {
| if (sizeof ((struct flock64)))
| 	    return 0;
|   ;
|   return 0;
| }
configure:11159: result: yes
configure:11169: checking for struct __kernel_flock
configure:11169: gcc -c -std=gnu17 -O2 -g  conftest.c >&5
conftest.c: In function 'main':
conftest.c:81:13: error: invalid application of 'sizeof' to incomplete type 'struct __kernel_flock'
   81 | if (sizeof (struct __kernel_flock))
      |             ^~~~~~
configure:11169: $? = 1
configure: failed program was:
| /* confdefs.h */
| #define PACKAGE_NAME "strace"
| #define PACKAGE_TARNAME "strace"
| #define PACKAGE_VERSION "UNKNOWN"
| #define PACKAGE_STRING "strace UNKNOWN"
| #define PACKAGE_BUGREPORT "strace-devel@lists.sourceforge.net"
| #define PACKAGE_URL "https://strace.io"
| #define PACKAGE "strace"
| #define VERSION "UNKNOWN"
| #define HAVE_STDIO_H 1
| #define HAVE_STDLIB_H 1
| #define HAVE_STRING_H 1
| #define HAVE_INTTYPES_H 1
| #define HAVE_STDINT_H 1
| #define HAVE_STRINGS_H 1
| #define HAVE_SYS_STAT_H 1
| #define HAVE_SYS_TYPES_H 1
| #define HAVE_UNISTD_H 1
| #define HAVE_WCHAR_H 1
| #define STDC_HEADERS 1
| #define _ALL_SOURCE 1
| #define _COSMO_SOURCE 1
| #define _DARWIN_C_SOURCE 1
| #define _GNU_SOURCE 1
| #define _HPUX_ALT_XOPEN_SOCKET_API 1
| #define _NETBSD_SOURCE 1
| #define _OPENBSD_SOURCE 1
| #define _POSIX_PTHREAD_SEMANTICS 1
| #define __STDC_WANT_IEC_60559_ATTRIBS_EXT__ 1
| #define __STDC_WANT_IEC_60559_BFP_EXT__ 1
| #define __STDC_WANT_IEC_60559_DFP_EXT__ 1
| #define __STDC_WANT_IEC_60559_EXT__ 1
| #define __STDC_WANT_IEC_60559_FUNCS_EXT__ 1
| #define __STDC_WANT_IEC_60559_TYPES_EXT__ 1
| #define __STDC_WANT_LIB_EXT2__ 1
| #define __STDC_WANT_MATH_SPEC_FUNCS__ 1
| #define _TANDEM_SOURCE 1
| #define __EXTENSIONS__ 1
| #define X86_64 1
| #define ENABLE_ARM_OABI 0
| #define HAVE_TYPEOF 1
| #define HAVE_ACCEPT4 1
| #define HAVE_FALLOCATE 1
| #define HAVE_FANOTIFY_MARK 1
| #define HAVE_FOPEN64 1
| #define HAVE_FORK 1
| #define HAVE_FPUTS_UNLOCKED 1
| #define HAVE_FSTATAT 1
| #define HAVE_FTRUNCATE 1
| #define HAVE_FUTIMENS 1
| #define HAVE_IF_INDEXTONAME 1
| #define HAVE_OPEN64 1
| #define HAVE_PRCTL 1
| #define HAVE_PREADV 1
| #define HAVE_PROCESS_VM_READV 1
| #define HAVE_PWRITEV 1
| #define HAVE_READAHEAD 1
| #define HAVE_SIGNALFD 1
| #define HAVE_STPCPY 1
| #define HAVE_STRERROR 1
| #define HAVE_STRSIGNAL 1
| #define HAVE_SYNC_FILE_RANGE 1
| #define HAVE_UTIMENSAT 1
| #define HAVE_SIG_ATOMIC_T 1
| #define HAVE_STRUCT_SIGCONTEXT 1
| #define HAVE_STRUCT_MMSGHDR 1
| #define HAVE___KERNEL_LONG_T 1
| #define HAVE___KERNEL_ULONG_T 1
| #define HAVE_STRUCT___OLD_KERNEL_STAT 1
| #define HAVE_STRUCT_USER_DESC 1
| #define HAVE_STRUCT_STAT_ST_MTIME_NSEC 1
| #define HAVE_STRUCT_FLOCK 1
| #define HAVE_STRUCT_FLOCK64 1
| /* end confdefs.h.  */
| #include <sys/types.h>
| #include <linux/fcntl.h>
| 
| int
| main (void)
| {
| if (sizeof (struct __kernel_flock))
| 	 return 0;
|   ;
|   return 0;
| }
configure:11169: result: no
configure:11179: checking for struct __kernel_flock64
configure:11179: gcc -c -std=gnu17 -O2 -g  conftest.c >&5
conftest.c: In function 'main':
conftest.c:81:13: error: invalid application of 'sizeof' to incomplete type 'struct __kernel_flock64'
   81 | if (sizeof (struct __kernel_flock64))
      |             ^~~~~~
configure:11179: $? = 1
configure: failed program was:
| /* confdefs.h */
| #define PACKAGE_NAME "strace"
| #define PACKAGE_TARNAME "strace"
| #define PACKAGE_VERSION "UNKNOWN"
| #define PACKAGE_STRING "strace UNKNOWN"
| #define PACKAGE_BUGREPORT "strace-devel@lists.sourceforge.net"
| #define PACKAGE_URL "https://strace.io"
| #define PACKAGE "strace"
| #define VERSION "UNKNOWN"
| #define HAVE_STDIO_H 1
| #define HAVE_STDLIB_H 1
| #define HAVE_STRING_H 1
| #define HAVE_INTTYPES_H 1
| #define HAVE_STDINT_H 1
| #define HAVE_STRINGS_H 1
| #define HAVE_SYS_STAT_H 1
| #define HAVE_SYS_TYPES_H 1
| #define HAVE_UNISTD_H 1
| #define HAVE_WCHAR_H 1
| #define STDC_HEADERS 1
| #define _ALL_SOURCE 1
| #define _COSMO_SOURCE 1
| #define _DARWIN_C_SOURCE 1
| #define _GNU_SOURCE 1
| #define _HPUX_ALT_XOPEN_SOCKET_API 1
| #define _NETBSD_SOURCE 1
| #define _OPENBSD_SOURCE 1
| #define _POSIX_PTHREAD_SEMANTICS 1
| #define __STDC_WANT_IEC_60559_ATTRIBS_EXT__ 1
| #define __STDC_WANT_IEC_60559_BFP_EXT__ 1
| #define __STDC_WANT_IEC_60559_DFP_EXT__ 1
| #define __STDC_WANT_IEC_60559_EXT__ 1
| #define __STDC_WANT_IEC_60559_FUNCS_EXT__ 1
| #define __STDC_WANT_IEC_60559_TYPES_EXT__ 1
| #define __STDC_WANT_LIB_EXT2__ 1
| #define __STDC_WANT_MATH_SPEC_FUNCS__ 1
| #define _TANDEM_SOURCE 1
| #define __EXTENSIONS__ 1
| #define X86_64 1
| #define ENABLE_ARM_OABI 0
| #define HAVE_TYPEOF 1
| #define HAVE_ACCEPT4 1
| #define HAVE_FALLOCATE 1
| #define HAVE_FANOTIFY_MARK 1
| #define HAVE_FOPEN64 1
| #define HAVE_FORK 1
| #define HAVE_FPUTS_UNLOCKED 1
| #define HAVE_FSTATAT 1
| #define HAVE_FTRUNCATE 1
| #define HAVE_FUTIMENS 1
| #define HAVE_IF_INDEXTONAME 1
| #define HAVE_OPEN64 1
| #define HAVE_PRCTL 1
| #define HAVE_PREADV 1
| #define HAVE_PROCESS_VM_READV 1
| #define HAVE_PWRITEV 1
| #define HAVE_READAHEAD 1
| #define HAVE_SIGNALFD 1
| #define HAVE_STPCPY 1
| #define HAVE_STRERROR 1
| #define HAVE_STRSIGNAL 1
| #define HAVE_SYNC_FILE_RANGE 1
| #define HAVE_UTIMENSAT 1
| #define HAVE_SIG_ATOMIC_T 1
| #define HAVE_STRUCT_SIGCONTEXT 1
| #define HAVE_STRUCT_MMSGHDR 1
| #define HAVE___KERNEL_LONG_T 1
| #define HAVE___KERNEL_ULONG_T 1
| #define HAVE_STRUCT___OLD_KERNEL_STAT 1
| #define HAVE_STRUCT_USER_DESC 1
| #define HAVE_STRUCT_STAT_ST_MTIME_NSEC 1
| #define HAVE_STRUCT_FLOCK 1
| #define HAVE_STRUCT_FLOCK64 1
| /* end confdefs.h.  */
| #include <sys/types.h>
| #include <linux/fcntl.h>
| 
| int
| main (void)
| {
| if (sizeof (struct __kernel_flock64))
| 	 return 0;
|   ;
|   return 0;
| }
configure:11179: result: no
configure:11191: checking for struct timex.tai
configure:11191: gcc -c -std=gnu17 -O2 -g  conftest.c >&5
configure:11191: $? = 0
configure:11191: result: yes
configure:11202: checking for struct utsname.domainname
configure:11202: gcc -c -std=gnu17 -O2 -g  conftest.c >&5
configure:11202: $? = 0
configure:11202: result: yes
configure:11213: checking for siginfo_t.si_syscall
configure:11213: gcc -c -std=gnu17 -O2 -g  conftest.c >&5
configure:11213: $? = 0
configure:11213: result: yes
configure:11222: checking for siginfo_t.si_timerid
configure:11222: gcc -c -std=gnu17 -O2 -g  conftest.c >&5
configure:11222: $? = 0
configure:11222: result: yes
configure:11231: checking for siginfo_t.si_overrun
configure:11231: gcc -c -std=gnu17 -O2 -g  conftest.c >&5
configure:11231: $? = 0
configure:11231: result: yes
configure:11242: checking for struct perf_event_attr.precise_ip
configure:11242: gcc -c -std=gnu17 -O2 -g  conftest.c >&5
configure:11242: $? = 0
configure:11242: result: yes
configure:11251: checking for struct perf_event_attr.mmap_data
configure:11251: gcc -c -std=gnu17 -O2 -g  conftest.c >&5
configure:11251: $? = 0
configure:11251: result: yes
configure:11260: checking for struct perf_event_attr.sample_id_all
configure:11260: gcc -c -std=gnu17 -O2 -g  conftest.c >&5
configure:11260: $? = 0
configure:11260: result: yes
configure:11269: checking for struct perf_event_attr.exclude_host
configure:11269: gcc -c -std=gnu17 -O2 -g  conftest.c >&5
configure:11269: $? = 0
configure:11269: result: yes
configure:11278: checking for struct perf_event_attr.exclude_guest
configure:11278: gcc -c -std=gnu17 -O2 -g  conftest.c >&5
configure:11278: $? = 0
configure:11278: result: yes
configure:11287: checking for struct perf_event_attr.exclude_callchain_kernel
configure:11287: gcc -c -std=gnu17 -O2 -g  conftest.c >&5
configure:11287: $? = 0
configure:11287: result: yes
configure:11296: checking for struct perf_event_attr.exclude_callchain_user
configure:11296: gcc -c -std=gnu17 -O2 -g  conftest.c >&5
configure:11296: $? = 0
configure:11296: result: yes
configure:11305: checking for struct perf_event_attr.mmap2
configure:11305: gcc -c -std=gnu17 -O2 -g  conftest.c >&5
configure:11305: $? = 0
configure:11305: result: yes
configure:11314: checking for struct perf_event_attr.comm_exec
configure:11314: gcc -c -std=gnu17 -O2 -g  conftest.c >&5
configure:11314: $? = 0
configure:11314: result: yes
configure:11323: checking for struct perf_event_attr.use_clockid
configure:11323: gcc -c -std=gnu17 -O2 -g  conftest.c >&5
configure:11323: $? = 0
configure:11323: result: yes
configure:11332: checking for struct perf_event_attr.context_switch
configure:11332: gcc -c -std=gnu17 -O2 -g  conftest.c >&5
configure:11332: $? = 0
configure:11332: result: yes
configure:11341: checking for struct perf_event_attr.write_backward
configure:11341: gcc -c -std=gnu17 -O2 -g  conftest.c >&5
configure:11341: $? = 0
configure:11341: result: yes
configure:11350: checking for struct perf_event_attr.bp_type
configure:11350: gcc -c -std=gnu17 -O2 -g  conftest.c >&5
configure:11350: $? = 0
configure:11350: result: yes
configure:11359: checking for struct perf_event_attr.config1
configure:11359: gcc -c -std=gnu17 -O2 -g  conftest.c >&5
configure:11359: $? = 0
configure:11359: result: yes
configure:11368: checking for struct perf_event_attr.config2
configure:11368: gcc -c -std=gnu17 -O2 -g  conftest.c >&5
configure:11368: $? = 0
configure:11368: result: yes
configure:11377: checking for struct perf_event_attr.branch_sample_type
configure:11377: gcc -c -std=gnu17 -O2 -g  conftest.c >&5
configure:11377: $? = 0
configure:11377: result: yes
configure:11386: checking for struct perf_event_attr.sample_regs_user
configure:11386: gcc -c -std=gnu17 -O2 -g  conftest.c >&5
configure:11386: $? = 0
configure:11386: result: yes
configure:11395: checking for struct perf_event_attr.sample_stack_user
configure:11395: gcc -c -std=gnu17 -O2 -g  conftest.c >&5
configure:11395: $? = 0
configure:11395: result: yes
configure:11404: checking for struct perf_event_attr.sample_regs_intr
configure:11404: gcc -c -std=gnu17 -O2 -g  conftest.c >&5
configure:11404: $? = 0
configure:11404: result: yes
configure:11413: checking for struct perf_event_attr.aux_watermark
configure:11413: gcc -c -std=gnu17 -O2 -g  conftest.c >&5
configure:11413: $? = 0
configure:11413: result: yes
configure:11422: checking for struct perf_event_attr.sample_max_stack
configure:11422: gcc -c -std=gnu17 -O2 -g  conftest.c >&5
configure:11422: $? = 0
configure:11422: result: yes
configure:11433: checking for asm/cachectl.h
configure:11433: gcc -c -std=gnu17 -O2 -g  conftest.c >&5
conftest.c:129:10: fatal error: asm/cachectl.h: No such file or directory
  129 | #include <asm/cachectl.h>
      |          ^~~~~~~~~~~~~~~~
compilation terminated.
configure:11433: $? = 1
configure: failed program was:
| /* confdefs.h */
| #define PACKAGE_NAME "strace"
| #define PACKAGE_TARNAME "strace"
| #define PACKAGE_VERSION "UNKNOWN"
| #define PACKAGE_STRING "strace UNKNOWN"
| #define PACKAGE_BUGREPORT "strace-devel@lists.sourceforge.net"
| #define PACKAGE_URL "https://strace.io"
| #define PACKAGE "strace"
| #define VERSION "UNKNOWN"
| #define HAVE_STDIO_H 1
| #define HAVE_STDLIB_H 1
| #define HAVE_STRING_H 1
| #define HAVE_INTTYPES_H 1
| #define HAVE_STDINT_H 1
| #define HAVE_STRINGS_H 1
| #define HAVE_SYS_STAT_H 1
| #define HAVE_SYS_TYPES_H 1
| #define HAVE_UNISTD_H 1
| #define HAVE_WCHAR_H 1
| #define STDC_HEADERS 1
| #define _ALL_SOURCE 1
| #define _COSMO_SOURCE 1
| #define _DARWIN_C_SOURCE 1
| #define _GNU_SOURCE 1
| #define _HPUX_ALT_XOPEN_SOCKET_API 1
| #define _NETBSD_SOURCE 1
| #define _OPENBSD_SOURCE 1
| #define _POSIX_PTHREAD_SEMANTICS 1
| #define __STDC_WANT_IEC_60559_ATTRIBS_EXT__ 1
| #define __STDC_WANT_IEC_60559_BFP_EXT__ 1
| #define __STDC_WANT_IEC_60559_DFP_EXT__ 1
| #define __STDC_WANT_IEC_60559_EXT__ 1
| #define __STDC_WANT_IEC_60559_FUNCS_EXT__ 1
| #define __STDC_WANT_IEC_60559_TYPES_EXT__ 1
| #define __STDC_WANT_LIB_EXT2__ 1
| #define __STDC_WANT_MATH_SPEC_FUNCS__ 1
| #define _TANDEM_SOURCE 1
| #define __EXTENSIONS__ 1
| #define X86_64 1
| #define ENABLE_ARM_OABI 0
| #define HAVE_TYPEOF 1
| #define HAVE_ACCEPT4 1
| #define HAVE_FALLOCATE 1
| #define HAVE_FANOTIFY_MARK 1
| #define HAVE_FOPEN64 1
| #define HAVE_FORK 1
| #define HAVE_FPUTS_UNLOCKED 1
| #define HAVE_FSTATAT 1
| #define HAVE_FTRUNCATE 1
| #define HAVE_FUTIMENS 1
| #define HAVE_IF_INDEXTONAME 1
| #define HAVE_OPEN64 1
| #define HAVE_PRCTL 1
| #define HAVE_PREADV 1
| #define HAVE_PROCESS_VM_READV 1
| #define HAVE_PWRITEV 1
| #define HAVE_READAHEAD 1
| #define HAVE_SIGNALFD 1
| #define HAVE_STPCPY 1
| #define HAVE_STRERROR 1
| #define HAVE_STRSIGNAL 1
| #define HAVE_SYNC_FILE_RANGE 1
| #define HAVE_UTIMENSAT 1
| #define HAVE_SIG_ATOMIC_T 1
| #define HAVE_STRUCT_SIGCONTEXT 1
| #define HAVE_STRUCT_MMSGHDR 1
| #define HAVE___KERNEL_LONG_T 1
| #define HAVE___KERNEL_ULONG_T 1
| #define HAVE_STRUCT___OLD_KERNEL_STAT 1
| #define HAVE_STRUCT_USER_DESC 1
| #define HAVE_STRUCT_STAT_ST_MTIME_NSEC 1
| #define HAVE_STRUCT_FLOCK 1
| #define HAVE_STRUCT_FLOCK64 1
| #define HAVE_STRUCT_TIMEX_TAI 1
| #define HAVE_STRUCT_UTSNAME_DOMAINNAME 1
| #define HAVE_SIGINFO_T_SI_SYSCALL 1
| #define HAVE_SIGINFO_T_SI_TIMERID 1
| #define HAVE_SIGINFO_T_SI_OVERRUN 1
| #define HAVE_STRUCT_PERF_EVENT_ATTR_PRECISE_IP 1
| #define HAVE_STRUCT_PERF_EVENT_ATTR_MMAP_DATA 1
| #define HAVE_STRUCT_PERF_EVENT_ATTR_SAMPLE_ID_ALL 1
| #define HAVE_STRUCT_PERF_EVENT_ATTR_EXCLUDE_HOST 1
| #define HAVE_STRUCT_PERF_EVENT_ATTR_EXCLUDE_GUEST 1
| #define HAVE_STRUCT_PERF_EVENT_ATTR_EXCLUDE_CALLCHAIN_KERNEL 1
| #define HAVE_STRUCT_PERF_EVENT_ATTR_EXCLUDE_CALLCHAIN_USER 1
| #define HAVE_STRUCT_PERF_EVENT_ATTR_MMAP2 1
| #define HAVE_STRUCT_PERF_EVENT_ATTR_COMM_EXEC 1
| #define HAVE_STRUCT_PERF_EVENT_ATTR_USE_CLOCKID 1
| #define HAVE_STRUCT_PERF_EVENT_ATTR_CONTEXT_SWITCH 1
| #define HAVE_STRUCT_PERF_EVENT_ATTR_WRITE_BACKWARD 1
| #define HAVE_STRUCT_PERF_EVENT_ATTR_BP_TYPE 1
| #define HAVE_STRUCT_PERF_EVENT_ATTR_CONFIG1 1
| #define HAVE_STRUCT_PERF_EVENT_ATTR_CONFIG2 1
| #define HAVE_STRUCT_PERF_EVENT_ATTR_BRANCH_SAMPLE_TYPE 1
| #define HAVE_STRUCT_PERF_EVENT_ATTR_SAMPLE_REGS_USER 1
| #define HAVE_STRUCT_PERF_EVENT_ATTR_SAMPLE_STACK_USER 1
| #define HAVE_STRUCT_PERF_EVENT_ATTR_SAMPLE_REGS_INTR 1
| #define HAVE_STRUCT_PERF_EVENT_ATTR_AUX_WATERMARK 1
| #define HAVE_STRUCT_PERF_EVENT_ATTR_SAMPLE_MAX_STACK 1
| /* end confdefs.h.  */
| #include <stddef.h>
| #ifdef HAVE_STDIO_H
| # include <stdio.h>
| #endif
| #ifdef HAVE_STDLIB_H
| # include <stdlib.h>
| #endif
| #ifdef HAVE_STRING_H
| # include <string.h>
| #endif
| #ifdef HAVE_INTTYPES_H
| # include <inttypes.h>
| #endif
| #ifdef HAVE_STDINT_H
| # include <stdint.h>
| #endif
| #ifdef HAVE_STRINGS_H
| # include <strings.h>
| #endif
| #ifdef HAVE_SYS_TYPES_H
| # include <sys/types.h>
| #endif
| #ifdef HAVE_SYS_STAT_H
| # include <sys/stat.h>
| #endif
| #ifdef HAVE_UNISTD_H
| # include <unistd.h>
| #endif
| #include <asm/cachectl.h>
configure:11433: result: no
configure:11439: checking for asm/sysmips.h
configure:11439: gcc -c -std=gnu17 -O2 -g  conftest.c >&5
conftest.c:129:10: fatal error: asm/sysmips.h: No such file or directory
  129 | #include <asm/sysmips.h>
      |          ^~~~~~~~~~~~~~~
compilation terminated.
configure:11439: $? = 1
configure: failed program was:
| /* confdefs.h */
| #define PACKAGE_NAME "strace"
| #define PACKAGE_TARNAME "strace"
| #define PACKAGE_VERSION "UNKNOWN"
| #define PACKAGE_STRING "strace UNKNOWN"
| #define PACKAGE_BUGREPORT "strace-devel@lists.sourceforge.net"
| #define PACKAGE_URL "https://strace.io"
| #define PACKAGE "strace"
| #define VERSION "UNKNOWN"
| #define HAVE_STDIO_H 1
| #define HAVE_STDLIB_H 1
| #define HAVE_STRING_H 1
| #define HAVE_INTTYPES_H 1
| #define HAVE_STDINT_H 1
| #define HAVE_STRINGS_H 1
| #define HAVE_SYS_STAT_H 1
| #define HAVE_SYS_TYPES_H 1
| #define HAVE_UNISTD_H 1
| #define HAVE_WCHAR_H 1
| #define STDC_HEADERS 1
| #define _ALL_SOURCE 1
| #define _COSMO_SOURCE 1
| #define _DARWIN_C_SOURCE 1
| #define _GNU_SOURCE 1
| #define _HPUX_ALT_XOPEN_SOCKET_API 1
| #define _NETBSD_SOURCE 1
| #define _OPENBSD_SOURCE 1
| #define _POSIX_PTHREAD_SEMANTICS 1
| #define __STDC_WANT_IEC_60559_ATTRIBS_EXT__ 1
| #define __STDC_WANT_IEC_60559_BFP_EXT__ 1
| #define __STDC_WANT_IEC_60559_DFP_EXT__ 1
| #define __STDC_WANT_IEC_60559_EXT__ 1
| #define __STDC_WANT_IEC_60559_FUNCS_EXT__ 1
| #define __STDC_WANT_IEC_60559_TYPES_EXT__ 1
| #define __STDC_WANT_LIB_EXT2__ 1
| #define __STDC_WANT_MATH_SPEC_FUNCS__ 1
| #define _TANDEM_SOURCE 1
| #define __EXTENSIONS__ 1
| #define X86_64 1
| #define ENABLE_ARM_OABI 0
| #define HAVE_TYPEOF 1
| #define HAVE_ACCEPT4 1
| #define HAVE_FALLOCATE 1
| #define HAVE_FANOTIFY_MARK 1
| #define HAVE_FOPEN64 1
| #define HAVE_FORK 1
| #define HAVE_FPUTS_UNLOCKED 1
| #define HAVE_FSTATAT 1
| #define HAVE_FTRUNCATE 1
| #define HAVE_FUTIMENS 1
| #define HAVE_IF_INDEXTONAME 1
| #define HAVE_OPEN64 1
| #define HAVE_PRCTL 1
| #define HAVE_PREADV 1
| #define HAVE_PROCESS_VM_READV 1
| #define HAVE_PWRITEV 1
| #define HAVE_READAHEAD 1
| #define HAVE_SIGNALFD 1
| #define HAVE_STPCPY 1
| #define HAVE_STRERROR 1
| #define HAVE_STRSIGNAL 1
| #define HAVE_SYNC_FILE_RANGE 1
| #define HAVE_UTIMENSAT 1
| #define HAVE_SIG_ATOMIC_T 1
| #define HAVE_STRUCT_SIGCONTEXT 1
| #define HAVE_STRUCT_MMSGHDR 1
| #define HAVE___KERNEL_LONG_T 1
| #define HAVE___KERNEL_ULONG_T 1
| #define HAVE_STRUCT___OLD_KERNEL_STAT 1
| #define HAVE_STRUCT_USER_DESC 1
| #define HAVE_STRUCT_STAT_ST_MTIME_NSEC 1
| #define HAVE_STRUCT_FLOCK 1
| #define HAVE_STRUCT_FLOCK64 1
| #define HAVE_STRUCT_TIMEX_TAI 1
| #define HAVE_STRUCT_UTSNAME_DOMAINNAME 1
| #define HAVE_SIGINFO_T_SI_SYSCALL 1
| #define HAVE_SIGINFO_T_SI_TIMERID 1
| #define HAVE_SIGINFO_T_SI_OVERRUN 1
| #define HAVE_STRUCT_PERF_EVENT_ATTR_PRECISE_IP 1
| #define HAVE_STRUCT_PERF_EVENT_ATTR_MMAP_DATA 1
| #define HAVE_STRUCT_PERF_EVENT_ATTR_SAMPLE_ID_ALL 1
| #define HAVE_STRUCT_PERF_EVENT_ATTR_EXCLUDE_HOST 1
| #define HAVE_STRUCT_PERF_EVENT_ATTR_EXCLUDE_GUEST 1
| #define HAVE_STRUCT_PERF_EVENT_ATTR_EXCLUDE_CALLCHAIN_KERNEL 1
| #define HAVE_STRUCT_PERF_EVENT_ATTR_EXCLUDE_CALLCHAIN_USER 1
| #define HAVE_STRUCT_PERF_EVENT_ATTR_MMAP2 1
| #define HAVE_STRUCT_PERF_EVENT_ATTR_COMM_EXEC 1
| #define HAVE_STRUCT_PERF_EVENT_ATTR_USE_CLOCKID 1
| #define HAVE_STRUCT_PERF_EVENT_ATTR_CONTEXT_SWITCH 1
| #define HAVE_STRUCT_PERF_EVENT_ATTR_WRITE_BACKWARD 1
| #define HAVE_STRUCT_PERF_EVENT_ATTR_BP_TYPE 1
| #define HAVE_STRUCT_PERF_EVENT_ATTR_CONFIG1 1
| #define HAVE_STRUCT_PERF_EVENT_ATTR_CONFIG2 1
| #define HAVE_STRUCT_PERF_EVENT_ATTR_BRANCH_SAMPLE_TYPE 1
| #define HAVE_STRUCT_PERF_EVENT_ATTR_SAMPLE_REGS_USER 1
| #define HAVE_STRUCT_PERF_EVENT_ATTR_SAMPLE_STACK_USER 1
| #define HAVE_STRUCT_PERF_EVENT_ATTR_SAMPLE_REGS_INTR 1
| #define HAVE_STRUCT_PERF_EVENT_ATTR_AUX_WATERMARK 1
| #define HAVE_STRUCT_PERF_EVENT_ATTR_SAMPLE_MAX_STACK 1
| /* end confdefs.h.  */
| #include <stddef.h>
| #ifdef HAVE_STDIO_H
| # include <stdio.h>
| #endif
| #ifdef HAVE_STDLIB_H
| # include <stdlib.h>
| #endif
| #ifdef HAVE_STRING_H
| # include <string.h>
| #endif
| #ifdef HAVE_INTTYPES_H
| # include <inttypes.h>
| #endif
| #ifdef HAVE_STDINT_H
| # include <stdint.h>
| #endif
| #ifdef HAVE_STRINGS_H
| # include <strings.h>
| #endif
| #ifdef HAVE_SYS_TYPES_H
| # include <sys/types.h>
| #endif
| #ifdef HAVE_SYS_STAT_H
| # include <sys/stat.h>
| #endif
| #ifdef HAVE_UNISTD_H
| # include <unistd.h>
| #endif
| #include <asm/sysmips.h>
configure:11439: result: no
configure:11445: checking for bluetooth/bluetooth.h
configure:11445: gcc -c -std=gnu17 -O2 -g  conftest.c >&5
conftest.c:129:10: fatal error: bluetooth/bluetooth.h: No such file or directory
  129 | #include <bluetooth/bluetooth.h>
      |          ^~~~~~~~~~~~~~~~~~~~~~~
compilation terminated.
configure:11445: $? = 1
configure: failed program was:
| /* confdefs.h */
| #define PACKAGE_NAME "strace"
| #define PACKAGE_TARNAME "strace"
| #define PACKAGE_VERSION "UNKNOWN"
| #define PACKAGE_STRING "strace UNKNOWN"
| #define PACKAGE_BUGREPORT "strace-devel@lists.sourceforge.net"
| #define PACKAGE_URL "https://strace.io"
| #define PACKAGE "strace"
| #define VERSION "UNKNOWN"
| #define HAVE_STDIO_H 1
| #define HAVE_STDLIB_H 1
| #define HAVE_STRING_H 1
| #define HAVE_INTTYPES_H 1
| #define HAVE_STDINT_H 1
| #define HAVE_STRINGS_H 1
| #define HAVE_SYS_STAT_H 1
| #define HAVE_SYS_TYPES_H 1
| #define HAVE_UNISTD_H 1
| #define HAVE_WCHAR_H 1
| #define STDC_HEADERS 1
| #define _ALL_SOURCE 1
| #define _COSMO_SOURCE 1
| #define _DARWIN_C_SOURCE 1
| #define _GNU_SOURCE 1
| #define _HPUX_ALT_XOPEN_SOCKET_API 1
| #define _NETBSD_SOURCE 1
| #define _OPENBSD_SOURCE 1
| #define _POSIX_PTHREAD_SEMANTICS 1
| #define __STDC_WANT_IEC_60559_ATTRIBS_EXT__ 1
| #define __STDC_WANT_IEC_60559_BFP_EXT__ 1
| #define __STDC_WANT_IEC_60559_DFP_EXT__ 1
| #define __STDC_WANT_IEC_60559_EXT__ 1
| #define __STDC_WANT_IEC_60559_FUNCS_EXT__ 1
| #define __STDC_WANT_IEC_60559_TYPES_EXT__ 1
| #define __STDC_WANT_LIB_EXT2__ 1
| #define __STDC_WANT_MATH_SPEC_FUNCS__ 1
| #define _TANDEM_SOURCE 1
| #define __EXTENSIONS__ 1
| #define X86_64 1
| #define ENABLE_ARM_OABI 0
| #define HAVE_TYPEOF 1
| #define HAVE_ACCEPT4 1
| #define HAVE_FALLOCATE 1
| #define HAVE_FANOTIFY_MARK 1
| #define HAVE_FOPEN64 1
| #define HAVE_FORK 1
| #define HAVE_FPUTS_UNLOCKED 1
| #define HAVE_FSTATAT 1
| #define HAVE_FTRUNCATE 1
| #define HAVE_FUTIMENS 1
| #define HAVE_IF_INDEXTONAME 1
| #define HAVE_OPEN64 1
| #define HAVE_PRCTL 1
| #define HAVE_PREADV 1
| #define HAVE_PROCESS_VM_READV 1
| #define HAVE_PWRITEV 1
| #define HAVE_READAHEAD 1
| #define HAVE_SIGNALFD 1
| #define HAVE_STPCPY 1
| #define HAVE_STRERROR 1
| #define HAVE_STRSIGNAL 1
| #define HAVE_SYNC_FILE_RANGE 1
| #define HAVE_UTIMENSAT 1
| #define HAVE_SIG_ATOMIC_T 1
| #define HAVE_STRUCT_SIGCONTEXT 1
| #define HAVE_STRUCT_MMSGHDR 1
| #define HAVE___KERNEL_LONG_T 1
| #define HAVE___KERNEL_ULONG_T 1
| #define HAVE_STRUCT___OLD_KERNEL_STAT 1
| #define HAVE_STRUCT_USER_DESC 1
| #define HAVE_STRUCT_STAT_ST_MTIME_NSEC 1
| #define HAVE_STRUCT_FLOCK 1
| #define HAVE_STRUCT_FLOCK64 1
| #define HAVE_STRUCT_TIMEX_TAI 1
| #define HAVE_STRUCT_UTSNAME_DOMAINNAME 1
| #define HAVE_SIGINFO_T_SI_SYSCALL 1
| #define HAVE_SIGINFO_T_SI_TIMERID 1
| #define HAVE_SIGINFO_T_SI_OVERRUN 1
| #define HAVE_STRUCT_PERF_EVENT_ATTR_PRECISE_IP 1
| #define HAVE_STRUCT_PERF_EVENT_ATTR_MMAP_DATA 1
| #define HAVE_STRUCT_PERF_EVENT_ATTR_SAMPLE_ID_ALL 1
| #define HAVE_STRUCT_PERF_EVENT_ATTR_EXCLUDE_HOST 1
| #define HAVE_STRUCT_PERF_EVENT_ATTR_EXCLUDE_GUEST 1
| #define HAVE_STRUCT_PERF_EVENT_ATTR_EXCLUDE_CALLCHAIN_KERNEL 1
| #define HAVE_STRUCT_PERF_EVENT_ATTR_EXCLUDE_CALLCHAIN_USER 1
| #define HAVE_STRUCT_PERF_EVENT_ATTR_MMAP2 1
| #define HAVE_STRUCT_PERF_EVENT_ATTR_COMM_EXEC 1
| #define HAVE_STRUCT_PERF_EVENT_ATTR_USE_CLOCKID 1
| #define HAVE_STRUCT_PERF_EVENT_ATTR_CONTEXT_SWITCH 1
| #define HAVE_STRUCT_PERF_EVENT_ATTR_WRITE_BACKWARD 1
| #define HAVE_STRUCT_PERF_EVENT_ATTR_BP_TYPE 1
| #define HAVE_STRUCT_PERF_EVENT_ATTR_CONFIG1 1
| #define HAVE_STRUCT_PERF_EVENT_ATTR_CONFIG2 1
| #define HAVE_STRUCT_PERF_EVENT_ATTR_BRANCH_SAMPLE_TYPE 1
| #define HAVE_STRUCT_PERF_EVENT_ATTR_SAMPLE_REGS_USER 1
| #define HAVE_STRUCT_PERF_EVENT_ATTR_SAMPLE_STACK_USER 1
| #define HAVE_STRUCT_PERF_EVENT_ATTR_SAMPLE_REGS_INTR 1
| #define HAVE_STRUCT_PERF_EVENT_ATTR_AUX_WATERMARK 1
| #define HAVE_STRUCT_PERF_EVENT_ATTR_SAMPLE_MAX_STACK 1
| /* end confdefs.h.  */
| #include <stddef.h>
| #ifdef HAVE_STDIO_H
| # include <stdio.h>
| #endif
| #ifdef HAVE_STDLIB_H
| # include <stdlib.h>
| #endif
| #ifdef HAVE_STRING_H
| # include <string.h>
| #endif
| #ifdef HAVE_INTTYPES_H
| # include <inttypes.h>
| #endif
| #ifdef HAVE_STDINT_H
| # include <stdint.h>
| #endif
| #ifdef HAVE_STRINGS_H
| # include <strings.h>
| #endif
| #ifdef HAVE_SYS_TYPES_H
| # include <sys/types.h>
| #endif
| #ifdef HAVE_SYS_STAT_H
| # include <sys/stat.h>
| #endif
| #ifdef HAVE_UNISTD_H
| # include <unistd.h>
| #endif
| #include <bluetooth/bluetooth.h>
configure:11445: result: no
configure:11451: checking for elf.h
configure:11451: gcc -c -std=gnu17 -O2 -g  conftest.c >&5
configure:11451: $? = 0
configure:11451: result: yes
configure:11457: checking for inttypes.h
configure:11457: result: yes
configure:11463: checking for linux/bsg.h
configure:11463: gcc -c -std=gnu17 -O2 -g  conftest.c >&5
configure:11463: $? = 0
configure:11463: result: yes
configure:11469: checking for linux/dm-ioctl.h
configure:11469: gcc -c -std=gnu17 -O2 -g  conftest.c >&5
configure:11469: $? = 0
configure:11469: result: yes
configure:11475: checking for linux/dqblk_xfs.h
configure:11475: gcc -c -std=gnu17 -O2 -g  conftest.c >&5
configure:11475: $? = 0
configure:11475: result: yes
configure:11481: checking for linux/falloc.h
configure:11481: gcc -c -std=gnu17 -O2 -g  conftest.c >&5
configure:11481: $? = 0
configure:11481: result: yes
configure:11487: checking for linux/fiemap.h
configure:11487: gcc -c -std=gnu17 -O2 -g  conftest.c >&5
configure:11487: $? = 0
configure:11487: result: yes
configure:11493: checking for linux/filter.h
configure:11493: gcc -c -std=gnu17 -O2 -g  conftest.c >&5
configure:11493: $? = 0
configure:11493: result: yes
configure:11499: checking for linux/hiddev.h
configure:11499: gcc -c -std=gnu17 -O2 -g  conftest.c >&5
configure:11499: $? = 0
configure:11499: result: yes
configure:11505: checking for linux/ip_vs.h
configure:11505: gcc -c -std=gnu17 -O2 -g  conftest.c >&5
configure:11505: $? = 0
configure:11505: result: yes
configure:11511: checking for linux/ipc.h
configure:11511: gcc -c -std=gnu17 -O2 -g  conftest.c >&5
configure:11511: $? = 0
configure:11511: result: yes
configure:11517: checking for linux/mmtimer.h
configure:11517: gcc -c -std=gnu17 -O2 -g  conftest.c >&5
configure:11517: $? = 0
configure:11517: result: yes
configure:11523: checking for linux/msg.h
configure:11523: gcc -c -std=gnu17 -O2 -g  conftest.c >&5
configure:11523: $? = 0
configure:11523: result: yes
configure:11529: checking for linux/perf_event.h
configure:11529: gcc -c -std=gnu17 -O2 -g  conftest.c >&5
configure:11529: $? = 0
configure:11529: result: yes
configure:11535: checking for linux/quota.h
configure:11535: gcc -c -std=gnu17 -O2 -g  conftest.c >&5
configure:11535: $? = 0
configure:11535: result: yes
configure:11541: checking for linux/seccomp.h
configure:11541: gcc -c -std=gnu17 -O2 -g  conftest.c >&5
configure:11541: $? = 0
configure:11541: result: yes
configure:11547: checking for linux/securebits.h
configure:11547: gcc -c -std=gnu17 -O2 -g  conftest.c >&5
configure:11547: $? = 0
configure:11547: result: yes
configure:11553: checking for linux/sem.h
configure:11553: gcc -c -std=gnu17 -O2 -g  conftest.c >&5
configure:11553: $? = 0
configure:11553: result: yes
configure:11559: checking for linux/shm.h
configure:11559: gcc -c -std=gnu17 -O2 -g  conftest.c >&5
configure:11559: $? = 0
configure:11559: result: yes
configure:11565: checking for linux/userfaultfd.h
configure:11565: gcc -c -std=gnu17 -O2 -g  conftest.c >&5
configure:11565: $? = 0
configure:11565: result: yes
configure:11571: checking for linux/utsname.h
configure:11571: gcc -c -std=gnu17 -O2 -g  conftest.c >&5
configure:11571: $? = 0
configure:11571: result: yes
configure:11577: checking for mqueue.h
configure:11577: gcc -c -std=gnu17 -O2 -g  conftest.c >&5
configure:11577: $? = 0
configure:11577: result: yes
configure:11583: checking for netinet/sctp.h
configure:11583: gcc -c -std=gnu17 -O2 -g  conftest.c >&5
conftest.c:151:10: fatal error: netinet/sctp.h: No such file or directory
  151 | #include <netinet/sctp.h>
      |          ^~~~~~~~~~~~~~~~
compilation terminated.
configure:11583: $? = 1
configure: failed program was:
| /* confdefs.h */
| #define PACKAGE_NAME "strace"
| #define PACKAGE_TARNAME "strace"
| #define PACKAGE_VERSION "UNKNOWN"
| #define PACKAGE_STRING "strace UNKNOWN"
| #define PACKAGE_BUGREPORT "strace-devel@lists.sourceforge.net"
| #define PACKAGE_URL "https://strace.io"
| #define PACKAGE "strace"
| #define VERSION "UNKNOWN"
| #define HAVE_STDIO_H 1
| #define HAVE_STDLIB_H 1
| #define HAVE_STRING_H 1
| #define HAVE_INTTYPES_H 1
| #define HAVE_STDINT_H 1
| #define HAVE_STRINGS_H 1
| #define HAVE_SYS_STAT_H 1
| #define HAVE_SYS_TYPES_H 1
| #define HAVE_UNISTD_H 1
| #define HAVE_WCHAR_H 1
| #define STDC_HEADERS 1
| #define _ALL_SOURCE 1
| #define _COSMO_SOURCE 1
| #define _DARWIN_C_SOURCE 1
| #define _GNU_SOURCE 1
| #define _HPUX_ALT_XOPEN_SOCKET_API 1
| #define _NETBSD_SOURCE 1
| #define _OPENBSD_SOURCE 1
| #define _POSIX_PTHREAD_SEMANTICS 1
| #define __STDC_WANT_IEC_60559_ATTRIBS_EXT__ 1
| #define __STDC_WANT_IEC_60559_BFP_EXT__ 1
| #define __STDC_WANT_IEC_60559_DFP_EXT__ 1
| #define __STDC_WANT_IEC_60559_EXT__ 1
| #define __STDC_WANT_IEC_60559_FUNCS_EXT__ 1
| #define __STDC_WANT_IEC_60559_TYPES_EXT__ 1
| #define __STDC_WANT_LIB_EXT2__ 1
| #define __STDC_WANT_MATH_SPEC_FUNCS__ 1
| #define _TANDEM_SOURCE 1
| #define __EXTENSIONS__ 1
| #define X86_64 1
| #define ENABLE_ARM_OABI 0
| #define HAVE_TYPEOF 1
| #define HAVE_ACCEPT4 1
| #define HAVE_FALLOCATE 1
| #define HAVE_FANOTIFY_MARK 1
| #define HAVE_FOPEN64 1
| #define HAVE_FORK 1
| #define HAVE_FPUTS_UNLOCKED 1
| #define HAVE_FSTATAT 1
| #define HAVE_FTRUNCATE 1
| #define HAVE_FUTIMENS 1
| #define HAVE_IF_INDEXTONAME 1
| #define HAVE_OPEN64 1
| #define HAVE_PRCTL 1
| #define HAVE_PREADV 1
| #define HAVE_PROCESS_VM_READV 1
| #define HAVE_PWRITEV 1
| #define HAVE_READAHEAD 1
| #define HAVE_SIGNALFD 1
| #define HAVE_STPCPY 1
| #define HAVE_STRERROR 1
| #define HAVE_STRSIGNAL 1
| #define HAVE_SYNC_FILE_RANGE 1
| #define HAVE_UTIMENSAT 1
| #define HAVE_SIG_ATOMIC_T 1
| #define HAVE_STRUCT_SIGCONTEXT 1
| #define HAVE_STRUCT_MMSGHDR 1
| #define HAVE___KERNEL_LONG_T 1
| #define HAVE___KERNEL_ULONG_T 1
| #define HAVE_STRUCT___OLD_KERNEL_STAT 1
| #define HAVE_STRUCT_USER_DESC 1
| #define HAVE_STRUCT_STAT_ST_MTIME_NSEC 1
| #define HAVE_STRUCT_FLOCK 1
| #define HAVE_STRUCT_FLOCK64 1
| #define HAVE_STRUCT_TIMEX_TAI 1
| #define HAVE_STRUCT_UTSNAME_DOMAINNAME 1
| #define HAVE_SIGINFO_T_SI_SYSCALL 1
| #define HAVE_SIGINFO_T_SI_TIMERID 1
| #define HAVE_SIGINFO_T_SI_OVERRUN 1
| #define HAVE_STRUCT_PERF_EVENT_ATTR_PRECISE_IP 1
| #define HAVE_STRUCT_PERF_EVENT_ATTR_MMAP_DATA 1
| #define HAVE_STRUCT_PERF_EVENT_ATTR_SAMPLE_ID_ALL 1
| #define HAVE_STRUCT_PERF_EVENT_ATTR_EXCLUDE_HOST 1
| #define HAVE_STRUCT_PERF_EVENT_ATTR_EXCLUDE_GUEST 1
| #define HAVE_STRUCT_PERF_EVENT_ATTR_EXCLUDE_CALLCHAIN_KERNEL 1
| #define HAVE_STRUCT_PERF_EVENT_ATTR_EXCLUDE_CALLCHAIN_USER 1
| #define HAVE_STRUCT_PERF_EVENT_ATTR_MMAP2 1
| #define HAVE_STRUCT_PERF_EVENT_ATTR_COMM_EXEC 1
| #define HAVE_STRUCT_PERF_EVENT_ATTR_USE_CLOCKID 1
| #define HAVE_STRUCT_PERF_EVENT_ATTR_CONTEXT_SWITCH 1
| #define HAVE_STRUCT_PERF_EVENT_ATTR_WRITE_BACKWARD 1
| #define HAVE_STRUCT_PERF_EVENT_ATTR_BP_TYPE 1
| #define HAVE_STRUCT_PERF_EVENT_ATTR_CONFIG1 1
| #define HAVE_STRUCT_PERF_EVENT_ATTR_CONFIG2 1
| #define HAVE_STRUCT_PERF_EVENT_ATTR_BRANCH_SAMPLE_TYPE 1
| #define HAVE_STRUCT_PERF_EVENT_ATTR_SAMPLE_REGS_USER 1
| #define HAVE_STRUCT_PERF_EVENT_ATTR_SAMPLE_STACK_USER 1
| #define HAVE_STRUCT_PERF_EVENT_ATTR_SAMPLE_REGS_INTR 1
| #define HAVE_STRUCT_PERF_EVENT_ATTR_AUX_WATERMARK 1
| #define HAVE_STRUCT_PERF_EVENT_ATTR_SAMPLE_MAX_STACK 1
| #define HAVE_ELF_H 1
| #define HAVE_INTTYPES_H 1
| #define HAVE_LINUX_BSG_H 1
| #define HAVE_LINUX_DM_IOCTL_H 1
| #define HAVE_LINUX_DQBLK_XFS_H 1
| #define HAVE_LINUX_FALLOC_H 1
| #define HAVE_LINUX_FIEMAP_H 1
| #define HAVE_LINUX_FILTER_H 1
| #define HAVE_LINUX_HIDDEV_H 1
| #define HAVE_LINUX_IP_VS_H 1
| #define HAVE_LINUX_IPC_H 1
| #define HAVE_LINUX_MMTIMER_H 1
| #define HAVE_LINUX_MSG_H 1
| #define HAVE_LINUX_PERF_EVENT_H 1
| #define HAVE_LINUX_QUOTA_H 1
| #define HAVE_LINUX_SECCOMP_H 1
| #define HAVE_LINUX_SECUREBITS_H 1
| #define HAVE_LINUX_SEM_H 1
| #define HAVE_LINUX_SHM_H 1
| #define HAVE_LINUX_USERFAULTFD_H 1
| #define HAVE_LINUX_UTSNAME_H 1
| #define HAVE_MQUEUE_H 1
| /* end confdefs.h.  */
| #include <stddef.h>
| #ifdef HAVE_STDIO_H
| # include <stdio.h>
| #endif
| #ifdef HAVE_STDLIB_H
| # include <stdlib.h>
| #endif
| #ifdef HAVE_STRING_H
| # include <string.h>
| #endif
| #ifdef HAVE_INTTYPES_H
| # include <inttypes.h>
| #endif
| #ifdef HAVE_STDINT_H
| # include <stdint.h>
| #endif
| #ifdef HAVE_STRINGS_H
| # include <strings.h>
| #endif
| #ifdef HAVE_SYS_TYPES_H
| # include <sys/types.h>
| #endif
| #ifdef HAVE_SYS_STAT_H
| # include <sys/stat.h>
| #endif
| #ifdef HAVE_UNISTD_H
| # include <unistd.h>
| #endif
| #include <netinet/sctp.h>
configure:11583: result: no
configure:11589: checking for netipx/ipx.h
configure:11589: gcc -c -std=gnu17 -O2 -g  conftest.c >&5
configure:11589: $? = 0
configure:11589: result: yes
configure:11595: checking for scsi/sg.h
configure:11595: gcc -c -std=gnu17 -O2 -g  conftest.c >&5
configure:11595: $? = 0
configure:11595: result: yes
configure:11601: checking for stropts.h
configure:11601: gcc -c -std=gnu17 -O2 -g  conftest.c >&5
conftest.c:153:10: fatal error: stropts.h: No such file or directory
  153 | #include <stropts.h>
      |          ^~~~~~~~~~~
compilation terminated.
configure:11601: $? = 1
configure: failed program was:
| /* confdefs.h */
| #define PACKAGE_NAME "strace"
| #define PACKAGE_TARNAME "strace"
| #define PACKAGE_VERSION "UNKNOWN"
| #define PACKAGE_STRING "strace UNKNOWN"
| #define PACKAGE_BUGREPORT "strace-devel@lists.sourceforge.net"
| #define PACKAGE_URL "https://strace.io"
| #define PACKAGE "strace"
| #define VERSION "UNKNOWN"
| #define HAVE_STDIO_H 1
| #define HAVE_STDLIB_H 1
| #define HAVE_STRING_H 1
| #define HAVE_INTTYPES_H 1
| #define HAVE_STDINT_H 1
| #define HAVE_STRINGS_H 1
| #define HAVE_SYS_STAT_H 1
| #define HAVE_SYS_TYPES_H 1
| #define HAVE_UNISTD_H 1
| #define HAVE_WCHAR_H 1
| #define STDC_HEADERS 1
| #define _ALL_SOURCE 1
| #define _COSMO_SOURCE 1
| #define _DARWIN_C_SOURCE 1
| #define _GNU_SOURCE 1
| #define _HPUX_ALT_XOPEN_SOCKET_API 1
| #define _NETBSD_SOURCE 1
| #define _OPENBSD_SOURCE 1
| #define _POSIX_PTHREAD_SEMANTICS 1
| #define __STDC_WANT_IEC_60559_ATTRIBS_EXT__ 1
| #define __STDC_WANT_IEC_60559_BFP_EXT__ 1
| #define __STDC_WANT_IEC_60559_DFP_EXT__ 1
| #define __STDC_WANT_IEC_60559_EXT__ 1
| #define __STDC_WANT_IEC_60559_FUNCS_EXT__ 1
| #define __STDC_WANT_IEC_60559_TYPES_EXT__ 1
| #define __STDC_WANT_LIB_EXT2__ 1
| #define __STDC_WANT_MATH_SPEC_FUNCS__ 1
| #define _TANDEM_SOURCE 1
| #define __EXTENSIONS__ 1
| #define X86_64 1
| #define ENABLE_ARM_OABI 0
| #define HAVE_TYPEOF 1
| #define HAVE_ACCEPT4 1
| #define HAVE_FALLOCATE 1
| #define HAVE_FANOTIFY_MARK 1
| #define HAVE_FOPEN64 1
| #define HAVE_FORK 1
| #define HAVE_FPUTS_UNLOCKED 1
| #define HAVE_FSTATAT 1
| #define HAVE_FTRUNCATE 1
| #define HAVE_FUTIMENS 1
| #define HAVE_IF_INDEXTONAME 1
| #define HAVE_OPEN64 1
| #define HAVE_PRCTL 1
| #define HAVE_PREADV 1
| #define HAVE_PROCESS_VM_READV 1
| #define HAVE_PWRITEV 1
| #define HAVE_READAHEAD 1
| #define HAVE_SIGNALFD 1
| #define HAVE_STPCPY 1
| #define HAVE_STRERROR 1
| #define HAVE_STRSIGNAL 1
| #define HAVE_SYNC_FILE_RANGE 1
| #define HAVE_UTIMENSAT 1
| #define HAVE_SIG_ATOMIC_T 1
| #define HAVE_STRUCT_SIGCONTEXT 1
| #define HAVE_STRUCT_MMSGHDR 1
| #define HAVE___KERNEL_LONG_T 1
| #define HAVE___KERNEL_ULONG_T 1
| #define HAVE_STRUCT___OLD_KERNEL_STAT 1
| #define HAVE_STRUCT_USER_DESC 1
| #define HAVE_STRUCT_STAT_ST_MTIME_NSEC 1
| #define HAVE_STRUCT_FLOCK 1
| #define HAVE_STRUCT_FLOCK64 1
| #define HAVE_STRUCT_TIMEX_TAI 1
| #define HAVE_STRUCT_UTSNAME_DOMAINNAME 1
| #define HAVE_SIGINFO_T_SI_SYSCALL 1
| #define HAVE_SIGINFO_T_SI_TIMERID 1
| #define HAVE_SIGINFO_T_SI_OVERRUN 1
| #define HAVE_STRUCT_PERF_EVENT_ATTR_PRECISE_IP 1
| #define HAVE_STRUCT_PERF_EVENT_ATTR_MMAP_DATA 1
| #define HAVE_STRUCT_PERF_EVENT_ATTR_SAMPLE_ID_ALL 1
| #define HAVE_STRUCT_PERF_EVENT_ATTR_EXCLUDE_HOST 1
| #define HAVE_STRUCT_PERF_EVENT_ATTR_EXCLUDE_GUEST 1
| #define HAVE_STRUCT_PERF_EVENT_ATTR_EXCLUDE_CALLCHAIN_KERNEL 1
| #define HAVE_STRUCT_PERF_EVENT_ATTR_EXCLUDE_CALLCHAIN_USER 1
| #define HAVE_STRUCT_PERF_EVENT_ATTR_MMAP2 1
| #define HAVE_STRUCT_PERF_EVENT_ATTR_COMM_EXEC 1
| #define HAVE_STRUCT_PERF_EVENT_ATTR_USE_CLOCKID 1
| #define HAVE_STRUCT_PERF_EVENT_ATTR_CONTEXT_SWITCH 1
| #define HAVE_STRUCT_PERF_EVENT_ATTR_WRITE_BACKWARD 1
| #define HAVE_STRUCT_PERF_EVENT_ATTR_BP_TYPE 1
| #define HAVE_STRUCT_PERF_EVENT_ATTR_CONFIG1 1
| #define HAVE_STRUCT_PERF_EVENT_ATTR_CONFIG2 1
| #define HAVE_STRUCT_PERF_EVENT_ATTR_BRANCH_SAMPLE_TYPE 1
| #define HAVE_STRUCT_PERF_EVENT_ATTR_SAMPLE_REGS_USER 1
| #define HAVE_STRUCT_PERF_EVENT_ATTR_SAMPLE_STACK_USER 1
| #define HAVE_STRUCT_PERF_EVENT_ATTR_SAMPLE_REGS_INTR 1
| #define HAVE_STRUCT_PERF_EVENT_ATTR_AUX_WATERMARK 1
| #define HAVE_STRUCT_PERF_EVENT_ATTR_SAMPLE_MAX_STACK 1
| #define HAVE_ELF_H 1
| #define HAVE_INTTYPES_H 1
| #define HAVE_LINUX_BSG_H 1
| #define HAVE_LINUX_DM_IOCTL_H 1
| #define HAVE_LINUX_DQBLK_XFS_H 1
| #define HAVE_LINUX_FALLOC_H 1
| #define HAVE_LINUX_FIEMAP_H 1
| #define HAVE_LINUX_FILTER_H 1
| #define HAVE_LINUX_HIDDEV_H 1
| #define HAVE_LINUX_IP_VS_H 1
| #define HAVE_LINUX_IPC_H 1
| #define HAVE_LINUX_MMTIMER_H 1
| #define HAVE_LINUX_MSG_H 1
| #define HAVE_LINUX_PERF_EVENT_H 1
| #define HAVE_LINUX_QUOTA_H 1
| #define HAVE_LINUX_SECCOMP_H 1
| #define HAVE_LINUX_SECUREBITS_H 1
| #define HAVE_LINUX_SEM_H 1
| #define HAVE_LINUX_SHM_H 1
| #define HAVE_LINUX_USERFAULTFD_H 1
| #define HAVE_LINUX_UTSNAME_H 1
| #define HAVE_MQUEUE_H 1
| #define HAVE_NETIPX_IPX_H 1
| #define HAVE_SCSI_SG_H 1
| /* end confdefs.h.  */
| #include <stddef.h>
| #ifdef HAVE_STDIO_H
| # include <stdio.h>
| #endif
| #ifdef HAVE_STDLIB_H
| # include <stdlib.h>
| #endif
| #ifdef HAVE_STRING_H
| # include <string.h>
| #endif
| #ifdef HAVE_INTTYPES_H
| # include <inttypes.h>
| #endif
| #ifdef HAVE_STDINT_H
| # include <stdint.h>
| #endif
| #ifdef HAVE_STRINGS_H
| # include <strings.h>
| #endif
| #ifdef HAVE_SYS_TYPES_H
| # include <sys/types.h>
| #endif
| #ifdef HAVE_SYS_STAT_H
| # include <sys/stat.h>
| #endif
| #ifdef HAVE_UNISTD_H
| # include <unistd.h>
| #endif
| #include <stropts.h>
configure:11601: result: no
configure:11607: checking for sys/conf.h
configure:11607: gcc -c -std=gnu17 -O2 -g  conftest.c >&5
conftest.c:153:10: fatal error: sys/conf.h: No such file or directory
  153 | #include <sys/conf.h>
      |          ^~~~~~~~~~~~
compilation terminated.
configure:11607: $? = 1
configure: failed program was:
| /* confdefs.h */
| #define PACKAGE_NAME "strace"
| #define PACKAGE_TARNAME "strace"
| #define PACKAGE_VERSION "UNKNOWN"
| #define PACKAGE_STRING "strace UNKNOWN"
| #define PACKAGE_BUGREPORT "strace-devel@lists.sourceforge.net"
| #define PACKAGE_URL "https://strace.io"
| #define PACKAGE "strace"
| #define VERSION "UNKNOWN"
| #define HAVE_STDIO_H 1
| #define HAVE_STDLIB_H 1
| #define HAVE_STRING_H 1
| #define HAVE_INTTYPES_H 1
| #define HAVE_STDINT_H 1
| #define HAVE_STRINGS_H 1
| #define HAVE_SYS_STAT_H 1
| #define HAVE_SYS_TYPES_H 1
| #define HAVE_UNISTD_H 1
| #define HAVE_WCHAR_H 1
| #define STDC_HEADERS 1
| #define _ALL_SOURCE 1
| #define _COSMO_SOURCE 1
| #define _DARWIN_C_SOURCE 1
| #define _GNU_SOURCE 1
| #define _HPUX_ALT_XOPEN_SOCKET_API 1
| #define _NETBSD_SOURCE 1
| #define _OPENBSD_SOURCE 1
| #define _POSIX_PTHREAD_SEMANTICS 1
| #define __STDC_WANT_IEC_60559_ATTRIBS_EXT__ 1
| #define __STDC_WANT_IEC_60559_BFP_EXT__ 1
| #define __STDC_WANT_IEC_60559_DFP_EXT__ 1
| #define __STDC_WANT_IEC_60559_EXT__ 1
| #define __STDC_WANT_IEC_60559_FUNCS_EXT__ 1
| #define __STDC_WANT_IEC_60559_TYPES_EXT__ 1
| #define __STDC_WANT_LIB_EXT2__ 1
| #define __STDC_WANT_MATH_SPEC_FUNCS__ 1
| #define _TANDEM_SOURCE 1
| #define __EXTENSIONS__ 1
| #define X86_64 1
| #define ENABLE_ARM_OABI 0
| #define HAVE_TYPEOF 1
| #define HAVE_ACCEPT4 1
| #define HAVE_FALLOCATE 1
| #define HAVE_FANOTIFY_MARK 1
| #define HAVE_FOPEN64 1
| #define HAVE_FORK 1
| #define HAVE_FPUTS_UNLOCKED 1
| #define HAVE_FSTATAT 1
| #define HAVE_FTRUNCATE 1
| #define HAVE_FUTIMENS 1
| #define HAVE_IF_INDEXTONAME 1
| #define HAVE_OPEN64 1
| #define HAVE_PRCTL 1
| #define HAVE_PREADV 1
| #define HAVE_PROCESS_VM_READV 1
| #define HAVE_PWRITEV 1
| #define HAVE_READAHEAD 1
| #define HAVE_SIGNALFD 1
| #define HAVE_STPCPY 1
| #define HAVE_STRERROR 1
| #define HAVE_STRSIGNAL 1
| #define HAVE_SYNC_FILE_RANGE 1
| #define HAVE_UTIMENSAT 1
| #define HAVE_SIG_ATOMIC_T 1
| #define HAVE_STRUCT_SIGCONTEXT 1
| #define HAVE_STRUCT_MMSGHDR 1
| #define HAVE___KERNEL_LONG_T 1
| #define HAVE___KERNEL_ULONG_T 1
| #define HAVE_STRUCT___OLD_KERNEL_STAT 1
| #define HAVE_STRUCT_USER_DESC 1
| #define HAVE_STRUCT_STAT_ST_MTIME_NSEC 1
| #define HAVE_STRUCT_FLOCK 1
| #define HAVE_STRUCT_FLOCK64 1
| #define HAVE_STRUCT_TIMEX_TAI 1
| #define HAVE_STRUCT_UTSNAME_DOMAINNAME 1
| #define HAVE_SIGINFO_T_SI_SYSCALL 1
| #define HAVE_SIGINFO_T_SI_TIMERID 1
| #define HAVE_SIGINFO_T_SI_OVERRUN 1
| #define HAVE_STRUCT_PERF_EVENT_ATTR_PRECISE_IP 1
| #define HAVE_STRUCT_PERF_EVENT_ATTR_MMAP_DATA 1
| #define HAVE_STRUCT_PERF_EVENT_ATTR_SAMPLE_ID_ALL 1
| #define HAVE_STRUCT_PERF_EVENT_ATTR_EXCLUDE_HOST 1
| #define HAVE_STRUCT_PERF_EVENT_ATTR_EXCLUDE_GUEST 1
| #define HAVE_STRUCT_PERF_EVENT_ATTR_EXCLUDE_CALLCHAIN_KERNEL 1
| #define HAVE_STRUCT_PERF_EVENT_ATTR_EXCLUDE_CALLCHAIN_USER 1
| #define HAVE_STRUCT_PERF_EVENT_ATTR_MMAP2 1
| #define HAVE_STRUCT_PERF_EVENT_ATTR_COMM_EXEC 1
| #define HAVE_STRUCT_PERF_EVENT_ATTR_USE_CLOCKID 1
| #define HAVE_STRUCT_PERF_EVENT_ATTR_CONTEXT_SWITCH 1
| #define HAVE_STRUCT_PERF_EVENT_ATTR_WRITE_BACKWARD 1
| #define HAVE_STRUCT_PERF_EVENT_ATTR_BP_TYPE 1
| #define HAVE_STRUCT_PERF_EVENT_ATTR_CONFIG1 1
| #define HAVE_STRUCT_PERF_EVENT_ATTR_CONFIG2 1
| #define HAVE_STRUCT_PERF_EVENT_ATTR_BRANCH_SAMPLE_TYPE 1
| #define HAVE_STRUCT_PERF_EVENT_ATTR_SAMPLE_REGS_USER 1
| #define HAVE_STRUCT_PERF_EVENT_ATTR_SAMPLE_STACK_USER 1
| #define HAVE_STRUCT_PERF_EVENT_ATTR_SAMPLE_REGS_INTR 1
| #define HAVE_STRUCT_PERF_EVENT_ATTR_AUX_WATERMARK 1
| #define HAVE_STRUCT_PERF_EVENT_ATTR_SAMPLE_MAX_STACK 1
| #define HAVE_ELF_H 1
| #define HAVE_INTTYPES_H 1
| #define HAVE_LINUX_BSG_H 1
| #define HAVE_LINUX_DM_IOCTL_H 1
| #define HAVE_LINUX_DQBLK_XFS_H 1
| #define HAVE_LINUX_FALLOC_H 1
| #define HAVE_LINUX_FIEMAP_H 1
| #define HAVE_LINUX_FILTER_H 1
| #define HAVE_LINUX_HIDDEV_H 1
| #define HAVE_LINUX_IP_VS_H 1
| #define HAVE_LINUX_IPC_H 1
| #define HAVE_LINUX_MMTIMER_H 1
| #define HAVE_LINUX_MSG_H 1
| #define HAVE_LINUX_PERF_EVENT_H 1
| #define HAVE_LINUX_QUOTA_H 1
| #define HAVE_LINUX_SECCOMP_H 1
| #define HAVE_LINUX_SECUREBITS_H 1
| #define HAVE_LINUX_SEM_H 1
| #define HAVE_LINUX_SHM_H 1
| #define HAVE_LINUX_USERFAULTFD_H 1
| #define HAVE_LINUX_UTSNAME_H 1
| #define HAVE_MQUEUE_H 1
| #define HAVE_NETIPX_IPX_H 1
| #define HAVE_SCSI_SG_H 1
| /* end confdefs.h.  */
| #include <stddef.h>
| #ifdef HAVE_STDIO_H
| # include <stdio.h>
| #endif
| #ifdef HAVE_STDLIB_H
| # include <stdlib.h>
| #endif
| #ifdef HAVE_STRING_H
| # include <string.h>
| #endif
| #ifdef HAVE_INTTYPES_H
| # include <inttypes.h>
| #endif
| #ifdef HAVE_STDINT_H
| # include <stdint.h>
| #endif
| #ifdef HAVE_STRINGS_H
| # include <strings.h>
| #endif
| #ifdef HAVE_SYS_TYPES_H
| # include <sys/types.h>
| #endif
| #ifdef HAVE_SYS_STAT_H
| # include <sys/stat.h>
| #endif
| #ifdef HAVE_UNISTD_H
| # include <unistd.h>
| #endif
| #include <sys/conf.h>
configure:11607: result: no
configure:11613: checking for sys/eventfd.h
configure:11613: gcc -c -std=gnu17 -O2 -g  conftest.c >&5
configure:11613: $? = 0
configure:11613: result: yes
configure:11619: checking for sys/fanotify.h
configure:11619: gcc -c -std=gnu17 -O2 -g  conftest.c >&5
configure:11619: $? = 0
configure:11619: result: yes
configure:11625: checking for sys/ipc.h
configure:11625: gcc -c -std=gnu17 -O2 -g  conftest.c >&5
configure:11625: $? = 0
configure:11625: result: yes
configure:11631: checking for sys/msg.h
configure:11631: gcc -c -std=gnu17 -O2 -g  conftest.c >&5
configure:11631: $? = 0
configure:11631: result: yes
configure:11637: checking for sys/quota.h
configure:11637: gcc -c -std=gnu17 -O2 -g  conftest.c >&5
configure:11637: $? = 0
configure:11637: result: yes
configure:11643: checking for sys/reg.h
configure:11643: gcc -c -std=gnu17 -O2 -g  conftest.c >&5
configure:11643: $? = 0
configure:11643: result: yes
configure:11649: checking for sys/sem.h
configure:11649: gcc -c -std=gnu17 -O2 -g  conftest.c >&5
configure:11649: $? = 0
configure:11649: result: yes
configure:11655: checking for sys/shm.h
configure:11655: gcc -c -std=gnu17 -O2 -g  conftest.c >&5
configure:11655: $? = 0
configure:11655: result: yes
configure:11661: checking for sys/signalfd.h
configure:11661: gcc -c -std=gnu17 -O2 -g  conftest.c >&5
configure:11661: $? = 0
configure:11661: result: yes
configure:11667: checking for sys/xattr.h
configure:11667: gcc -c -std=gnu17 -O2 -g  conftest.c >&5
configure:11667: $? = 0
configure:11667: result: yes
configure:11673: checking for ustat.h
configure:11673: gcc -c -std=gnu17 -O2 -g  conftest.c >&5
conftest.c:163:10: fatal error: ustat.h: No such file or directory
  163 | #include <ustat.h>
      |          ^~~~~~~~~
compilation terminated.
configure:11673: $? = 1
configure: failed program was:
| /* confdefs.h */
| #define PACKAGE_NAME "strace"
| #define PACKAGE_TARNAME "strace"
| #define PACKAGE_VERSION "UNKNOWN"
| #define PACKAGE_STRING "strace UNKNOWN"
| #define PACKAGE_BUGREPORT "strace-devel@lists.sourceforge.net"
| #define PACKAGE_URL "https://strace.io"
| #define PACKAGE "strace"
| #define VERSION "UNKNOWN"
| #define HAVE_STDIO_H 1
| #define HAVE_STDLIB_H 1
| #define HAVE_STRING_H 1
| #define HAVE_INTTYPES_H 1
| #define HAVE_STDINT_H 1
| #define HAVE_STRINGS_H 1
| #define HAVE_SYS_STAT_H 1
| #define HAVE_SYS_TYPES_H 1
| #define HAVE_UNISTD_H 1
| #define HAVE_WCHAR_H 1
| #define STDC_HEADERS 1
| #define _ALL_SOURCE 1
| #define _COSMO_SOURCE 1
| #define _DARWIN_C_SOURCE 1
| #define _GNU_SOURCE 1
| #define _HPUX_ALT_XOPEN_SOCKET_API 1
| #define _NETBSD_SOURCE 1
| #define _OPENBSD_SOURCE 1
| #define _POSIX_PTHREAD_SEMANTICS 1
| #define __STDC_WANT_IEC_60559_ATTRIBS_EXT__ 1
| #define __STDC_WANT_IEC_60559_BFP_EXT__ 1
| #define __STDC_WANT_IEC_60559_DFP_EXT__ 1
| #define __STDC_WANT_IEC_60559_EXT__ 1
| #define __STDC_WANT_IEC_60559_FUNCS_EXT__ 1
| #define __STDC_WANT_IEC_60559_TYPES_EXT__ 1
| #define __STDC_WANT_LIB_EXT2__ 1
| #define __STDC_WANT_MATH_SPEC_FUNCS__ 1
| #define _TANDEM_SOURCE 1
| #define __EXTENSIONS__ 1
| #define X86_64 1
| #define ENABLE_ARM_OABI 0
| #define HAVE_TYPEOF 1
| #define HAVE_ACCEPT4 1
| #define HAVE_FALLOCATE 1
| #define HAVE_FANOTIFY_MARK 1
| #define HAVE_FOPEN64 1
| #define HAVE_FORK 1
| #define HAVE_FPUTS_UNLOCKED 1
| #define HAVE_FSTATAT 1
| #define HAVE_FTRUNCATE 1
| #define HAVE_FUTIMENS 1
| #define HAVE_IF_INDEXTONAME 1
| #define HAVE_OPEN64 1
| #define HAVE_PRCTL 1
| #define HAVE_PREADV 1
| #define HAVE_PROCESS_VM_READV 1
| #define HAVE_PWRITEV 1
| #define HAVE_READAHEAD 1
| #define HAVE_SIGNALFD 1
| #define HAVE_STPCPY 1
| #define HAVE_STRERROR 1
| #define HAVE_STRSIGNAL 1
| #define HAVE_SYNC_FILE_RANGE 1
| #define HAVE_UTIMENSAT 1
| #define HAVE_SIG_ATOMIC_T 1
| #define HAVE_STRUCT_SIGCONTEXT 1
| #define HAVE_STRUCT_MMSGHDR 1
| #define HAVE___KERNEL_LONG_T 1
| #define HAVE___KERNEL_ULONG_T 1
| #define HAVE_STRUCT___OLD_KERNEL_STAT 1
| #define HAVE_STRUCT_USER_DESC 1
| #define HAVE_STRUCT_STAT_ST_MTIME_NSEC 1
| #define HAVE_STRUCT_FLOCK 1
| #define HAVE_STRUCT_FLOCK64 1
| #define HAVE_STRUCT_TIMEX_TAI 1
| #define HAVE_STRUCT_UTSNAME_DOMAINNAME 1
| #define HAVE_SIGINFO_T_SI_SYSCALL 1
| #define HAVE_SIGINFO_T_SI_TIMERID 1
| #define HAVE_SIGINFO_T_SI_OVERRUN 1
| #define HAVE_STRUCT_PERF_EVENT_ATTR_PRECISE_IP 1
| #define HAVE_STRUCT_PERF_EVENT_ATTR_MMAP_DATA 1
| #define HAVE_STRUCT_PERF_EVENT_ATTR_SAMPLE_ID_ALL 1
| #define HAVE_STRUCT_PERF_EVENT_ATTR_EXCLUDE_HOST 1
| #define HAVE_STRUCT_PERF_EVENT_ATTR_EXCLUDE_GUEST 1
| #define HAVE_STRUCT_PERF_EVENT_ATTR_EXCLUDE_CALLCHAIN_KERNEL 1
| #define HAVE_STRUCT_PERF_EVENT_ATTR_EXCLUDE_CALLCHAIN_USER 1
| #define HAVE_STRUCT_PERF_EVENT_ATTR_MMAP2 1
| #define HAVE_STRUCT_PERF_EVENT_ATTR_COMM_EXEC 1
| #define HAVE_STRUCT_PERF_EVENT_ATTR_USE_CLOCKID 1
| #define HAVE_STRUCT_PERF_EVENT_ATTR_CONTEXT_SWITCH 1
| #define HAVE_STRUCT_PERF_EVENT_ATTR_WRITE_BACKWARD 1
| #define HAVE_STRUCT_PERF_EVENT_ATTR_BP_TYPE 1
| #define HAVE_STRUCT_PERF_EVENT_ATTR_CONFIG1 1
| #define HAVE_STRUCT_PERF_EVENT_ATTR_CONFIG2 1
| #define HAVE_STRUCT_PERF_EVENT_ATTR_BRANCH_SAMPLE_TYPE 1
| #define HAVE_STRUCT_PERF_EVENT_ATTR_SAMPLE_REGS_USER 1
| #define HAVE_STRUCT_PERF_EVENT_ATTR_SAMPLE_STACK_USER 1
| #define HAVE_STRUCT_PERF_EVENT_ATTR_SAMPLE_REGS_INTR 1
| #define HAVE_STRUCT_PERF_EVENT_ATTR_AUX_WATERMARK 1
| #define HAVE_STRUCT_PERF_EVENT_ATTR_SAMPLE_MAX_STACK 1
| #define HAVE_ELF_H 1
| #define HAVE_INTTYPES_H 1
| #define HAVE_LINUX_BSG_H 1
| #define HAVE_LINUX_DM_IOCTL_H 1
| #define HAVE_LINUX_DQBLK_XFS_H 1
| #define HAVE_LINUX_FALLOC_H 1
| #define HAVE_LINUX_FIEMAP_H 1
| #define HAVE_LINUX_FILTER_H 1
| #define HAVE_LINUX_HIDDEV_H 1
| #define HAVE_LINUX_IP_VS_H 1
| #define HAVE_LINUX_IPC_H 1
| #define HAVE_LINUX_MMTIMER_H 1
| #define HAVE_LINUX_MSG_H 1
| #define HAVE_LINUX_PERF_EVENT_H 1
| #define HAVE_LINUX_QUOTA_H 1
| #define HAVE_LINUX_SECCOMP_H 1
| #define HAVE_LINUX_SECUREBITS_H 1
| #define HAVE_LINUX_SEM_H 1
| #define HAVE_LINUX_SHM_H 1
| #define HAVE_LINUX_USERFAULTFD_H 1
| #define HAVE_LINUX_UTSNAME_H 1
| #define HAVE_MQUEUE_H 1
| #define HAVE_NETIPX_IPX_H 1
| #define HAVE_SCSI_SG_H 1
| #define HAVE_SYS_EVENTFD_H 1
| #define HAVE_SYS_FANOTIFY_H 1
| #define HAVE_SYS_IPC_H 1
| #define HAVE_SYS_MSG_H 1
| #define HAVE_SYS_QUOTA_H 1
| #define HAVE_SYS_REG_H 1
| #define HAVE_SYS_SEM_H 1
| #define HAVE_SYS_SHM_H 1
| #define HAVE_SYS_SIGNALFD_H 1
| #define HAVE_SYS_XATTR_H 1
| /* end confdefs.h.  */
| #include <stddef.h>
| #ifdef HAVE_STDIO_H
| # include <stdio.h>
| #endif
| #ifdef HAVE_STDLIB_H
| # include <stdlib.h>
| #endif
| #ifdef HAVE_STRING_H
| # include <string.h>
| #endif
| #ifdef HAVE_INTTYPES_H
| # include <inttypes.h>
| #endif
| #ifdef HAVE_STDINT_H
| # include <stdint.h>
| #endif
| #ifdef HAVE_STRINGS_H
| # include <strings.h>
| #endif
| #ifdef HAVE_SYS_TYPES_H
| # include <sys/types.h>
| #endif
| #ifdef HAVE_SYS_STAT_H
| # include <sys/stat.h>
| #endif
| #ifdef HAVE_UNISTD_H
| # include <unistd.h>
| #endif
| #include <ustat.h>
configure:11673: result: no
configure:11681: checking for asm/sigcontext.h
configure:11681: gcc -c -std=gnu17 -O2 -g  conftest.c >&5
In file included from conftest.c:137:
/nix/store/fbbw928argckfii0j322346ihmllg7a7-glibc-2.42-61-dev/include/asm/sigcontext.h:40:8: error: redefinition of 'struct _fpx_sw_bytes'
   40 | struct _fpx_sw_bytes {
      |        ^~~~~~~~~~~~~
In file included from /nix/store/fbbw928argckfii0j322346ihmllg7a7-glibc-2.42-61-dev/include/signal.h:301,
                 from conftest.c:135:
/nix/store/fbbw928argckfii0j322346ihmllg7a7-glibc-2.42-61-dev/include/bits/sigcontext.h:31:8: note: originally defined here
   31 | struct _fpx_sw_bytes
      |        ^~~~~~~~~~~~~
/nix/store/fbbw928argckfii0j322346ihmllg7a7-glibc-2.42-61-dev/include/asm/sigcontext.h:85:8: error: redefinition of 'struct _fpreg'
   85 | struct _fpreg {
      |        ^~~~~~
/nix/store/fbbw928argckfii0j322346ihmllg7a7-glibc-2.42-61-dev/include/bits/sigcontext.h:40:8: note: originally defined here
   40 | struct _fpreg
      |        ^~~~~~
/nix/store/fbbw928argckfii0j322346ihmllg7a7-glibc-2.42-61-dev/include/asm/sigcontext.h:91:8: error: redefinition of 'struct _fpxreg'
   91 | struct _fpxreg {
      |        ^~~~~~~
/nix/store/fbbw928argckfii0j322346ihmllg7a7-glibc-2.42-61-dev/include/bits/sigcontext.h:46:8: note: originally defined here
   46 | struct _fpxreg
      |        ^~~~~~~
/nix/store/fbbw928argckfii0j322346ihmllg7a7-glibc-2.42-61-dev/include/asm/sigcontext.h:98:8: error: redefinition of 'struct _xmmreg'
   98 | struct _xmmreg {
      |        ^~~~~~~
/nix/store/fbbw928argckfii0j322346ihmllg7a7-glibc-2.42-61-dev/include/bits/sigcontext.h:53:8: note: originally defined here
   53 | struct _xmmreg
      |        ^~~~~~~
/nix/store/fbbw928argckfii0j322346ihmllg7a7-glibc-2.42-61-dev/include/asm/sigcontext.h:180:8: error: redefinition of 'struct _ymmh_state'
  180 | struct _ymmh_state {
      |        ^~~~~~~~~~~
/nix/store/fbbw928argckfii0j322346ihmllg7a7-glibc-2.42-61-dev/include/bits/sigcontext.h:184:8: note: originally defined here
  184 | struct _ymmh_state
      |        ^~~~~~~~~~~
/nix/store/fbbw928argckfii0j322346ihmllg7a7-glibc-2.42-61-dev/include/asm/sigcontext.h:192:8: error: redefinition of 'struct _xstate'
  192 | struct _xstate {
      |        ^~~~~~~
/nix/store/fbbw928argckfii0j322346ihmllg7a7-glibc-2.42-61-dev/include/bits/sigcontext.h:189:8: note: originally defined here
  189 | struct _xstate
      |        ^~~~~~~
/nix/store/fbbw928argckfii0j322346ihmllg7a7-glibc-2.42-61-dev/include/asm/sigcontext.h:317:8: error: redefinition of 'struct sigcontext'
  317 | struct sigcontext {
      |        ^~~~~~~~~~
/nix/store/fbbw928argckfii0j322346ihmllg7a7-glibc-2.42-61-dev/include/bits/sigcontext.h:139:8: note: originally defined here
  139 | struct sigcontext
      |        ^~~~~~~~~~
configure:11681: $? = 1
configure: failed program was:
| /* confdefs.h */
| #define PACKAGE_NAME "strace"
| #define PACKAGE_TARNAME "strace"
| #define PACKAGE_VERSION "UNKNOWN"
| #define PACKAGE_STRING "strace UNKNOWN"
| #define PACKAGE_BUGREPORT "strace-devel@lists.sourceforge.net"
| #define PACKAGE_URL "https://strace.io"
| #define PACKAGE "strace"
| #define VERSION "UNKNOWN"
| #define HAVE_STDIO_H 1
| #define HAVE_STDLIB_H 1
| #define HAVE_STRING_H 1
| #define HAVE_INTTYPES_H 1
| #define HAVE_STDINT_H 1
| #define HAVE_STRINGS_H 1
| #define HAVE_SYS_STAT_H 1
| #define HAVE_SYS_TYPES_H 1
| #define HAVE_UNISTD_H 1
| #define HAVE_WCHAR_H 1
| #define STDC_HEADERS 1
| #define _ALL_SOURCE 1
| #define _COSMO_SOURCE 1
| #define _DARWIN_C_SOURCE 1
| #define _GNU_SOURCE 1
| #define _HPUX_ALT_XOPEN_SOCKET_API 1
| #define _NETBSD_SOURCE 1
| #define _OPENBSD_SOURCE 1
| #define _POSIX_PTHREAD_SEMANTICS 1
| #define __STDC_WANT_IEC_60559_ATTRIBS_EXT__ 1
| #define __STDC_WANT_IEC_60559_BFP_EXT__ 1
| #define __STDC_WANT_IEC_60559_DFP_EXT__ 1
| #define __STDC_WANT_IEC_60559_EXT__ 1
| #define __STDC_WANT_IEC_60559_FUNCS_EXT__ 1
| #define __STDC_WANT_IEC_60559_TYPES_EXT__ 1
| #define __STDC_WANT_LIB_EXT2__ 1
| #define __STDC_WANT_MATH_SPEC_FUNCS__ 1
| #define _TANDEM_SOURCE 1
| #define __EXTENSIONS__ 1
| #define X86_64 1
| #define ENABLE_ARM_OABI 0
| #define HAVE_TYPEOF 1
| #define HAVE_ACCEPT4 1
| #define HAVE_FALLOCATE 1
| #define HAVE_FANOTIFY_MARK 1
| #define HAVE_FOPEN64 1
| #define HAVE_FORK 1
| #define HAVE_FPUTS_UNLOCKED 1
| #define HAVE_FSTATAT 1
| #define HAVE_FTRUNCATE 1
| #define HAVE_FUTIMENS 1
| #define HAVE_IF_INDEXTONAME 1
| #define HAVE_OPEN64 1
| #define HAVE_PRCTL 1
| #define HAVE_PREADV 1
| #define HAVE_PROCESS_VM_READV 1
| #define HAVE_PWRITEV 1
| #define HAVE_READAHEAD 1
| #define HAVE_SIGNALFD 1
| #define HAVE_STPCPY 1
| #define HAVE_STRERROR 1
| #define HAVE_STRSIGNAL 1
| #define HAVE_SYNC_FILE_RANGE 1
| #define HAVE_UTIMENSAT 1
| #define HAVE_SIG_ATOMIC_T 1
| #define HAVE_STRUCT_SIGCONTEXT 1
| #define HAVE_STRUCT_MMSGHDR 1
| #define HAVE___KERNEL_LONG_T 1
| #define HAVE___KERNEL_ULONG_T 1
| #define HAVE_STRUCT___OLD_KERNEL_STAT 1
| #define HAVE_STRUCT_USER_DESC 1
| #define HAVE_STRUCT_STAT_ST_MTIME_NSEC 1
| #define HAVE_STRUCT_FLOCK 1
| #define HAVE_STRUCT_FLOCK64 1
| #define HAVE_STRUCT_TIMEX_TAI 1
| #define HAVE_STRUCT_UTSNAME_DOMAINNAME 1
| #define HAVE_SIGINFO_T_SI_SYSCALL 1
| #define HAVE_SIGINFO_T_SI_TIMERID 1
| #define HAVE_SIGINFO_T_SI_OVERRUN 1
| #define HAVE_STRUCT_PERF_EVENT_ATTR_PRECISE_IP 1
| #define HAVE_STRUCT_PERF_EVENT_ATTR_MMAP_DATA 1
| #define HAVE_STRUCT_PERF_EVENT_ATTR_SAMPLE_ID_ALL 1
| #define HAVE_STRUCT_PERF_EVENT_ATTR_EXCLUDE_HOST 1
| #define HAVE_STRUCT_PERF_EVENT_ATTR_EXCLUDE_GUEST 1
| #define HAVE_STRUCT_PERF_EVENT_ATTR_EXCLUDE_CALLCHAIN_KERNEL 1
| #define HAVE_STRUCT_PERF_EVENT_ATTR_EXCLUDE_CALLCHAIN_USER 1
| #define HAVE_STRUCT_PERF_EVENT_ATTR_MMAP2 1
| #define HAVE_STRUCT_PERF_EVENT_ATTR_COMM_EXEC 1
| #define HAVE_STRUCT_PERF_EVENT_ATTR_USE_CLOCKID 1
| #define HAVE_STRUCT_PERF_EVENT_ATTR_CONTEXT_SWITCH 1
| #define HAVE_STRUCT_PERF_EVENT_ATTR_WRITE_BACKWARD 1
| #define HAVE_STRUCT_PERF_EVENT_ATTR_BP_TYPE 1
| #define HAVE_STRUCT_PERF_EVENT_ATTR_CONFIG1 1
| #define HAVE_STRUCT_PERF_EVENT_ATTR_CONFIG2 1
| #define HAVE_STRUCT_PERF_EVENT_ATTR_BRANCH_SAMPLE_TYPE 1
| #define HAVE_STRUCT_PERF_EVENT_ATTR_SAMPLE_REGS_USER 1
| #define HAVE_STRUCT_PERF_EVENT_ATTR_SAMPLE_STACK_USER 1
| #define HAVE_STRUCT_PERF_EVENT_ATTR_SAMPLE_REGS_INTR 1
| #define HAVE_STRUCT_PERF_EVENT_ATTR_AUX_WATERMARK 1
| #define HAVE_STRUCT_PERF_EVENT_ATTR_SAMPLE_MAX_STACK 1
| #define HAVE_ELF_H 1
| #define HAVE_INTTYPES_H 1
| #define HAVE_LINUX_BSG_H 1
| #define HAVE_LINUX_DM_IOCTL_H 1
| #define HAVE_LINUX_DQBLK_XFS_H 1
| #define HAVE_LINUX_FALLOC_H 1
| #define HAVE_LINUX_FIEMAP_H 1
| #define HAVE_LINUX_FILTER_H 1
| #define HAVE_LINUX_HIDDEV_H 1
| #define HAVE_LINUX_IP_VS_H 1
| #define HAVE_LINUX_IPC_H 1
| #define HAVE_LINUX_MMTIMER_H 1
| #define HAVE_LINUX_MSG_H 1
| #define HAVE_LINUX_PERF_EVENT_H 1
| #define HAVE_LINUX_QUOTA_H 1
| #define HAVE_LINUX_SECCOMP_H 1
| #define HAVE_LINUX_SECUREBITS_H 1
| #define HAVE_LINUX_SEM_H 1
| #define HAVE_LINUX_SHM_H 1
| #define HAVE_LINUX_USERFAULTFD_H 1
| #define HAVE_LINUX_UTSNAME_H 1
| #define HAVE_MQUEUE_H 1
| #define HAVE_NETIPX_IPX_H 1
| #define HAVE_SCSI_SG_H 1
| #define HAVE_SYS_EVENTFD_H 1
| #define HAVE_SYS_FANOTIFY_H 1
| #define HAVE_SYS_IPC_H 1
| #define HAVE_SYS_MSG_H 1
| #define HAVE_SYS_QUOTA_H 1
| #define HAVE_SYS_REG_H 1
| #define HAVE_SYS_SEM_H 1
| #define HAVE_SYS_SHM_H 1
| #define HAVE_SYS_SIGNALFD_H 1
| #define HAVE_SYS_XATTR_H 1
| /* end confdefs.h.  */
| #include <signal.h>
| 
| #include <asm/sigcontext.h>
configure:11681: result: no
configure:11690: checking for netinet/tcp.h
configure:11690: gcc -c -std=gnu17 -O2 -g  conftest.c >&5
configure:11690: $? = 0
configure:11690: result: yes
configure:11697: checking for netinet/udp.h
configure:11697: gcc -c -std=gnu17 -O2 -g  conftest.c >&5
configure:11697: $? = 0
configure:11697: result: yes
configure:11706: checking for linux/mqueue.h
configure:11706: gcc -c -std=gnu17 -O2 -g  conftest.c >&5
configure:11706: $? = 0
configure:11706: result: yes
configure:11715: checking for linux/netfilter_arp/arp_tables.h
configure:11715: gcc -c -std=gnu17 -O2 -g  conftest.c >&5
configure:11715: $? = 0
configure:11715: result: yes
configure:11723: checking for linux/netfilter_bridge/ebtables.h
configure:11723: gcc -c -std=gnu17 -O2 -g  conftest.c >&5
configure:11723: $? = 0
configure:11723: result: yes
configure:11731: checking for linux/netfilter_ipv4/ip_tables.h
configure:11731: gcc -c -std=gnu17 -O2 -g  conftest.c >&5
configure:11731: $? = 0
configure:11731: result: yes
configure:11739: checking for linux/netfilter_ipv6/ip6_tables.h
configure:11739: gcc -c -std=gnu17 -O2 -g  conftest.c >&5
configure:11739: $? = 0
configure:11739: result: yes
configure:11751: checking for linux/input.h
configure:11751: gcc -c -std=gnu17 -O2 -g  conftest.c >&5
configure:11751: $? = 0
configure:11751: result: yes
configure:11756: checking for struct input_absinfo.resolution
configure:11756: gcc -c -std=gnu17 -O2 -g  conftest.c >&5
configure:11756: $? = 0
configure:11756: result: yes
configure:11773: checking for linux/bpf.h
configure:11773: gcc -c -std=gnu17 -O2 -g  conftest.c >&5
configure:11773: $? = 0
configure:11773: result: yes
configure:11778: checking whether union bpf_attr.log_buf initialization works
configure:11795: gcc -c -std=gnu17 -O2 -g  conftest.c >&5
configure:11795: $? = 0
configure:11805: result: yes
configure:11812: checking whether union bpf_attr.bpf_fd initialization works
configure:11829: gcc -c -std=gnu17 -O2 -g  conftest.c >&5
configure:11829: $? = 0
configure:11839: result: yes
configure:11846: checking whether union bpf_attr.attach_flags initialization works
configure:11863: gcc -c -std=gnu17 -O2 -g  conftest.c >&5
configure:11863: $? = 0
configure:11873: result: yes
configure:11885: checking for struct statfs
configure:11885: gcc -c -std=gnu17 -O2 -g  conftest.c >&5
configure:11885: $? = 0
configure:11885: gcc -c -std=gnu17 -O2 -g  conftest.c >&5
conftest.c: In function 'main':
conftest.c:154:28: error: expected expression before ')' token
  154 | if (sizeof ((struct statfs)))
      |                            ^
configure:11885: $? = 1
configure: failed program was:
| /* confdefs.h */
| #define PACKAGE_NAME "strace"
| #define PACKAGE_TARNAME "strace"
| #define PACKAGE_VERSION "UNKNOWN"
| #define PACKAGE_STRING "strace UNKNOWN"
| #define PACKAGE_BUGREPORT "strace-devel@lists.sourceforge.net"
| #define PACKAGE_URL "https://strace.io"
| #define PACKAGE "strace"
| #define VERSION "UNKNOWN"
| #define HAVE_STDIO_H 1
| #define HAVE_STDLIB_H 1
| #define HAVE_STRING_H 1
| #define HAVE_INTTYPES_H 1
| #define HAVE_STDINT_H 1
| #define HAVE_STRINGS_H 1
| #define HAVE_SYS_STAT_H 1
| #define HAVE_SYS_TYPES_H 1
| #define HAVE_UNISTD_H 1
| #define HAVE_WCHAR_H 1
| #define STDC_HEADERS 1
| #define _ALL_SOURCE 1
| #define _COSMO_SOURCE 1
| #define _DARWIN_C_SOURCE 1
| #define _GNU_SOURCE 1
| #define _HPUX_ALT_XOPEN_SOCKET_API 1
| #define _NETBSD_SOURCE 1
| #define _OPENBSD_SOURCE 1
| #define _POSIX_PTHREAD_SEMANTICS 1
| #define __STDC_WANT_IEC_60559_ATTRIBS_EXT__ 1
| #define __STDC_WANT_IEC_60559_BFP_EXT__ 1
| #define __STDC_WANT_IEC_60559_DFP_EXT__ 1
| #define __STDC_WANT_IEC_60559_EXT__ 1
| #define __STDC_WANT_IEC_60559_FUNCS_EXT__ 1
| #define __STDC_WANT_IEC_60559_TYPES_EXT__ 1
| #define __STDC_WANT_LIB_EXT2__ 1
| #define __STDC_WANT_MATH_SPEC_FUNCS__ 1
| #define _TANDEM_SOURCE 1
| #define __EXTENSIONS__ 1
| #define X86_64 1
| #define ENABLE_ARM_OABI 0
| #define HAVE_TYPEOF 1
| #define HAVE_ACCEPT4 1
| #define HAVE_FALLOCATE 1
| #define HAVE_FANOTIFY_MARK 1
| #define HAVE_FOPEN64 1
| #define HAVE_FORK 1
| #define HAVE_FPUTS_UNLOCKED 1
| #define HAVE_FSTATAT 1
| #define HAVE_FTRUNCATE 1
| #define HAVE_FUTIMENS 1
| #define HAVE_IF_INDEXTONAME 1
| #define HAVE_OPEN64 1
| #define HAVE_PRCTL 1
| #define HAVE_PREADV 1
| #define HAVE_PROCESS_VM_READV 1
| #define HAVE_PWRITEV 1
| #define HAVE_READAHEAD 1
| #define HAVE_SIGNALFD 1
| #define HAVE_STPCPY 1
| #define HAVE_STRERROR 1
| #define HAVE_STRSIGNAL 1
| #define HAVE_SYNC_FILE_RANGE 1
| #define HAVE_UTIMENSAT 1
| #define HAVE_SIG_ATOMIC_T 1
| #define HAVE_STRUCT_SIGCONTEXT 1
| #define HAVE_STRUCT_MMSGHDR 1
| #define HAVE___KERNEL_LONG_T 1
| #define HAVE___KERNEL_ULONG_T 1
| #define HAVE_STRUCT___OLD_KERNEL_STAT 1
| #define HAVE_STRUCT_USER_DESC 1
| #define HAVE_STRUCT_STAT_ST_MTIME_NSEC 1
| #define HAVE_STRUCT_FLOCK 1
| #define HAVE_STRUCT_FLOCK64 1
| #define HAVE_STRUCT_TIMEX_TAI 1
| #define HAVE_STRUCT_UTSNAME_DOMAINNAME 1
| #define HAVE_SIGINFO_T_SI_SYSCALL 1
| #define HAVE_SIGINFO_T_SI_TIMERID 1
| #define HAVE_SIGINFO_T_SI_OVERRUN 1
| #define HAVE_STRUCT_PERF_EVENT_ATTR_PRECISE_IP 1
| #define HAVE_STRUCT_PERF_EVENT_ATTR_MMAP_DATA 1
| #define HAVE_STRUCT_PERF_EVENT_ATTR_SAMPLE_ID_ALL 1
| #define HAVE_STRUCT_PERF_EVENT_ATTR_EXCLUDE_HOST 1
| #define HAVE_STRUCT_PERF_EVENT_ATTR_EXCLUDE_GUEST 1
| #define HAVE_STRUCT_PERF_EVENT_ATTR_EXCLUDE_CALLCHAIN_KERNEL 1
| #define HAVE_STRUCT_PERF_EVENT_ATTR_EXCLUDE_CALLCHAIN_USER 1
| #define HAVE_STRUCT_PERF_EVENT_ATTR_MMAP2 1
| #define HAVE_STRUCT_PERF_EVENT_ATTR_COMM_EXEC 1
| #define HAVE_STRUCT_PERF_EVENT_ATTR_USE_CLOCKID 1
| #define HAVE_STRUCT_PERF_EVENT_ATTR_CONTEXT_SWITCH 1
| #define HAVE_STRUCT_PERF_EVENT_ATTR_WRITE_BACKWARD 1
| #define HAVE_STRUCT_PERF_EVENT_ATTR_BP_TYPE 1
| #define HAVE_STRUCT_PERF_EVENT_ATTR_CONFIG1 1
| #define HAVE_STRUCT_PERF_EVENT_ATTR_CONFIG2 1
| #define HAVE_STRUCT_PERF_EVENT_ATTR_BRANCH_SAMPLE_TYPE 1
| #define HAVE_STRUCT_PERF_EVENT_ATTR_SAMPLE_REGS_USER 1
| #define HAVE_STRUCT_PERF_EVENT_ATTR_SAMPLE_STACK_USER 1
| #define HAVE_STRUCT_PERF_EVENT_ATTR_SAMPLE_REGS_INTR 1
| #define HAVE_STRUCT_PERF_EVENT_ATTR_AUX_WATERMARK 1
| #define HAVE_STRUCT_PERF_EVENT_ATTR_SAMPLE_MAX_STACK 1
| #define HAVE_ELF_H 1
| #define HAVE_INTTYPES_H 1
| #define HAVE_LINUX_BSG_H 1
| #define HAVE_LINUX_DM_IOCTL_H 1
| #define HAVE_LINUX_DQBLK_XFS_H 1
| #define HAVE_LINUX_FALLOC_H 1
| #define HAVE_LINUX_FIEMAP_H 1
| #define HAVE_LINUX_FILTER_H 1
| #define HAVE_LINUX_HIDDEV_H 1
| #define HAVE_LINUX_IP_VS_H 1
| #define HAVE_LINUX_IPC_H 1
| #define HAVE_LINUX_MMTIMER_H 1
| #define HAVE_LINUX_MSG_H 1
| #define HAVE_LINUX_PERF_EVENT_H 1
| #define HAVE_LINUX_QUOTA_H 1
| #define HAVE_LINUX_SECCOMP_H 1
| #define HAVE_LINUX_SECUREBITS_H 1
| #define HAVE_LINUX_SEM_H 1
| #define HAVE_LINUX_SHM_H 1
| #define HAVE_LINUX_USERFAULTFD_H 1
| #define HAVE_LINUX_UTSNAME_H 1
| #define HAVE_MQUEUE_H 1
| #define HAVE_NETIPX_IPX_H 1
| #define HAVE_SCSI_SG_H 1
| #define HAVE_SYS_EVENTFD_H 1
| #define HAVE_SYS_FANOTIFY_H 1
| #define HAVE_SYS_IPC_H 1
| #define HAVE_SYS_MSG_H 1
| #define HAVE_SYS_QUOTA_H 1
| #define HAVE_SYS_REG_H 1
| #define HAVE_SYS_SEM_H 1
| #define HAVE_SYS_SHM_H 1
| #define HAVE_SYS_SIGNALFD_H 1
| #define HAVE_SYS_XATTR_H 1
| #define HAVE_NETINET_TCP_H 1
| #define HAVE_NETINET_UDP_H 1
| #define HAVE_LINUX_MQUEUE_H 1
| #define HAVE_LINUX_NETFILTER_ARP_ARP_TABLES_H 1
| #define HAVE_LINUX_NETFILTER_BRIDGE_EBTABLES_H 1
| #define HAVE_LINUX_NETFILTER_IPV4_IP_TABLES_H 1
| #define HAVE_LINUX_NETFILTER_IPV6_IP6_TABLES_H 1
| #define HAVE_LINUX_INPUT_H 1
| #define HAVE_STRUCT_INPUT_ABSINFO_RESOLUTION 1
| #define HAVE_LINUX_BPF_H 1
| #define HAVE_UNION_BPF_ATTR_LOG_BUF 1
| #define HAVE_UNION_BPF_ATTR_BPF_FD 1
| #define HAVE_UNION_BPF_ATTR_ATTACH_FLAGS 1
| /* end confdefs.h.  */
| #include <linux/types.h>
| #include <asm/statfs.h>
| 
| int
| main (void)
| {
| if (sizeof ((struct statfs)))
| 	    return 0;
|   ;
|   return 0;
| }
configure:11885: result: yes
configure:11894: checking for struct statfs.f_frsize
configure:11894: gcc -c -std=gnu17 -O2 -g  conftest.c >&5
configure:11894: $? = 0
configure:11894: result: yes
configure:11905: checking for struct statfs.f_flags
configure:11905: gcc -c -std=gnu17 -O2 -g  conftest.c >&5
configure:11905: $? = 0
configure:11905: result: yes
configure:11916: checking for struct statfs.f_fsid.val
configure:11916: gcc -c -std=gnu17 -O2 -g  conftest.c >&5
configure:11916: $? = 0
configure:11916: result: yes
configure:11927: checking for struct statfs.f_fsid.__val
configure:11927: gcc -c -std=gnu17 -O2 -g  conftest.c >&5
conftest.c: In function 'main':
conftest.c:159:20: error: '__kernel_fsid_t' has no member named '__val'; did you mean 'val'?
  159 | if (ac_aggr.f_fsid.__val)
      |                    ^~~~~
      |                    val
configure:11927: $? = 1
configure: failed program was:
| /* confdefs.h */
| #define PACKAGE_NAME "strace"
| #define PACKAGE_TARNAME "strace"
| #define PACKAGE_VERSION "UNKNOWN"
| #define PACKAGE_STRING "strace UNKNOWN"
| #define PACKAGE_BUGREPORT "strace-devel@lists.sourceforge.net"
| #define PACKAGE_URL "https://strace.io"
| #define PACKAGE "strace"
| #define VERSION "UNKNOWN"
| #define HAVE_STDIO_H 1
| #define HAVE_STDLIB_H 1
| #define HAVE_STRING_H 1
| #define HAVE_INTTYPES_H 1
| #define HAVE_STDINT_H 1
| #define HAVE_STRINGS_H 1
| #define HAVE_SYS_STAT_H 1
| #define HAVE_SYS_TYPES_H 1
| #define HAVE_UNISTD_H 1
| #define HAVE_WCHAR_H 1
| #define STDC_HEADERS 1
| #define _ALL_SOURCE 1
| #define _COSMO_SOURCE 1
| #define _DARWIN_C_SOURCE 1
| #define _GNU_SOURCE 1
| #define _HPUX_ALT_XOPEN_SOCKET_API 1
| #define _NETBSD_SOURCE 1
| #define _OPENBSD_SOURCE 1
| #define _POSIX_PTHREAD_SEMANTICS 1
| #define __STDC_WANT_IEC_60559_ATTRIBS_EXT__ 1
| #define __STDC_WANT_IEC_60559_BFP_EXT__ 1
| #define __STDC_WANT_IEC_60559_DFP_EXT__ 1
| #define __STDC_WANT_IEC_60559_EXT__ 1
| #define __STDC_WANT_IEC_60559_FUNCS_EXT__ 1
| #define __STDC_WANT_IEC_60559_TYPES_EXT__ 1
| #define __STDC_WANT_LIB_EXT2__ 1
| #define __STDC_WANT_MATH_SPEC_FUNCS__ 1
| #define _TANDEM_SOURCE 1
| #define __EXTENSIONS__ 1
| #define X86_64 1
| #define ENABLE_ARM_OABI 0
| #define HAVE_TYPEOF 1
| #define HAVE_ACCEPT4 1
| #define HAVE_FALLOCATE 1
| #define HAVE_FANOTIFY_MARK 1
| #define HAVE_FOPEN64 1
| #define HAVE_FORK 1
| #define HAVE_FPUTS_UNLOCKED 1
| #define HAVE_FSTATAT 1
| #define HAVE_FTRUNCATE 1
| #define HAVE_FUTIMENS 1
| #define HAVE_IF_INDEXTONAME 1
| #define HAVE_OPEN64 1
| #define HAVE_PRCTL 1
| #define HAVE_PREADV 1
| #define HAVE_PROCESS_VM_READV 1
| #define HAVE_PWRITEV 1
| #define HAVE_READAHEAD 1
| #define HAVE_SIGNALFD 1
| #define HAVE_STPCPY 1
| #define HAVE_STRERROR 1
| #define HAVE_STRSIGNAL 1
| #define HAVE_SYNC_FILE_RANGE 1
| #define HAVE_UTIMENSAT 1
| #define HAVE_SIG_ATOMIC_T 1
| #define HAVE_STRUCT_SIGCONTEXT 1
| #define HAVE_STRUCT_MMSGHDR 1
| #define HAVE___KERNEL_LONG_T 1
| #define HAVE___KERNEL_ULONG_T 1
| #define HAVE_STRUCT___OLD_KERNEL_STAT 1
| #define HAVE_STRUCT_USER_DESC 1
| #define HAVE_STRUCT_STAT_ST_MTIME_NSEC 1
| #define HAVE_STRUCT_FLOCK 1
| #define HAVE_STRUCT_FLOCK64 1
| #define HAVE_STRUCT_TIMEX_TAI 1
| #define HAVE_STRUCT_UTSNAME_DOMAINNAME 1
| #define HAVE_SIGINFO_T_SI_SYSCALL 1
| #define HAVE_SIGINFO_T_SI_TIMERID 1
| #define HAVE_SIGINFO_T_SI_OVERRUN 1
| #define HAVE_STRUCT_PERF_EVENT_ATTR_PRECISE_IP 1
| #define HAVE_STRUCT_PERF_EVENT_ATTR_MMAP_DATA 1
| #define HAVE_STRUCT_PERF_EVENT_ATTR_SAMPLE_ID_ALL 1
| #define HAVE_STRUCT_PERF_EVENT_ATTR_EXCLUDE_HOST 1
| #define HAVE_STRUCT_PERF_EVENT_ATTR_EXCLUDE_GUEST 1
| #define HAVE_STRUCT_PERF_EVENT_ATTR_EXCLUDE_CALLCHAIN_KERNEL 1
| #define HAVE_STRUCT_PERF_EVENT_ATTR_EXCLUDE_CALLCHAIN_USER 1
| #define HAVE_STRUCT_PERF_EVENT_ATTR_MMAP2 1
| #define HAVE_STRUCT_PERF_EVENT_ATTR_COMM_EXEC 1
| #define HAVE_STRUCT_PERF_EVENT_ATTR_USE_CLOCKID 1
| #define HAVE_STRUCT_PERF_EVENT_ATTR_CONTEXT_SWITCH 1
| #define HAVE_STRUCT_PERF_EVENT_ATTR_WRITE_BACKWARD 1
| #define HAVE_STRUCT_PERF_EVENT_ATTR_BP_TYPE 1
| #define HAVE_STRUCT_PERF_EVENT_ATTR_CONFIG1 1
| #define HAVE_STRUCT_PERF_EVENT_ATTR_CONFIG2 1
| #define HAVE_STRUCT_PERF_EVENT_ATTR_BRANCH_SAMPLE_TYPE 1
| #define HAVE_STRUCT_PERF_EVENT_ATTR_SAMPLE_REGS_USER 1
| #define HAVE_STRUCT_PERF_EVENT_ATTR_SAMPLE_STACK_USER 1
| #define HAVE_STRUCT_PERF_EVENT_ATTR_SAMPLE_REGS_INTR 1
| #define HAVE_STRUCT_PERF_EVENT_ATTR_AUX_WATERMARK 1
| #define HAVE_STRUCT_PERF_EVENT_ATTR_SAMPLE_MAX_STACK 1
| #define HAVE_ELF_H 1
| #define HAVE_INTTYPES_H 1
| #define HAVE_LINUX_BSG_H 1
| #define HAVE_LINUX_DM_IOCTL_H 1
| #define HAVE_LINUX_DQBLK_XFS_H 1
| #define HAVE_LINUX_FALLOC_H 1
| #define HAVE_LINUX_FIEMAP_H 1
| #define HAVE_LINUX_FILTER_H 1
| #define HAVE_LINUX_HIDDEV_H 1
| #define HAVE_LINUX_IP_VS_H 1
| #define HAVE_LINUX_IPC_H 1
| #define HAVE_LINUX_MMTIMER_H 1
| #define HAVE_LINUX_MSG_H 1
| #define HAVE_LINUX_PERF_EVENT_H 1
| #define HAVE_LINUX_QUOTA_H 1
| #define HAVE_LINUX_SECCOMP_H 1
| #define HAVE_LINUX_SECUREBITS_H 1
| #define HAVE_LINUX_SEM_H 1
| #define HAVE_LINUX_SHM_H 1
| #define HAVE_LINUX_USERFAULTFD_H 1
| #define HAVE_LINUX_UTSNAME_H 1
| #define HAVE_MQUEUE_H 1
| #define HAVE_NETIPX_IPX_H 1
| #define HAVE_SCSI_SG_H 1
| #define HAVE_SYS_EVENTFD_H 1
| #define HAVE_SYS_FANOTIFY_H 1
| #define HAVE_SYS_IPC_H 1
| #define HAVE_SYS_MSG_H 1
| #define HAVE_SYS_QUOTA_H 1
| #define HAVE_SYS_REG_H 1
| #define HAVE_SYS_SEM_H 1
| #define HAVE_SYS_SHM_H 1
| #define HAVE_SYS_SIGNALFD_H 1
| #define HAVE_SYS_XATTR_H 1
| #define HAVE_NETINET_TCP_H 1
| #define HAVE_NETINET_UDP_H 1
| #define HAVE_LINUX_MQUEUE_H 1
| #define HAVE_LINUX_NETFILTER_ARP_ARP_TABLES_H 1
| #define HAVE_LINUX_NETFILTER_BRIDGE_EBTABLES_H 1
| #define HAVE_LINUX_NETFILTER_IPV4_IP_TABLES_H 1
| #define HAVE_LINUX_NETFILTER_IPV6_IP6_TABLES_H 1
| #define HAVE_LINUX_INPUT_H 1
| #define HAVE_STRUCT_INPUT_ABSINFO_RESOLUTION 1
| #define HAVE_LINUX_BPF_H 1
| #define HAVE_UNION_BPF_ATTR_LOG_BUF 1
| #define HAVE_UNION_BPF_ATTR_BPF_FD 1
| #define HAVE_UNION_BPF_ATTR_ATTACH_FLAGS 1
| #define HAVE_STRUCT_STATFS 1
| #define HAVE_STRUCT_STATFS_F_FRSIZE 1
| #define HAVE_STRUCT_STATFS_F_FLAGS 1
| #define HAVE_STRUCT_STATFS_F_FSID_VAL 1
| /* end confdefs.h.  */
| #include <linux/types.h>
| #include <asm/statfs.h>
| 
| int
| main (void)
| {
| static struct statfs ac_aggr;
| if (ac_aggr.f_fsid.__val)
| return 0;
|   ;
|   return 0;
| }
configure:11927: gcc -c -std=gnu17 -O2 -g  conftest.c >&5
conftest.c: In function 'main':
conftest.c:159:27: error: '__kernel_fsid_t' has no member named '__val'; did you mean 'val'?
  159 | if (sizeof ac_aggr.f_fsid.__val)
      |                           ^~~~~
      |                           val
configure:11927: $? = 1
configure: failed program was:
| /* confdefs.h */
| #define PACKAGE_NAME "strace"
| #define PACKAGE_TARNAME "strace"
| #define PACKAGE_VERSION "UNKNOWN"
| #define PACKAGE_STRING "strace UNKNOWN"
| #define PACKAGE_BUGREPORT "strace-devel@lists.sourceforge.net"
| #define PACKAGE_URL "https://strace.io"
| #define PACKAGE "strace"
| #define VERSION "UNKNOWN"
| #define HAVE_STDIO_H 1
| #define HAVE_STDLIB_H 1
| #define HAVE_STRING_H 1
| #define HAVE_INTTYPES_H 1
| #define HAVE_STDINT_H 1
| #define HAVE_STRINGS_H 1
| #define HAVE_SYS_STAT_H 1
| #define HAVE_SYS_TYPES_H 1
| #define HAVE_UNISTD_H 1
| #define HAVE_WCHAR_H 1
| #define STDC_HEADERS 1
| #define _ALL_SOURCE 1
| #define _COSMO_SOURCE 1
| #define _DARWIN_C_SOURCE 1
| #define _GNU_SOURCE 1
| #define _HPUX_ALT_XOPEN_SOCKET_API 1
| #define _NETBSD_SOURCE 1
| #define _OPENBSD_SOURCE 1
| #define _POSIX_PTHREAD_SEMANTICS 1
| #define __STDC_WANT_IEC_60559_ATTRIBS_EXT__ 1
| #define __STDC_WANT_IEC_60559_BFP_EXT__ 1
| #define __STDC_WANT_IEC_60559_DFP_EXT__ 1
| #define __STDC_WANT_IEC_60559_EXT__ 1
| #define __STDC_WANT_IEC_60559_FUNCS_EXT__ 1
| #define __STDC_WANT_IEC_60559_TYPES_EXT__ 1
| #define __STDC_WANT_LIB_EXT2__ 1
| #define __STDC_WANT_MATH_SPEC_FUNCS__ 1
| #define _TANDEM_SOURCE 1
| #define __EXTENSIONS__ 1
| #define X86_64 1
| #define ENABLE_ARM_OABI 0
| #define HAVE_TYPEOF 1
| #define HAVE_ACCEPT4 1
| #define HAVE_FALLOCATE 1
| #define HAVE_FANOTIFY_MARK 1
| #define HAVE_FOPEN64 1
| #define HAVE_FORK 1
| #define HAVE_FPUTS_UNLOCKED 1
| #define HAVE_FSTATAT 1
| #define HAVE_FTRUNCATE 1
| #define HAVE_FUTIMENS 1
| #define HAVE_IF_INDEXTONAME 1
| #define HAVE_OPEN64 1
| #define HAVE_PRCTL 1
| #define HAVE_PREADV 1
| #define HAVE_PROCESS_VM_READV 1
| #define HAVE_PWRITEV 1
| #define HAVE_READAHEAD 1
| #define HAVE_SIGNALFD 1
| #define HAVE_STPCPY 1
| #define HAVE_STRERROR 1
| #define HAVE_STRSIGNAL 1
| #define HAVE_SYNC_FILE_RANGE 1
| #define HAVE_UTIMENSAT 1
| #define HAVE_SIG_ATOMIC_T 1
| #define HAVE_STRUCT_SIGCONTEXT 1
| #define HAVE_STRUCT_MMSGHDR 1
| #define HAVE___KERNEL_LONG_T 1
| #define HAVE___KERNEL_ULONG_T 1
| #define HAVE_STRUCT___OLD_KERNEL_STAT 1
| #define HAVE_STRUCT_USER_DESC 1
| #define HAVE_STRUCT_STAT_ST_MTIME_NSEC 1
| #define HAVE_STRUCT_FLOCK 1
| #define HAVE_STRUCT_FLOCK64 1
| #define HAVE_STRUCT_TIMEX_TAI 1
| #define HAVE_STRUCT_UTSNAME_DOMAINNAME 1
| #define HAVE_SIGINFO_T_SI_SYSCALL 1
| #define HAVE_SIGINFO_T_SI_TIMERID 1
| #define HAVE_SIGINFO_T_SI_OVERRUN 1
| #define HAVE_STRUCT_PERF_EVENT_ATTR_PRECISE_IP 1
| #define HAVE_STRUCT_PERF_EVENT_ATTR_MMAP_DATA 1
| #define HAVE_STRUCT_PERF_EVENT_ATTR_SAMPLE_ID_ALL 1
| #define HAVE_STRUCT_PERF_EVENT_ATTR_EXCLUDE_HOST 1
| #define HAVE_STRUCT_PERF_EVENT_ATTR_EXCLUDE_GUEST 1
| #define HAVE_STRUCT_PERF_EVENT_ATTR_EXCLUDE_CALLCHAIN_KERNEL 1
| #define HAVE_STRUCT_PERF_EVENT_ATTR_EXCLUDE_CALLCHAIN_USER 1
| #define HAVE_STRUCT_PERF_EVENT_ATTR_MMAP2 1
| #define HAVE_STRUCT_PERF_EVENT_ATTR_COMM_EXEC 1
| #define HAVE_STRUCT_PERF_EVENT_ATTR_USE_CLOCKID 1
| #define HAVE_STRUCT_PERF_EVENT_ATTR_CONTEXT_SWITCH 1
| #define HAVE_STRUCT_PERF_EVENT_ATTR_WRITE_BACKWARD 1
| #define HAVE_STRUCT_PERF_EVENT_ATTR_BP_TYPE 1
| #define HAVE_STRUCT_PERF_EVENT_ATTR_CONFIG1 1
| #define HAVE_STRUCT_PERF_EVENT_ATTR_CONFIG2 1
| #define HAVE_STRUCT_PERF_EVENT_ATTR_BRANCH_SAMPLE_TYPE 1
| #define HAVE_STRUCT_PERF_EVENT_ATTR_SAMPLE_REGS_USER 1
| #define HAVE_STRUCT_PERF_EVENT_ATTR_SAMPLE_STACK_USER 1
| #define HAVE_STRUCT_PERF_EVENT_ATTR_SAMPLE_REGS_INTR 1
| #define HAVE_STRUCT_PERF_EVENT_ATTR_AUX_WATERMARK 1
| #define HAVE_STRUCT_PERF_EVENT_ATTR_SAMPLE_MAX_STACK 1
| #define HAVE_ELF_H 1
| #define HAVE_INTTYPES_H 1
| #define HAVE_LINUX_BSG_H 1
| #define HAVE_LINUX_DM_IOCTL_H 1
| #define HAVE_LINUX_DQBLK_XFS_H 1
| #define HAVE_LINUX_FALLOC_H 1
| #define HAVE_LINUX_FIEMAP_H 1
| #define HAVE_LINUX_FILTER_H 1
| #define HAVE_LINUX_HIDDEV_H 1
| #define HAVE_LINUX_IP_VS_H 1
| #define HAVE_LINUX_IPC_H 1
| #define HAVE_LINUX_MMTIMER_H 1
| #define HAVE_LINUX_MSG_H 1
| #define HAVE_LINUX_PERF_EVENT_H 1
| #define HAVE_LINUX_QUOTA_H 1
| #define HAVE_LINUX_SECCOMP_H 1
| #define HAVE_LINUX_SECUREBITS_H 1
| #define HAVE_LINUX_SEM_H 1
| #define HAVE_LINUX_SHM_H 1
| #define HAVE_LINUX_USERFAULTFD_H 1
| #define HAVE_LINUX_UTSNAME_H 1
| #define HAVE_MQUEUE_H 1
| #define HAVE_NETIPX_IPX_H 1
| #define HAVE_SCSI_SG_H 1
| #define HAVE_SYS_EVENTFD_H 1
| #define HAVE_SYS_FANOTIFY_H 1
| #define HAVE_SYS_IPC_H 1
| #define HAVE_SYS_MSG_H 1
| #define HAVE_SYS_QUOTA_H 1
| #define HAVE_SYS_REG_H 1
| #define HAVE_SYS_SEM_H 1
| #define HAVE_SYS_SHM_H 1
| #define HAVE_SYS_SIGNALFD_H 1
| #define HAVE_SYS_XATTR_H 1
| #define HAVE_NETINET_TCP_H 1
| #define HAVE_NETINET_UDP_H 1
| #define HAVE_LINUX_MQUEUE_H 1
| #define HAVE_LINUX_NETFILTER_ARP_ARP_TABLES_H 1
| #define HAVE_LINUX_NETFILTER_BRIDGE_EBTABLES_H 1
| #define HAVE_LINUX_NETFILTER_IPV4_IP_TABLES_H 1
| #define HAVE_LINUX_NETFILTER_IPV6_IP6_TABLES_H 1
| #define HAVE_LINUX_INPUT_H 1
| #define HAVE_STRUCT_INPUT_ABSINFO_RESOLUTION 1
| #define HAVE_LINUX_BPF_H 1
| #define HAVE_UNION_BPF_ATTR_LOG_BUF 1
| #define HAVE_UNION_BPF_ATTR_BPF_FD 1
| #define HAVE_UNION_BPF_ATTR_ATTACH_FLAGS 1
| #define HAVE_STRUCT_STATFS 1
| #define HAVE_STRUCT_STATFS_F_FRSIZE 1
| #define HAVE_STRUCT_STATFS_F_FLAGS 1
| #define HAVE_STRUCT_STATFS_F_FSID_VAL 1
| /* end confdefs.h.  */
| #include <linux/types.h>
| #include <asm/statfs.h>
| 
| int
| main (void)
| {
| static struct statfs ac_aggr;
| if (sizeof ac_aggr.f_fsid.__val)
| return 0;
|   ;
|   return 0;
| }
configure:11927: result: no
configure:11942: checking for struct statfs64
configure:11942: gcc -c -std=gnu17 -O2 -g  conftest.c >&5
configure:11942: $? = 0
configure:11942: gcc -c -std=gnu17 -O2 -g  conftest.c >&5
conftest.c: In function 'main':
conftest.c:158:30: error: expected expression before ')' token
  158 | if (sizeof ((struct statfs64)))
      |                              ^
configure:11942: $? = 1
configure: failed program was:
| /* confdefs.h */
| #define PACKAGE_NAME "strace"
| #define PACKAGE_TARNAME "strace"
| #define PACKAGE_VERSION "UNKNOWN"
| #define PACKAGE_STRING "strace UNKNOWN"
| #define PACKAGE_BUGREPORT "strace-devel@lists.sourceforge.net"
| #define PACKAGE_URL "https://strace.io"
| #define PACKAGE "strace"
| #define VERSION "UNKNOWN"
| #define HAVE_STDIO_H 1
| #define HAVE_STDLIB_H 1
| #define HAVE_STRING_H 1
| #define HAVE_INTTYPES_H 1
| #define HAVE_STDINT_H 1
| #define HAVE_STRINGS_H 1
| #define HAVE_SYS_STAT_H 1
| #define HAVE_SYS_TYPES_H 1
| #define HAVE_UNISTD_H 1
| #define HAVE_WCHAR_H 1
| #define STDC_HEADERS 1
| #define _ALL_SOURCE 1
| #define _COSMO_SOURCE 1
| #define _DARWIN_C_SOURCE 1
| #define _GNU_SOURCE 1
| #define _HPUX_ALT_XOPEN_SOCKET_API 1
| #define _NETBSD_SOURCE 1
| #define _OPENBSD_SOURCE 1
| #define _POSIX_PTHREAD_SEMANTICS 1
| #define __STDC_WANT_IEC_60559_ATTRIBS_EXT__ 1
| #define __STDC_WANT_IEC_60559_BFP_EXT__ 1
| #define __STDC_WANT_IEC_60559_DFP_EXT__ 1
| #define __STDC_WANT_IEC_60559_EXT__ 1
| #define __STDC_WANT_IEC_60559_FUNCS_EXT__ 1
| #define __STDC_WANT_IEC_60559_TYPES_EXT__ 1
| #define __STDC_WANT_LIB_EXT2__ 1
| #define __STDC_WANT_MATH_SPEC_FUNCS__ 1
| #define _TANDEM_SOURCE 1
| #define __EXTENSIONS__ 1
| #define X86_64 1
| #define ENABLE_ARM_OABI 0
| #define HAVE_TYPEOF 1
| #define HAVE_ACCEPT4 1
| #define HAVE_FALLOCATE 1
| #define HAVE_FANOTIFY_MARK 1
| #define HAVE_FOPEN64 1
| #define HAVE_FORK 1
| #define HAVE_FPUTS_UNLOCKED 1
| #define HAVE_FSTATAT 1
| #define HAVE_FTRUNCATE 1
| #define HAVE_FUTIMENS 1
| #define HAVE_IF_INDEXTONAME 1
| #define HAVE_OPEN64 1
| #define HAVE_PRCTL 1
| #define HAVE_PREADV 1
| #define HAVE_PROCESS_VM_READV 1
| #define HAVE_PWRITEV 1
| #define HAVE_READAHEAD 1
| #define HAVE_SIGNALFD 1
| #define HAVE_STPCPY 1
| #define HAVE_STRERROR 1
| #define HAVE_STRSIGNAL 1
| #define HAVE_SYNC_FILE_RANGE 1
| #define HAVE_UTIMENSAT 1
| #define HAVE_SIG_ATOMIC_T 1
| #define HAVE_STRUCT_SIGCONTEXT 1
| #define HAVE_STRUCT_MMSGHDR 1
| #define HAVE___KERNEL_LONG_T 1
| #define HAVE___KERNEL_ULONG_T 1
| #define HAVE_STRUCT___OLD_KERNEL_STAT 1
| #define HAVE_STRUCT_USER_DESC 1
| #define HAVE_STRUCT_STAT_ST_MTIME_NSEC 1
| #define HAVE_STRUCT_FLOCK 1
| #define HAVE_STRUCT_FLOCK64 1
| #define HAVE_STRUCT_TIMEX_TAI 1
| #define HAVE_STRUCT_UTSNAME_DOMAINNAME 1
| #define HAVE_SIGINFO_T_SI_SYSCALL 1
| #define HAVE_SIGINFO_T_SI_TIMERID 1
| #define HAVE_SIGINFO_T_SI_OVERRUN 1
| #define HAVE_STRUCT_PERF_EVENT_ATTR_PRECISE_IP 1
| #define HAVE_STRUCT_PERF_EVENT_ATTR_MMAP_DATA 1
| #define HAVE_STRUCT_PERF_EVENT_ATTR_SAMPLE_ID_ALL 1
| #define HAVE_STRUCT_PERF_EVENT_ATTR_EXCLUDE_HOST 1
| #define HAVE_STRUCT_PERF_EVENT_ATTR_EXCLUDE_GUEST 1
| #define HAVE_STRUCT_PERF_EVENT_ATTR_EXCLUDE_CALLCHAIN_KERNEL 1
| #define HAVE_STRUCT_PERF_EVENT_ATTR_EXCLUDE_CALLCHAIN_USER 1
| #define HAVE_STRUCT_PERF_EVENT_ATTR_MMAP2 1
| #define HAVE_STRUCT_PERF_EVENT_ATTR_COMM_EXEC 1
| #define HAVE_STRUCT_PERF_EVENT_ATTR_USE_CLOCKID 1
| #define HAVE_STRUCT_PERF_EVENT_ATTR_CONTEXT_SWITCH 1
| #define HAVE_STRUCT_PERF_EVENT_ATTR_WRITE_BACKWARD 1
| #define HAVE_STRUCT_PERF_EVENT_ATTR_BP_TYPE 1
| #define HAVE_STRUCT_PERF_EVENT_ATTR_CONFIG1 1
| #define HAVE_STRUCT_PERF_EVENT_ATTR_CONFIG2 1
| #define HAVE_STRUCT_PERF_EVENT_ATTR_BRANCH_SAMPLE_TYPE 1
| #define HAVE_STRUCT_PERF_EVENT_ATTR_SAMPLE_REGS_USER 1
| #define HAVE_STRUCT_PERF_EVENT_ATTR_SAMPLE_STACK_USER 1
| #define HAVE_STRUCT_PERF_EVENT_ATTR_SAMPLE_REGS_INTR 1
| #define HAVE_STRUCT_PERF_EVENT_ATTR_AUX_WATERMARK 1
| #define HAVE_STRUCT_PERF_EVENT_ATTR_SAMPLE_MAX_STACK 1
| #define HAVE_ELF_H 1
| #define HAVE_INTTYPES_H 1
| #define HAVE_LINUX_BSG_H 1
| #define HAVE_LINUX_DM_IOCTL_H 1
| #define HAVE_LINUX_DQBLK_XFS_H 1
| #define HAVE_LINUX_FALLOC_H 1
| #define HAVE_LINUX_FIEMAP_H 1
| #define HAVE_LINUX_FILTER_H 1
| #define HAVE_LINUX_HIDDEV_H 1
| #define HAVE_LINUX_IP_VS_H 1
| #define HAVE_LINUX_IPC_H 1
| #define HAVE_LINUX_MMTIMER_H 1
| #define HAVE_LINUX_MSG_H 1
| #define HAVE_LINUX_PERF_EVENT_H 1
| #define HAVE_LINUX_QUOTA_H 1
| #define HAVE_LINUX_SECCOMP_H 1
| #define HAVE_LINUX_SECUREBITS_H 1
| #define HAVE_LINUX_SEM_H 1
| #define HAVE_LINUX_SHM_H 1
| #define HAVE_LINUX_USERFAULTFD_H 1
| #define HAVE_LINUX_UTSNAME_H 1
| #define HAVE_MQUEUE_H 1
| #define HAVE_NETIPX_IPX_H 1
| #define HAVE_SCSI_SG_H 1
| #define HAVE_SYS_EVENTFD_H 1
| #define HAVE_SYS_FANOTIFY_H 1
| #define HAVE_SYS_IPC_H 1
| #define HAVE_SYS_MSG_H 1
| #define HAVE_SYS_QUOTA_H 1
| #define HAVE_SYS_REG_H 1
| #define HAVE_SYS_SEM_H 1
| #define HAVE_SYS_SHM_H 1
| #define HAVE_SYS_SIGNALFD_H 1
| #define HAVE_SYS_XATTR_H 1
| #define HAVE_NETINET_TCP_H 1
| #define HAVE_NETINET_UDP_H 1
| #define HAVE_LINUX_MQUEUE_H 1
| #define HAVE_LINUX_NETFILTER_ARP_ARP_TABLES_H 1
| #define HAVE_LINUX_NETFILTER_BRIDGE_EBTABLES_H 1
| #define HAVE_LINUX_NETFILTER_IPV4_IP_TABLES_H 1
| #define HAVE_LINUX_NETFILTER_IPV6_IP6_TABLES_H 1
| #define HAVE_LINUX_INPUT_H 1
| #define HAVE_STRUCT_INPUT_ABSINFO_RESOLUTION 1
| #define HAVE_LINUX_BPF_H 1
| #define HAVE_UNION_BPF_ATTR_LOG_BUF 1
| #define HAVE_UNION_BPF_ATTR_BPF_FD 1
| #define HAVE_UNION_BPF_ATTR_ATTACH_FLAGS 1
| #define HAVE_STRUCT_STATFS 1
| #define HAVE_STRUCT_STATFS_F_FRSIZE 1
| #define HAVE_STRUCT_STATFS_F_FLAGS 1
| #define HAVE_STRUCT_STATFS_F_FSID_VAL 1
| /* end confdefs.h.  */
| #include <linux/types.h>
| #include <asm/statfs.h>
| 
| int
| main (void)
| {
| if (sizeof ((struct statfs64)))
| 	    return 0;
|   ;
|   return 0;
| }
configure:11942: result: yes
configure:11951: checking for struct statfs64.f_frsize
configure:11951: gcc -c -std=gnu17 -O2 -g  conftest.c >&5
configure:11951: $? = 0
configure:11951: result: yes
configure:11962: checking for struct statfs64.f_flags
configure:11962: gcc -c -std=gnu17 -O2 -g  conftest.c >&5
configure:11962: $? = 0
configure:11962: result: yes
configure:11973: checking for struct statfs64.f_fsid.val
configure:11973: gcc -c -std=gnu17 -O2 -g  conftest.c >&5
configure:11973: $? = 0
configure:11973: result: yes
configure:11984: checking for struct statfs64.f_fsid.__val
configure:11984: gcc -c -std=gnu17 -O2 -g  conftest.c >&5
conftest.c: In function 'main':
conftest.c:163:20: error: '__kernel_fsid_t' has no member named '__val'; did you mean 'val'?
  163 | if (ac_aggr.f_fsid.__val)
      |                    ^~~~~
      |                    val
configure:11984: $? = 1
configure: failed program was:
| /* confdefs.h */
| #define PACKAGE_NAME "strace"
| #define PACKAGE_TARNAME "strace"
| #define PACKAGE_VERSION "UNKNOWN"
| #define PACKAGE_STRING "strace UNKNOWN"
| #define PACKAGE_BUGREPORT "strace-devel@lists.sourceforge.net"
| #define PACKAGE_URL "https://strace.io"
| #define PACKAGE "strace"
| #define VERSION "UNKNOWN"
| #define HAVE_STDIO_H 1
| #define HAVE_STDLIB_H 1
| #define HAVE_STRING_H 1
| #define HAVE_INTTYPES_H 1
| #define HAVE_STDINT_H 1
| #define HAVE_STRINGS_H 1
| #define HAVE_SYS_STAT_H 1
| #define HAVE_SYS_TYPES_H 1
| #define HAVE_UNISTD_H 1
| #define HAVE_WCHAR_H 1
| #define STDC_HEADERS 1
| #define _ALL_SOURCE 1
| #define _COSMO_SOURCE 1
| #define _DARWIN_C_SOURCE 1
| #define _GNU_SOURCE 1
| #define _HPUX_ALT_XOPEN_SOCKET_API 1
| #define _NETBSD_SOURCE 1
| #define _OPENBSD_SOURCE 1
| #define _POSIX_PTHREAD_SEMANTICS 1
| #define __STDC_WANT_IEC_60559_ATTRIBS_EXT__ 1
| #define __STDC_WANT_IEC_60559_BFP_EXT__ 1
| #define __STDC_WANT_IEC_60559_DFP_EXT__ 1
| #define __STDC_WANT_IEC_60559_EXT__ 1
| #define __STDC_WANT_IEC_60559_FUNCS_EXT__ 1
| #define __STDC_WANT_IEC_60559_TYPES_EXT__ 1
| #define __STDC_WANT_LIB_EXT2__ 1
| #define __STDC_WANT_MATH_SPEC_FUNCS__ 1
| #define _TANDEM_SOURCE 1
| #define __EXTENSIONS__ 1
| #define X86_64 1
| #define ENABLE_ARM_OABI 0
| #define HAVE_TYPEOF 1
| #define HAVE_ACCEPT4 1
| #define HAVE_FALLOCATE 1
| #define HAVE_FANOTIFY_MARK 1
| #define HAVE_FOPEN64 1
| #define HAVE_FORK 1
| #define HAVE_FPUTS_UNLOCKED 1
| #define HAVE_FSTATAT 1
| #define HAVE_FTRUNCATE 1
| #define HAVE_FUTIMENS 1
| #define HAVE_IF_INDEXTONAME 1
| #define HAVE_OPEN64 1
| #define HAVE_PRCTL 1
| #define HAVE_PREADV 1
| #define HAVE_PROCESS_VM_READV 1
| #define HAVE_PWRITEV 1
| #define HAVE_READAHEAD 1
| #define HAVE_SIGNALFD 1
| #define HAVE_STPCPY 1
| #define HAVE_STRERROR 1
| #define HAVE_STRSIGNAL 1
| #define HAVE_SYNC_FILE_RANGE 1
| #define HAVE_UTIMENSAT 1
| #define HAVE_SIG_ATOMIC_T 1
| #define HAVE_STRUCT_SIGCONTEXT 1
| #define HAVE_STRUCT_MMSGHDR 1
| #define HAVE___KERNEL_LONG_T 1
| #define HAVE___KERNEL_ULONG_T 1
| #define HAVE_STRUCT___OLD_KERNEL_STAT 1
| #define HAVE_STRUCT_USER_DESC 1
| #define HAVE_STRUCT_STAT_ST_MTIME_NSEC 1
| #define HAVE_STRUCT_FLOCK 1
| #define HAVE_STRUCT_FLOCK64 1
| #define HAVE_STRUCT_TIMEX_TAI 1
| #define HAVE_STRUCT_UTSNAME_DOMAINNAME 1
| #define HAVE_SIGINFO_T_SI_SYSCALL 1
| #define HAVE_SIGINFO_T_SI_TIMERID 1
| #define HAVE_SIGINFO_T_SI_OVERRUN 1
| #define HAVE_STRUCT_PERF_EVENT_ATTR_PRECISE_IP 1
| #define HAVE_STRUCT_PERF_EVENT_ATTR_MMAP_DATA 1
| #define HAVE_STRUCT_PERF_EVENT_ATTR_SAMPLE_ID_ALL 1
| #define HAVE_STRUCT_PERF_EVENT_ATTR_EXCLUDE_HOST 1
| #define HAVE_STRUCT_PERF_EVENT_ATTR_EXCLUDE_GUEST 1
| #define HAVE_STRUCT_PERF_EVENT_ATTR_EXCLUDE_CALLCHAIN_KERNEL 1
| #define HAVE_STRUCT_PERF_EVENT_ATTR_EXCLUDE_CALLCHAIN_USER 1
| #define HAVE_STRUCT_PERF_EVENT_ATTR_MMAP2 1
| #define HAVE_STRUCT_PERF_EVENT_ATTR_COMM_EXEC 1
| #define HAVE_STRUCT_PERF_EVENT_ATTR_USE_CLOCKID 1
| #define HAVE_STRUCT_PERF_EVENT_ATTR_CONTEXT_SWITCH 1
| #define HAVE_STRUCT_PERF_EVENT_ATTR_WRITE_BACKWARD 1
| #define HAVE_STRUCT_PERF_EVENT_ATTR_BP_TYPE 1
| #define HAVE_STRUCT_PERF_EVENT_ATTR_CONFIG1 1
| #define HAVE_STRUCT_PERF_EVENT_ATTR_CONFIG2 1
| #define HAVE_STRUCT_PERF_EVENT_ATTR_BRANCH_SAMPLE_TYPE 1
| #define HAVE_STRUCT_PERF_EVENT_ATTR_SAMPLE_REGS_USER 1
| #define HAVE_STRUCT_PERF_EVENT_ATTR_SAMPLE_STACK_USER 1
| #define HAVE_STRUCT_PERF_EVENT_ATTR_SAMPLE_REGS_INTR 1
| #define HAVE_STRUCT_PERF_EVENT_ATTR_AUX_WATERMARK 1
| #define HAVE_STRUCT_PERF_EVENT_ATTR_SAMPLE_MAX_STACK 1
| #define HAVE_ELF_H 1
| #define HAVE_INTTYPES_H 1
| #define HAVE_LINUX_BSG_H 1
| #define HAVE_LINUX_DM_IOCTL_H 1
| #define HAVE_LINUX_DQBLK_XFS_H 1
| #define HAVE_LINUX_FALLOC_H 1
| #define HAVE_LINUX_FIEMAP_H 1
| #define HAVE_LINUX_FILTER_H 1
| #define HAVE_LINUX_HIDDEV_H 1
| #define HAVE_LINUX_IP_VS_H 1
| #define HAVE_LINUX_IPC_H 1
| #define HAVE_LINUX_MMTIMER_H 1
| #define HAVE_LINUX_MSG_H 1
| #define HAVE_LINUX_PERF_EVENT_H 1
| #define HAVE_LINUX_QUOTA_H 1
| #define HAVE_LINUX_SECCOMP_H 1
| #define HAVE_LINUX_SECUREBITS_H 1
| #define HAVE_LINUX_SEM_H 1
| #define HAVE_LINUX_SHM_H 1
| #define HAVE_LINUX_USERFAULTFD_H 1
| #define HAVE_LINUX_UTSNAME_H 1
| #define HAVE_MQUEUE_H 1
| #define HAVE_NETIPX_IPX_H 1
| #define HAVE_SCSI_SG_H 1
| #define HAVE_SYS_EVENTFD_H 1
| #define HAVE_SYS_FANOTIFY_H 1
| #define HAVE_SYS_IPC_H 1
| #define HAVE_SYS_MSG_H 1
| #define HAVE_SYS_QUOTA_H 1
| #define HAVE_SYS_REG_H 1
| #define HAVE_SYS_SEM_H 1
| #define HAVE_SYS_SHM_H 1
| #define HAVE_SYS_SIGNALFD_H 1
| #define HAVE_SYS_XATTR_H 1
| #define HAVE_NETINET_TCP_H 1
| #define HAVE_NETINET_UDP_H 1
| #define HAVE_LINUX_MQUEUE_H 1
| #define HAVE_LINUX_NETFILTER_ARP_ARP_TABLES_H 1
| #define HAVE_LINUX_NETFILTER_BRIDGE_EBTABLES_H 1
| #define HAVE_LINUX_NETFILTER_IPV4_IP_TABLES_H 1
| #define HAVE_LINUX_NETFILTER_IPV6_IP6_TABLES_H 1
| #define HAVE_LINUX_INPUT_H 1
| #define HAVE_STRUCT_INPUT_ABSINFO_RESOLUTION 1
| #define HAVE_LINUX_BPF_H 1
| #define HAVE_UNION_BPF_ATTR_LOG_BUF 1
| #define HAVE_UNION_BPF_ATTR_BPF_FD 1
| #define HAVE_UNION_BPF_ATTR_ATTACH_FLAGS 1
| #define HAVE_STRUCT_STATFS 1
| #define HAVE_STRUCT_STATFS_F_FRSIZE 1
| #define HAVE_STRUCT_STATFS_F_FLAGS 1
| #define HAVE_STRUCT_STATFS_F_FSID_VAL 1
| #define HAVE_STRUCT_STATFS64 1
| #define HAVE_STRUCT_STATFS64_F_FRSIZE 1
| #define HAVE_STRUCT_STATFS64_F_FLAGS 1
| #define HAVE_STRUCT_STATFS64_F_FSID_VAL 1
| /* end confdefs.h.  */
| #include <linux/types.h>
| #include <asm/statfs.h>
| 
| int
| main (void)
| {
| static struct statfs64 ac_aggr;
| if (ac_aggr.f_fsid.__val)
| return 0;
|   ;
|   return 0;
| }
configure:11984: gcc -c -std=gnu17 -O2 -g  conftest.c >&5
conftest.c: In function 'main':
conftest.c:163:27: error: '__kernel_fsid_t' has no member named '__val'; did you mean 'val'?
  163 | if (sizeof ac_aggr.f_fsid.__val)
      |                           ^~~~~
      |                           val
configure:11984: $? = 1
configure: failed program was:
| /* confdefs.h */
| #define PACKAGE_NAME "strace"
| #define PACKAGE_TARNAME "strace"
| #define PACKAGE_VERSION "UNKNOWN"
| #define PACKAGE_STRING "strace UNKNOWN"
| #define PACKAGE_BUGREPORT "strace-devel@lists.sourceforge.net"
| #define PACKAGE_URL "https://strace.io"
| #define PACKAGE "strace"
| #define VERSION "UNKNOWN"
| #define HAVE_STDIO_H 1
| #define HAVE_STDLIB_H 1
| #define HAVE_STRING_H 1
| #define HAVE_INTTYPES_H 1
| #define HAVE_STDINT_H 1
| #define HAVE_STRINGS_H 1
| #define HAVE_SYS_STAT_H 1
| #define HAVE_SYS_TYPES_H 1
| #define HAVE_UNISTD_H 1
| #define HAVE_WCHAR_H 1
| #define STDC_HEADERS 1
| #define _ALL_SOURCE 1
| #define _COSMO_SOURCE 1
| #define _DARWIN_C_SOURCE 1
| #define _GNU_SOURCE 1
| #define _HPUX_ALT_XOPEN_SOCKET_API 1
| #define _NETBSD_SOURCE 1
| #define _OPENBSD_SOURCE 1
| #define _POSIX_PTHREAD_SEMANTICS 1
| #define __STDC_WANT_IEC_60559_ATTRIBS_EXT__ 1
| #define __STDC_WANT_IEC_60559_BFP_EXT__ 1
| #define __STDC_WANT_IEC_60559_DFP_EXT__ 1
| #define __STDC_WANT_IEC_60559_EXT__ 1
| #define __STDC_WANT_IEC_60559_FUNCS_EXT__ 1
| #define __STDC_WANT_IEC_60559_TYPES_EXT__ 1
| #define __STDC_WANT_LIB_EXT2__ 1
| #define __STDC_WANT_MATH_SPEC_FUNCS__ 1
| #define _TANDEM_SOURCE 1
| #define __EXTENSIONS__ 1
| #define X86_64 1
| #define ENABLE_ARM_OABI 0
| #define HAVE_TYPEOF 1
| #define HAVE_ACCEPT4 1
| #define HAVE_FALLOCATE 1
| #define HAVE_FANOTIFY_MARK 1
| #define HAVE_FOPEN64 1
| #define HAVE_FORK 1
| #define HAVE_FPUTS_UNLOCKED 1
| #define HAVE_FSTATAT 1
| #define HAVE_FTRUNCATE 1
| #define HAVE_FUTIMENS 1
| #define HAVE_IF_INDEXTONAME 1
| #define HAVE_OPEN64 1
| #define HAVE_PRCTL 1
| #define HAVE_PREADV 1
| #define HAVE_PROCESS_VM_READV 1
| #define HAVE_PWRITEV 1
| #define HAVE_READAHEAD 1
| #define HAVE_SIGNALFD 1
| #define HAVE_STPCPY 1
| #define HAVE_STRERROR 1
| #define HAVE_STRSIGNAL 1
| #define HAVE_SYNC_FILE_RANGE 1
| #define HAVE_UTIMENSAT 1
| #define HAVE_SIG_ATOMIC_T 1
| #define HAVE_STRUCT_SIGCONTEXT 1
| #define HAVE_STRUCT_MMSGHDR 1
| #define HAVE___KERNEL_LONG_T 1
| #define HAVE___KERNEL_ULONG_T 1
| #define HAVE_STRUCT___OLD_KERNEL_STAT 1
| #define HAVE_STRUCT_USER_DESC 1
| #define HAVE_STRUCT_STAT_ST_MTIME_NSEC 1
| #define HAVE_STRUCT_FLOCK 1
| #define HAVE_STRUCT_FLOCK64 1
| #define HAVE_STRUCT_TIMEX_TAI 1
| #define HAVE_STRUCT_UTSNAME_DOMAINNAME 1
| #define HAVE_SIGINFO_T_SI_SYSCALL 1
| #define HAVE_SIGINFO_T_SI_TIMERID 1
| #define HAVE_SIGINFO_T_SI_OVERRUN 1
| #define HAVE_STRUCT_PERF_EVENT_ATTR_PRECISE_IP 1
| #define HAVE_STRUCT_PERF_EVENT_ATTR_MMAP_DATA 1
| #define HAVE_STRUCT_PERF_EVENT_ATTR_SAMPLE_ID_ALL 1
| #define HAVE_STRUCT_PERF_EVENT_ATTR_EXCLUDE_HOST 1
| #define HAVE_STRUCT_PERF_EVENT_ATTR_EXCLUDE_GUEST 1
| #define HAVE_STRUCT_PERF_EVENT_ATTR_EXCLUDE_CALLCHAIN_KERNEL 1
| #define HAVE_STRUCT_PERF_EVENT_ATTR_EXCLUDE_CALLCHAIN_USER 1
| #define HAVE_STRUCT_PERF_EVENT_ATTR_MMAP2 1
| #define HAVE_STRUCT_PERF_EVENT_ATTR_COMM_EXEC 1
| #define HAVE_STRUCT_PERF_EVENT_ATTR_USE_CLOCKID 1
| #define HAVE_STRUCT_PERF_EVENT_ATTR_CONTEXT_SWITCH 1
| #define HAVE_STRUCT_PERF_EVENT_ATTR_WRITE_BACKWARD 1
| #define HAVE_STRUCT_PERF_EVENT_ATTR_BP_TYPE 1
| #define HAVE_STRUCT_PERF_EVENT_ATTR_CONFIG1 1
| #define HAVE_STRUCT_PERF_EVENT_ATTR_CONFIG2 1
| #define HAVE_STRUCT_PERF_EVENT_ATTR_BRANCH_SAMPLE_TYPE 1
| #define HAVE_STRUCT_PERF_EVENT_ATTR_SAMPLE_REGS_USER 1
| #define HAVE_STRUCT_PERF_EVENT_ATTR_SAMPLE_STACK_USER 1
| #define HAVE_STRUCT_PERF_EVENT_ATTR_SAMPLE_REGS_INTR 1
| #define HAVE_STRUCT_PERF_EVENT_ATTR_AUX_WATERMARK 1
| #define HAVE_STRUCT_PERF_EVENT_ATTR_SAMPLE_MAX_STACK 1
| #define HAVE_ELF_H 1
| #define HAVE_INTTYPES_H 1
| #define HAVE_LINUX_BSG_H 1
| #define HAVE_LINUX_DM_IOCTL_H 1
| #define HAVE_LINUX_DQBLK_XFS_H 1
| #define HAVE_LINUX_FALLOC_H 1
| #define HAVE_LINUX_FIEMAP_H 1
| #define HAVE_LINUX_FILTER_H 1
| #define HAVE_LINUX_HIDDEV_H 1
| #define HAVE_LINUX_IP_VS_H 1
| #define HAVE_LINUX_IPC_H 1
| #define HAVE_LINUX_MMTIMER_H 1
| #define HAVE_LINUX_MSG_H 1
| #define HAVE_LINUX_PERF_EVENT_H 1
| #define HAVE_LINUX_QUOTA_H 1
| #define HAVE_LINUX_SECCOMP_H 1
| #define HAVE_LINUX_SECUREBITS_H 1
| #define HAVE_LINUX_SEM_H 1
| #define HAVE_LINUX_SHM_H 1
| #define HAVE_LINUX_USERFAULTFD_H 1
| #define HAVE_LINUX_UTSNAME_H 1
| #define HAVE_MQUEUE_H 1
| #define HAVE_NETIPX_IPX_H 1
| #define HAVE_SCSI_SG_H 1
| #define HAVE_SYS_EVENTFD_H 1
| #define HAVE_SYS_FANOTIFY_H 1
| #define HAVE_SYS_IPC_H 1
| #define HAVE_SYS_MSG_H 1
| #define HAVE_SYS_QUOTA_H 1
| #define HAVE_SYS_REG_H 1
| #define HAVE_SYS_SEM_H 1
| #define HAVE_SYS_SHM_H 1
| #define HAVE_SYS_SIGNALFD_H 1
| #define HAVE_SYS_XATTR_H 1
| #define HAVE_NETINET_TCP_H 1
| #define HAVE_NETINET_UDP_H 1
| #define HAVE_LINUX_MQUEUE_H 1
| #define HAVE_LINUX_NETFILTER_ARP_ARP_TABLES_H 1
| #define HAVE_LINUX_NETFILTER_BRIDGE_EBTABLES_H 1
| #define HAVE_LINUX_NETFILTER_IPV4_IP_TABLES_H 1
| #define HAVE_LINUX_NETFILTER_IPV6_IP6_TABLES_H 1
| #define HAVE_LINUX_INPUT_H 1
| #define HAVE_STRUCT_INPUT_ABSINFO_RESOLUTION 1
| #define HAVE_LINUX_BPF_H 1
| #define HAVE_UNION_BPF_ATTR_LOG_BUF 1
| #define HAVE_UNION_BPF_ATTR_BPF_FD 1
| #define HAVE_UNION_BPF_ATTR_ATTACH_FLAGS 1
| #define HAVE_STRUCT_STATFS 1
| #define HAVE_STRUCT_STATFS_F_FRSIZE 1
| #define HAVE_STRUCT_STATFS_F_FLAGS 1
| #define HAVE_STRUCT_STATFS_F_FSID_VAL 1
| #define HAVE_STRUCT_STATFS64 1
| #define HAVE_STRUCT_STATFS64_F_FRSIZE 1
| #define HAVE_STRUCT_STATFS64_F_FLAGS 1
| #define HAVE_STRUCT_STATFS64_F_FSID_VAL 1
| /* end confdefs.h.  */
| #include <linux/types.h>
| #include <asm/statfs.h>
| 
| int
| main (void)
| {
| static struct statfs64 ac_aggr;
| if (sizeof ac_aggr.f_fsid.__val)
| return 0;
|   ;
|   return 0;
| }
configure:11984: result: no
configure:11999: checking for struct blk_user_trace_setup
configure:11999: gcc -c -std=gnu17 -O2 -g  conftest.c >&5
configure:11999: $? = 0
configure:11999: gcc -c -std=gnu17 -O2 -g  conftest.c >&5
conftest.c: In function 'main':
conftest.c:161:42: error: expected expression before ')' token
  161 | if (sizeof ((struct blk_user_trace_setup)))
      |                                          ^
configure:11999: $? = 1
configure: failed program was:
| /* confdefs.h */
| #define PACKAGE_NAME "strace"
| #define PACKAGE_TARNAME "strace"
| #define PACKAGE_VERSION "UNKNOWN"
| #define PACKAGE_STRING "strace UNKNOWN"
| #define PACKAGE_BUGREPORT "strace-devel@lists.sourceforge.net"
| #define PACKAGE_URL "https://strace.io"
| #define PACKAGE "strace"
| #define VERSION "UNKNOWN"
| #define HAVE_STDIO_H 1
| #define HAVE_STDLIB_H 1
| #define HAVE_STRING_H 1
| #define HAVE_INTTYPES_H 1
| #define HAVE_STDINT_H 1
| #define HAVE_STRINGS_H 1
| #define HAVE_SYS_STAT_H 1
| #define HAVE_SYS_TYPES_H 1
| #define HAVE_UNISTD_H 1
| #define HAVE_WCHAR_H 1
| #define STDC_HEADERS 1
| #define _ALL_SOURCE 1
| #define _COSMO_SOURCE 1
| #define _DARWIN_C_SOURCE 1
| #define _GNU_SOURCE 1
| #define _HPUX_ALT_XOPEN_SOCKET_API 1
| #define _NETBSD_SOURCE 1
| #define _OPENBSD_SOURCE 1
| #define _POSIX_PTHREAD_SEMANTICS 1
| #define __STDC_WANT_IEC_60559_ATTRIBS_EXT__ 1
| #define __STDC_WANT_IEC_60559_BFP_EXT__ 1
| #define __STDC_WANT_IEC_60559_DFP_EXT__ 1
| #define __STDC_WANT_IEC_60559_EXT__ 1
| #define __STDC_WANT_IEC_60559_FUNCS_EXT__ 1
| #define __STDC_WANT_IEC_60559_TYPES_EXT__ 1
| #define __STDC_WANT_LIB_EXT2__ 1
| #define __STDC_WANT_MATH_SPEC_FUNCS__ 1
| #define _TANDEM_SOURCE 1
| #define __EXTENSIONS__ 1
| #define X86_64 1
| #define ENABLE_ARM_OABI 0
| #define HAVE_TYPEOF 1
| #define HAVE_ACCEPT4 1
| #define HAVE_FALLOCATE 1
| #define HAVE_FANOTIFY_MARK 1
| #define HAVE_FOPEN64 1
| #define HAVE_FORK 1
| #define HAVE_FPUTS_UNLOCKED 1
| #define HAVE_FSTATAT 1
| #define HAVE_FTRUNCATE 1
| #define HAVE_FUTIMENS 1
| #define HAVE_IF_INDEXTONAME 1
| #define HAVE_OPEN64 1
| #define HAVE_PRCTL 1
| #define HAVE_PREADV 1
| #define HAVE_PROCESS_VM_READV 1
| #define HAVE_PWRITEV 1
| #define HAVE_READAHEAD 1
| #define HAVE_SIGNALFD 1
| #define HAVE_STPCPY 1
| #define HAVE_STRERROR 1
| #define HAVE_STRSIGNAL 1
| #define HAVE_SYNC_FILE_RANGE 1
| #define HAVE_UTIMENSAT 1
| #define HAVE_SIG_ATOMIC_T 1
| #define HAVE_STRUCT_SIGCONTEXT 1
| #define HAVE_STRUCT_MMSGHDR 1
| #define HAVE___KERNEL_LONG_T 1
| #define HAVE___KERNEL_ULONG_T 1
| #define HAVE_STRUCT___OLD_KERNEL_STAT 1
| #define HAVE_STRUCT_USER_DESC 1
| #define HAVE_STRUCT_STAT_ST_MTIME_NSEC 1
| #define HAVE_STRUCT_FLOCK 1
| #define HAVE_STRUCT_FLOCK64 1
| #define HAVE_STRUCT_TIMEX_TAI 1
| #define HAVE_STRUCT_UTSNAME_DOMAINNAME 1
| #define HAVE_SIGINFO_T_SI_SYSCALL 1
| #define HAVE_SIGINFO_T_SI_TIMERID 1
| #define HAVE_SIGINFO_T_SI_OVERRUN 1
| #define HAVE_STRUCT_PERF_EVENT_ATTR_PRECISE_IP 1
| #define HAVE_STRUCT_PERF_EVENT_ATTR_MMAP_DATA 1
| #define HAVE_STRUCT_PERF_EVENT_ATTR_SAMPLE_ID_ALL 1
| #define HAVE_STRUCT_PERF_EVENT_ATTR_EXCLUDE_HOST 1
| #define HAVE_STRUCT_PERF_EVENT_ATTR_EXCLUDE_GUEST 1
| #define HAVE_STRUCT_PERF_EVENT_ATTR_EXCLUDE_CALLCHAIN_KERNEL 1
| #define HAVE_STRUCT_PERF_EVENT_ATTR_EXCLUDE_CALLCHAIN_USER 1
| #define HAVE_STRUCT_PERF_EVENT_ATTR_MMAP2 1
| #define HAVE_STRUCT_PERF_EVENT_ATTR_COMM_EXEC 1
| #define HAVE_STRUCT_PERF_EVENT_ATTR_USE_CLOCKID 1
| #define HAVE_STRUCT_PERF_EVENT_ATTR_CONTEXT_SWITCH 1
| #define HAVE_STRUCT_PERF_EVENT_ATTR_WRITE_BACKWARD 1
| #define HAVE_STRUCT_PERF_EVENT_ATTR_BP_TYPE 1
| #define HAVE_STRUCT_PERF_EVENT_ATTR_CONFIG1 1
| #define HAVE_STRUCT_PERF_EVENT_ATTR_CONFIG2 1
| #define HAVE_STRUCT_PERF_EVENT_ATTR_BRANCH_SAMPLE_TYPE 1
| #define HAVE_STRUCT_PERF_EVENT_ATTR_SAMPLE_REGS_USER 1
| #define HAVE_STRUCT_PERF_EVENT_ATTR_SAMPLE_STACK_USER 1
| #define HAVE_STRUCT_PERF_EVENT_ATTR_SAMPLE_REGS_INTR 1
| #define HAVE_STRUCT_PERF_EVENT_ATTR_AUX_WATERMARK 1
| #define HAVE_STRUCT_PERF_EVENT_ATTR_SAMPLE_MAX_STACK 1
| #define HAVE_ELF_H 1
| #define HAVE_INTTYPES_H 1
| #define HAVE_LINUX_BSG_H 1
| #define HAVE_LINUX_DM_IOCTL_H 1
| #define HAVE_LINUX_DQBLK_XFS_H 1
| #define HAVE_LINUX_FALLOC_H 1
| #define HAVE_LINUX_FIEMAP_H 1
| #define HAVE_LINUX_FILTER_H 1
| #define HAVE_LINUX_HIDDEV_H 1
| #define HAVE_LINUX_IP_VS_H 1
| #define HAVE_LINUX_IPC_H 1
| #define HAVE_LINUX_MMTIMER_H 1
| #define HAVE_LINUX_MSG_H 1
| #define HAVE_LINUX_PERF_EVENT_H 1
| #define HAVE_LINUX_QUOTA_H 1
| #define HAVE_LINUX_SECCOMP_H 1
| #define HAVE_LINUX_SECUREBITS_H 1
| #define HAVE_LINUX_SEM_H 1
| #define HAVE_LINUX_SHM_H 1
| #define HAVE_LINUX_USERFAULTFD_H 1
| #define HAVE_LINUX_UTSNAME_H 1
| #define HAVE_MQUEUE_H 1
| #define HAVE_NETIPX_IPX_H 1
| #define HAVE_SCSI_SG_H 1
| #define HAVE_SYS_EVENTFD_H 1
| #define HAVE_SYS_FANOTIFY_H 1
| #define HAVE_SYS_IPC_H 1
| #define HAVE_SYS_MSG_H 1
| #define HAVE_SYS_QUOTA_H 1
| #define HAVE_SYS_REG_H 1
| #define HAVE_SYS_SEM_H 1
| #define HAVE_SYS_SHM_H 1
| #define HAVE_SYS_SIGNALFD_H 1
| #define HAVE_SYS_XATTR_H 1
| #define HAVE_NETINET_TCP_H 1
| #define HAVE_NETINET_UDP_H 1
| #define HAVE_LINUX_MQUEUE_H 1
| #define HAVE_LINUX_NETFILTER_ARP_ARP_TABLES_H 1
| #define HAVE_LINUX_NETFILTER_BRIDGE_EBTABLES_H 1
| #define HAVE_LINUX_NETFILTER_IPV4_IP_TABLES_H 1
| #define HAVE_LINUX_NETFILTER_IPV6_IP6_TABLES_H 1
| #define HAVE_LINUX_INPUT_H 1
| #define HAVE_STRUCT_INPUT_ABSINFO_RESOLUTION 1
| #define HAVE_LINUX_BPF_H 1
| #define HAVE_UNION_BPF_ATTR_LOG_BUF 1
| #define HAVE_UNION_BPF_ATTR_BPF_FD 1
| #define HAVE_UNION_BPF_ATTR_ATTACH_FLAGS 1
| #define HAVE_STRUCT_STATFS 1
| #define HAVE_STRUCT_STATFS_F_FRSIZE 1
| #define HAVE_STRUCT_STATFS_F_FLAGS 1
| #define HAVE_STRUCT_STATFS_F_FSID_VAL 1
| #define HAVE_STRUCT_STATFS64 1
| #define HAVE_STRUCT_STATFS64_F_FRSIZE 1
| #define HAVE_STRUCT_STATFS64_F_FLAGS 1
| #define HAVE_STRUCT_STATFS64_F_FSID_VAL 1
| /* end confdefs.h.  */
| #include <linux/blktrace_api.h>
| 
| int
| main (void)
| {
| if (sizeof ((struct blk_user_trace_setup)))
| 	    return 0;
|   ;
|   return 0;
| }
configure:11999: result: yes
configure:12010: checking for gcc options to detect undeclared functions
configure:12032: gcc -c -std=gnu17 -O2 -g   conftest.c >&5
conftest.c: In function 'main':
conftest.c:161:8: error: 'strchr' undeclared (first use in this function)
  161 | (void) strchr;
      |        ^~~~~~
conftest.c:1:1: note: 'strchr' is defined in header '<string.h>'; this is probably fixable by adding '#include <string.h>'
    1 | /* confdefs.h */
conftest.c:161:8: note: each undeclared identifier is reported only once for each function it appears in
  161 | (void) strchr;
      |        ^~~~~~
configure:12032: $? = 1
configure: failed program was:
| /* confdefs.h */
| #define PACKAGE_NAME "strace"
| #define PACKAGE_TARNAME "strace"
| #define PACKAGE_VERSION "UNKNOWN"
| #define PACKAGE_STRING "strace UNKNOWN"
| #define PACKAGE_BUGREPORT "strace-devel@lists.sourceforge.net"
| #define PACKAGE_URL "https://strace.io"
| #define PACKAGE "strace"
| #define VERSION "UNKNOWN"
| #define HAVE_STDIO_H 1
| #define HAVE_STDLIB_H 1
| #define HAVE_STRING_H 1
| #define HAVE_INTTYPES_H 1
| #define HAVE_STDINT_H 1
| #define HAVE_STRINGS_H 1
| #define HAVE_SYS_STAT_H 1
| #define HAVE_SYS_TYPES_H 1
| #define HAVE_UNISTD_H 1
| #define HAVE_WCHAR_H 1
| #define STDC_HEADERS 1
| #define _ALL_SOURCE 1
| #define _COSMO_SOURCE 1
| #define _DARWIN_C_SOURCE 1
| #define _GNU_SOURCE 1
| #define _HPUX_ALT_XOPEN_SOCKET_API 1
| #define _NETBSD_SOURCE 1
| #define _OPENBSD_SOURCE 1
| #define _POSIX_PTHREAD_SEMANTICS 1
| #define __STDC_WANT_IEC_60559_ATTRIBS_EXT__ 1
| #define __STDC_WANT_IEC_60559_BFP_EXT__ 1
| #define __STDC_WANT_IEC_60559_DFP_EXT__ 1
| #define __STDC_WANT_IEC_60559_EXT__ 1
| #define __STDC_WANT_IEC_60559_FUNCS_EXT__ 1
| #define __STDC_WANT_IEC_60559_TYPES_EXT__ 1
| #define __STDC_WANT_LIB_EXT2__ 1
| #define __STDC_WANT_MATH_SPEC_FUNCS__ 1
| #define _TANDEM_SOURCE 1
| #define __EXTENSIONS__ 1
| #define X86_64 1
| #define ENABLE_ARM_OABI 0
| #define HAVE_TYPEOF 1
| #define HAVE_ACCEPT4 1
| #define HAVE_FALLOCATE 1
| #define HAVE_FANOTIFY_MARK 1
| #define HAVE_FOPEN64 1
| #define HAVE_FORK 1
| #define HAVE_FPUTS_UNLOCKED 1
| #define HAVE_FSTATAT 1
| #define HAVE_FTRUNCATE 1
| #define HAVE_FUTIMENS 1
| #define HAVE_IF_INDEXTONAME 1
| #define HAVE_OPEN64 1
| #define HAVE_PRCTL 1
| #define HAVE_PREADV 1
| #define HAVE_PROCESS_VM_READV 1
| #define HAVE_PWRITEV 1
| #define HAVE_READAHEAD 1
| #define HAVE_SIGNALFD 1
| #define HAVE_STPCPY 1
| #define HAVE_STRERROR 1
| #define HAVE_STRSIGNAL 1
| #define HAVE_SYNC_FILE_RANGE 1
| #define HAVE_UTIMENSAT 1
| #define HAVE_SIG_ATOMIC_T 1
| #define HAVE_STRUCT_SIGCONTEXT 1
| #define HAVE_STRUCT_MMSGHDR 1
| #define HAVE___KERNEL_LONG_T 1
| #define HAVE___KERNEL_ULONG_T 1
| #define HAVE_STRUCT___OLD_KERNEL_STAT 1
| #define HAVE_STRUCT_USER_DESC 1
| #define HAVE_STRUCT_STAT_ST_MTIME_NSEC 1
| #define HAVE_STRUCT_FLOCK 1
| #define HAVE_STRUCT_FLOCK64 1
| #define HAVE_STRUCT_TIMEX_TAI 1
| #define HAVE_STRUCT_UTSNAME_DOMAINNAME 1
| #define HAVE_SIGINFO_T_SI_SYSCALL 1
| #define HAVE_SIGINFO_T_SI_TIMERID 1
| #define HAVE_SIGINFO_T_SI_OVERRUN 1
| #define HAVE_STRUCT_PERF_EVENT_ATTR_PRECISE_IP 1
| #define HAVE_STRUCT_PERF_EVENT_ATTR_MMAP_DATA 1
| #define HAVE_STRUCT_PERF_EVENT_ATTR_SAMPLE_ID_ALL 1
| #define HAVE_STRUCT_PERF_EVENT_ATTR_EXCLUDE_HOST 1
| #define HAVE_STRUCT_PERF_EVENT_ATTR_EXCLUDE_GUEST 1
| #define HAVE_STRUCT_PERF_EVENT_ATTR_EXCLUDE_CALLCHAIN_KERNEL 1
| #define HAVE_STRUCT_PERF_EVENT_ATTR_EXCLUDE_CALLCHAIN_USER 1
| #define HAVE_STRUCT_PERF_EVENT_ATTR_MMAP2 1
| #define HAVE_STRUCT_PERF_EVENT_ATTR_COMM_EXEC 1
| #define HAVE_STRUCT_PERF_EVENT_ATTR_USE_CLOCKID 1
| #define HAVE_STRUCT_PERF_EVENT_ATTR_CONTEXT_SWITCH 1
| #define HAVE_STRUCT_PERF_EVENT_ATTR_WRITE_BACKWARD 1
| #define HAVE_STRUCT_PERF_EVENT_ATTR_BP_TYPE 1
| #define HAVE_STRUCT_PERF_EVENT_ATTR_CONFIG1 1
| #define HAVE_STRUCT_PERF_EVENT_ATTR_CONFIG2 1
| #define HAVE_STRUCT_PERF_EVENT_ATTR_BRANCH_SAMPLE_TYPE 1
| #define HAVE_STRUCT_PERF_EVENT_ATTR_SAMPLE_REGS_USER 1
| #define HAVE_STRUCT_PERF_EVENT_ATTR_SAMPLE_STACK_USER 1
| #define HAVE_STRUCT_PERF_EVENT_ATTR_SAMPLE_REGS_INTR 1
| #define HAVE_STRUCT_PERF_EVENT_ATTR_AUX_WATERMARK 1
| #define HAVE_STRUCT_PERF_EVENT_ATTR_SAMPLE_MAX_STACK 1
| #define HAVE_ELF_H 1
| #define HAVE_INTTYPES_H 1
| #define HAVE_LINUX_BSG_H 1
| #define HAVE_LINUX_DM_IOCTL_H 1
| #define HAVE_LINUX_DQBLK_XFS_H 1
| #define HAVE_LINUX_FALLOC_H 1
| #define HAVE_LINUX_FIEMAP_H 1
| #define HAVE_LINUX_FILTER_H 1
| #define HAVE_LINUX_HIDDEV_H 1
| #define HAVE_LINUX_IP_VS_H 1
| #define HAVE_LINUX_IPC_H 1
| #define HAVE_LINUX_MMTIMER_H 1
| #define HAVE_LINUX_MSG_H 1
| #define HAVE_LINUX_PERF_EVENT_H 1
| #define HAVE_LINUX_QUOTA_H 1
| #define HAVE_LINUX_SECCOMP_H 1
| #define HAVE_LINUX_SECUREBITS_H 1
| #define HAVE_LINUX_SEM_H 1
| #define HAVE_LINUX_SHM_H 1
| #define HAVE_LINUX_USERFAULTFD_H 1
| #define HAVE_LINUX_UTSNAME_H 1
| #define HAVE_MQUEUE_H 1
| #define HAVE_NETIPX_IPX_H 1
| #define HAVE_SCSI_SG_H 1
| #define HAVE_SYS_EVENTFD_H 1
| #define HAVE_SYS_FANOTIFY_H 1
| #define HAVE_SYS_IPC_H 1
| #define HAVE_SYS_MSG_H 1
| #define HAVE_SYS_QUOTA_H 1
| #define HAVE_SYS_REG_H 1
| #define HAVE_SYS_SEM_H 1
| #define HAVE_SYS_SHM_H 1
| #define HAVE_SYS_SIGNALFD_H 1
| #define HAVE_SYS_XATTR_H 1
| #define HAVE_NETINET_TCP_H 1
| #define HAVE_NETINET_UDP_H 1
| #define HAVE_LINUX_MQUEUE_H 1
| #define HAVE_LINUX_NETFILTER_ARP_ARP_TABLES_H 1
| #define HAVE_LINUX_NETFILTER_BRIDGE_EBTABLES_H 1
| #define HAVE_LINUX_NETFILTER_IPV4_IP_TABLES_H 1
| #define HAVE_LINUX_NETFILTER_IPV6_IP6_TABLES_H 1
| #define HAVE_LINUX_INPUT_H 1
| #define HAVE_STRUCT_INPUT_ABSINFO_RESOLUTION 1
| #define HAVE_LINUX_BPF_H 1
| #define HAVE_UNION_BPF_ATTR_LOG_BUF 1
| #define HAVE_UNION_BPF_ATTR_BPF_FD 1
| #define HAVE_UNION_BPF_ATTR_ATTACH_FLAGS 1
| #define HAVE_STRUCT_STATFS 1
| #define HAVE_STRUCT_STATFS_F_FRSIZE 1
| #define HAVE_STRUCT_STATFS_F_FLAGS 1
| #define HAVE_STRUCT_STATFS_F_FSID_VAL 1
| #define HAVE_STRUCT_STATFS64 1
| #define HAVE_STRUCT_STATFS64_F_FRSIZE 1
| #define HAVE_STRUCT_STATFS64_F_FLAGS 1
| #define HAVE_STRUCT_STATFS64_F_FSID_VAL 1
| #define HAVE_STRUCT_BLK_USER_TRACE_SETUP 1
| /* end confdefs.h.  */
| 
| int
| main (void)
| {
| (void) strchr;
|   ;
|   return 0;
| }
configure:12059: gcc -c -std=gnu17 -O2 -g   conftest.c >&5
configure:12059: $? = 0
configure:12079: result: none needed
configure:12093: checking for gcc options to ignore future-version functions
configure:12115: gcc -c -std=gnu17 -O2 -g  conftest.c >&5 -Werror=unguarded-availability-new
cc1: error: '-Werror=unguarded-availability-new': no option '-Wunguarded-availability-new'
configure:12115: $? = 1
configure: failed program was:
| /* confdefs.h */
| #define PACKAGE_NAME "strace"
| #define PACKAGE_TARNAME "strace"
| #define PACKAGE_VERSION "UNKNOWN"
| #define PACKAGE_STRING "strace UNKNOWN"
| #define PACKAGE_BUGREPORT "strace-devel@lists.sourceforge.net"
| #define PACKAGE_URL "https://strace.io"
| #define PACKAGE "strace"
| #define VERSION "UNKNOWN"
| #define HAVE_STDIO_H 1
| #define HAVE_STDLIB_H 1
| #define HAVE_STRING_H 1
| #define HAVE_INTTYPES_H 1
| #define HAVE_STDINT_H 1
| #define HAVE_STRINGS_H 1
| #define HAVE_SYS_STAT_H 1
| #define HAVE_SYS_TYPES_H 1
| #define HAVE_UNISTD_H 1
| #define HAVE_WCHAR_H 1
| #define STDC_HEADERS 1
| #define _ALL_SOURCE 1
| #define _COSMO_SOURCE 1
| #define _DARWIN_C_SOURCE 1
| #define _GNU_SOURCE 1
| #define _HPUX_ALT_XOPEN_SOCKET_API 1
| #define _NETBSD_SOURCE 1
| #define _OPENBSD_SOURCE 1
| #define _POSIX_PTHREAD_SEMANTICS 1
| #define __STDC_WANT_IEC_60559_ATTRIBS_EXT__ 1
| #define __STDC_WANT_IEC_60559_BFP_EXT__ 1
| #define __STDC_WANT_IEC_60559_DFP_EXT__ 1
| #define __STDC_WANT_IEC_60559_EXT__ 1
| #define __STDC_WANT_IEC_60559_FUNCS_EXT__ 1
| #define __STDC_WANT_IEC_60559_TYPES_EXT__ 1
| #define __STDC_WANT_LIB_EXT2__ 1
| #define __STDC_WANT_MATH_SPEC_FUNCS__ 1
| #define _TANDEM_SOURCE 1
| #define __EXTENSIONS__ 1
| #define X86_64 1
| #define ENABLE_ARM_OABI 0
| #define HAVE_TYPEOF 1
| #define HAVE_ACCEPT4 1
| #define HAVE_FALLOCATE 1
| #define HAVE_FANOTIFY_MARK 1
| #define HAVE_FOPEN64 1
| #define HAVE_FORK 1
| #define HAVE_FPUTS_UNLOCKED 1
| #define HAVE_FSTATAT 1
| #define HAVE_FTRUNCATE 1
| #define HAVE_FUTIMENS 1
| #define HAVE_IF_INDEXTONAME 1
| #define HAVE_OPEN64 1
| #define HAVE_PRCTL 1
| #define HAVE_PREADV 1
| #define HAVE_PROCESS_VM_READV 1
| #define HAVE_PWRITEV 1
| #define HAVE_READAHEAD 1
| #define HAVE_SIGNALFD 1
| #define HAVE_STPCPY 1
| #define HAVE_STRERROR 1
| #define HAVE_STRSIGNAL 1
| #define HAVE_SYNC_FILE_RANGE 1
| #define HAVE_UTIMENSAT 1
| #define HAVE_SIG_ATOMIC_T 1
| #define HAVE_STRUCT_SIGCONTEXT 1
| #define HAVE_STRUCT_MMSGHDR 1
| #define HAVE___KERNEL_LONG_T 1
| #define HAVE___KERNEL_ULONG_T 1
| #define HAVE_STRUCT___OLD_KERNEL_STAT 1
| #define HAVE_STRUCT_USER_DESC 1
| #define HAVE_STRUCT_STAT_ST_MTIME_NSEC 1
| #define HAVE_STRUCT_FLOCK 1
| #define HAVE_STRUCT_FLOCK64 1
| #define HAVE_STRUCT_TIMEX_TAI 1
| #define HAVE_STRUCT_UTSNAME_DOMAINNAME 1
| #define HAVE_SIGINFO_T_SI_SYSCALL 1
| #define HAVE_SIGINFO_T_SI_TIMERID 1
| #define HAVE_SIGINFO_T_SI_OVERRUN 1
| #define HAVE_STRUCT_PERF_EVENT_ATTR_PRECISE_IP 1
| #define HAVE_STRUCT_PERF_EVENT_ATTR_MMAP_DATA 1
| #define HAVE_STRUCT_PERF_EVENT_ATTR_SAMPLE_ID_ALL 1
| #define HAVE_STRUCT_PERF_EVENT_ATTR_EXCLUDE_HOST 1
| #define HAVE_STRUCT_PERF_EVENT_ATTR_EXCLUDE_GUEST 1
| #define HAVE_STRUCT_PERF_EVENT_ATTR_EXCLUDE_CALLCHAIN_KERNEL 1
| #define HAVE_STRUCT_PERF_EVENT_ATTR_EXCLUDE_CALLCHAIN_USER 1
| #define HAVE_STRUCT_PERF_EVENT_ATTR_MMAP2 1
| #define HAVE_STRUCT_PERF_EVENT_ATTR_COMM_EXEC 1
| #define HAVE_STRUCT_PERF_EVENT_ATTR_USE_CLOCKID 1
| #define HAVE_STRUCT_PERF_EVENT_ATTR_CONTEXT_SWITCH 1
| #define HAVE_STRUCT_PERF_EVENT_ATTR_WRITE_BACKWARD 1
| #define HAVE_STRUCT_PERF_EVENT_ATTR_BP_TYPE 1
| #define HAVE_STRUCT_PERF_EVENT_ATTR_CONFIG1 1
| #define HAVE_STRUCT_PERF_EVENT_ATTR_CONFIG2 1
| #define HAVE_STRUCT_PERF_EVENT_ATTR_BRANCH_SAMPLE_TYPE 1
| #define HAVE_STRUCT_PERF_EVENT_ATTR_SAMPLE_REGS_USER 1
| #define HAVE_STRUCT_PERF_EVENT_ATTR_SAMPLE_STACK_USER 1
| #define HAVE_STRUCT_PERF_EVENT_ATTR_SAMPLE_REGS_INTR 1
| #define HAVE_STRUCT_PERF_EVENT_ATTR_AUX_WATERMARK 1
| #define HAVE_STRUCT_PERF_EVENT_ATTR_SAMPLE_MAX_STACK 1
| #define HAVE_ELF_H 1
| #define HAVE_INTTYPES_H 1
| #define HAVE_LINUX_BSG_H 1
| #define HAVE_LINUX_DM_IOCTL_H 1
| #define HAVE_LINUX_DQBLK_XFS_H 1
| #define HAVE_LINUX_FALLOC_H 1
| #define HAVE_LINUX_FIEMAP_H 1
| #define HAVE_LINUX_FILTER_H 1
| #define HAVE_LINUX_HIDDEV_H 1
| #define HAVE_LINUX_IP_VS_H 1
| #define HAVE_LINUX_IPC_H 1
| #define HAVE_LINUX_MMTIMER_H 1
| #define HAVE_LINUX_MSG_H 1
| #define HAVE_LINUX_PERF_EVENT_H 1
| #define HAVE_LINUX_QUOTA_H 1
| #define HAVE_LINUX_SECCOMP_H 1
| #define HAVE_LINUX_SECUREBITS_H 1
| #define HAVE_LINUX_SEM_H 1
| #define HAVE_LINUX_SHM_H 1
| #define HAVE_LINUX_USERFAULTFD_H 1
| #define HAVE_LINUX_UTSNAME_H 1
| #define HAVE_MQUEUE_H 1
| #define HAVE_NETIPX_IPX_H 1
| #define HAVE_SCSI_SG_H 1
| #define HAVE_SYS_EVENTFD_H 1
| #define HAVE_SYS_FANOTIFY_H 1
| #define HAVE_SYS_IPC_H 1
| #define HAVE_SYS_MSG_H 1
| #define HAVE_SYS_QUOTA_H 1
| #define HAVE_SYS_REG_H 1
| #define HAVE_SYS_SEM_H 1
| #define HAVE_SYS_SHM_H 1
| #define HAVE_SYS_SIGNALFD_H 1
| #define HAVE_SYS_XATTR_H 1
| #define HAVE_NETINET_TCP_H 1
| #define HAVE_NETINET_UDP_H 1
| #define HAVE_LINUX_MQUEUE_H 1
| #define HAVE_LINUX_NETFILTER_ARP_ARP_TABLES_H 1
| #define HAVE_LINUX_NETFILTER_BRIDGE_EBTABLES_H 1
| #define HAVE_LINUX_NETFILTER_IPV4_IP_TABLES_H 1
| #define HAVE_LINUX_NETFILTER_IPV6_IP6_TABLES_H 1
| #define HAVE_LINUX_INPUT_H 1
| #define HAVE_STRUCT_INPUT_ABSINFO_RESOLUTION 1
| #define HAVE_LINUX_BPF_H 1
| #define HAVE_UNION_BPF_ATTR_LOG_BUF 1
| #define HAVE_UNION_BPF_ATTR_BPF_FD 1
| #define HAVE_UNION_BPF_ATTR_ATTACH_FLAGS 1
| #define HAVE_STRUCT_STATFS 1
| #define HAVE_STRUCT_STATFS_F_FRSIZE 1
| #define HAVE_STRUCT_STATFS_F_FLAGS 1
| #define HAVE_STRUCT_STATFS_F_FSID_VAL 1
| #define HAVE_STRUCT_STATFS64 1
| #define HAVE_STRUCT_STATFS64_F_FRSIZE 1
| #define HAVE_STRUCT_STATFS64_F_FLAGS 1
| #define HAVE_STRUCT_STATFS64_F_FSID_VAL 1
| #define HAVE_STRUCT_BLK_USER_TRACE_SETUP 1
| /* end confdefs.h.  */
| #if ! (defined __APPLE__ && defined __MACH__)
| 	   #error "-Werror=unguarded-availability-new not needed here"
| 	  #endif
| 
| int
| main (void)
| {
| 
|   ;
|   return 0;
| }
configure:12127: result: none needed
configure:12138: checking for linux/btrfs.h
configure:12138: gcc -c -std=gnu17 -O2 -g  conftest.c >&5
configure:12138: $? = 0
configure:12138: result: yes
configure:12143: checking for struct btrfs_ioctl_feature_flags.compat_flags
configure:12143: gcc -c -std=gnu17 -O2 -g  conftest.c >&5
configure:12143: $? = 0
configure:12143: result: yes
configure:12153: checking for struct btrfs_ioctl_fs_info_args.nodesize
configure:12153: gcc -c -std=gnu17 -O2 -g  conftest.c >&5
configure:12153: $? = 0
configure:12153: result: yes
configure:12163: checking for struct btrfs_ioctl_defrag_range_args.start
configure:12163: gcc -c -std=gnu17 -O2 -g  conftest.c >&5
configure:12163: $? = 0
configure:12163: result: yes
configure:12173: checking for struct btrfs_ioctl_search_args_v2.buf_size
configure:12173: gcc -c -std=gnu17 -O2 -g  conftest.c >&5
configure:12173: $? = 0
configure:12173: result: yes
configure:12184: checking whether BTRFS_COMPRESS_NONE is declared
configure:12184: gcc -c -std=gnu17 -O2 -g   conftest.c >&5
conftest.c: In function 'main':
conftest.c:172:10: error: 'BTRFS_COMPRESS_NONE' undeclared (first use in this function)
  172 |   (void) BTRFS_COMPRESS_NONE;
      |          ^~~~~~~~~~~~~~~~~~~
conftest.c:172:10: note: each undeclared identifier is reported only once for each function it appears in
configure:12184: $? = 1
configure: failed program was:
| /* confdefs.h */
| #define PACKAGE_NAME "strace"
| #define PACKAGE_TARNAME "strace"
| #define PACKAGE_VERSION "UNKNOWN"
| #define PACKAGE_STRING "strace UNKNOWN"
| #define PACKAGE_BUGREPORT "strace-devel@lists.sourceforge.net"
| #define PACKAGE_URL "https://strace.io"
| #define PACKAGE "strace"
| #define VERSION "UNKNOWN"
| #define HAVE_STDIO_H 1
| #define HAVE_STDLIB_H 1
| #define HAVE_STRING_H 1
| #define HAVE_INTTYPES_H 1
| #define HAVE_STDINT_H 1
| #define HAVE_STRINGS_H 1
| #define HAVE_SYS_STAT_H 1
| #define HAVE_SYS_TYPES_H 1
| #define HAVE_UNISTD_H 1
| #define HAVE_WCHAR_H 1
| #define STDC_HEADERS 1
| #define _ALL_SOURCE 1
| #define _COSMO_SOURCE 1
| #define _DARWIN_C_SOURCE 1
| #define _GNU_SOURCE 1
| #define _HPUX_ALT_XOPEN_SOCKET_API 1
| #define _NETBSD_SOURCE 1
| #define _OPENBSD_SOURCE 1
| #define _POSIX_PTHREAD_SEMANTICS 1
| #define __STDC_WANT_IEC_60559_ATTRIBS_EXT__ 1
| #define __STDC_WANT_IEC_60559_BFP_EXT__ 1
| #define __STDC_WANT_IEC_60559_DFP_EXT__ 1
| #define __STDC_WANT_IEC_60559_EXT__ 1
| #define __STDC_WANT_IEC_60559_FUNCS_EXT__ 1
| #define __STDC_WANT_IEC_60559_TYPES_EXT__ 1
| #define __STDC_WANT_LIB_EXT2__ 1
| #define __STDC_WANT_MATH_SPEC_FUNCS__ 1
| #define _TANDEM_SOURCE 1
| #define __EXTENSIONS__ 1
| #define X86_64 1
| #define ENABLE_ARM_OABI 0
| #define HAVE_TYPEOF 1
| #define HAVE_ACCEPT4 1
| #define HAVE_FALLOCATE 1
| #define HAVE_FANOTIFY_MARK 1
| #define HAVE_FOPEN64 1
| #define HAVE_FORK 1
| #define HAVE_FPUTS_UNLOCKED 1
| #define HAVE_FSTATAT 1
| #define HAVE_FTRUNCATE 1
| #define HAVE_FUTIMENS 1
| #define HAVE_IF_INDEXTONAME 1
| #define HAVE_OPEN64 1
| #define HAVE_PRCTL 1
| #define HAVE_PREADV 1
| #define HAVE_PROCESS_VM_READV 1
| #define HAVE_PWRITEV 1
| #define HAVE_READAHEAD 1
| #define HAVE_SIGNALFD 1
| #define HAVE_STPCPY 1
| #define HAVE_STRERROR 1
| #define HAVE_STRSIGNAL 1
| #define HAVE_SYNC_FILE_RANGE 1
| #define HAVE_UTIMENSAT 1
| #define HAVE_SIG_ATOMIC_T 1
| #define HAVE_STRUCT_SIGCONTEXT 1
| #define HAVE_STRUCT_MMSGHDR 1
| #define HAVE___KERNEL_LONG_T 1
| #define HAVE___KERNEL_ULONG_T 1
| #define HAVE_STRUCT___OLD_KERNEL_STAT 1
| #define HAVE_STRUCT_USER_DESC 1
| #define HAVE_STRUCT_STAT_ST_MTIME_NSEC 1
| #define HAVE_STRUCT_FLOCK 1
| #define HAVE_STRUCT_FLOCK64 1
| #define HAVE_STRUCT_TIMEX_TAI 1
| #define HAVE_STRUCT_UTSNAME_DOMAINNAME 1
| #define HAVE_SIGINFO_T_SI_SYSCALL 1
| #define HAVE_SIGINFO_T_SI_TIMERID 1
| #define HAVE_SIGINFO_T_SI_OVERRUN 1
| #define HAVE_STRUCT_PERF_EVENT_ATTR_PRECISE_IP 1
| #define HAVE_STRUCT_PERF_EVENT_ATTR_MMAP_DATA 1
| #define HAVE_STRUCT_PERF_EVENT_ATTR_SAMPLE_ID_ALL 1
| #define HAVE_STRUCT_PERF_EVENT_ATTR_EXCLUDE_HOST 1
| #define HAVE_STRUCT_PERF_EVENT_ATTR_EXCLUDE_GUEST 1
| #define HAVE_STRUCT_PERF_EVENT_ATTR_EXCLUDE_CALLCHAIN_KERNEL 1
| #define HAVE_STRUCT_PERF_EVENT_ATTR_EXCLUDE_CALLCHAIN_USER 1
| #define HAVE_STRUCT_PERF_EVENT_ATTR_MMAP2 1
| #define HAVE_STRUCT_PERF_EVENT_ATTR_COMM_EXEC 1
| #define HAVE_STRUCT_PERF_EVENT_ATTR_USE_CLOCKID 1
| #define HAVE_STRUCT_PERF_EVENT_ATTR_CONTEXT_SWITCH 1
| #define HAVE_STRUCT_PERF_EVENT_ATTR_WRITE_BACKWARD 1
| #define HAVE_STRUCT_PERF_EVENT_ATTR_BP_TYPE 1
| #define HAVE_STRUCT_PERF_EVENT_ATTR_CONFIG1 1
| #define HAVE_STRUCT_PERF_EVENT_ATTR_CONFIG2 1
| #define HAVE_STRUCT_PERF_EVENT_ATTR_BRANCH_SAMPLE_TYPE 1
| #define HAVE_STRUCT_PERF_EVENT_ATTR_SAMPLE_REGS_USER 1
| #define HAVE_STRUCT_PERF_EVENT_ATTR_SAMPLE_STACK_USER 1
| #define HAVE_STRUCT_PERF_EVENT_ATTR_SAMPLE_REGS_INTR 1
| #define HAVE_STRUCT_PERF_EVENT_ATTR_AUX_WATERMARK 1
| #define HAVE_STRUCT_PERF_EVENT_ATTR_SAMPLE_MAX_STACK 1
| #define HAVE_ELF_H 1
| #define HAVE_INTTYPES_H 1
| #define HAVE_LINUX_BSG_H 1
| #define HAVE_LINUX_DM_IOCTL_H 1
| #define HAVE_LINUX_DQBLK_XFS_H 1
| #define HAVE_LINUX_FALLOC_H 1
| #define HAVE_LINUX_FIEMAP_H 1
| #define HAVE_LINUX_FILTER_H 1
| #define HAVE_LINUX_HIDDEV_H 1
| #define HAVE_LINUX_IP_VS_H 1
| #define HAVE_LINUX_IPC_H 1
| #define HAVE_LINUX_MMTIMER_H 1
| #define HAVE_LINUX_MSG_H 1
| #define HAVE_LINUX_PERF_EVENT_H 1
| #define HAVE_LINUX_QUOTA_H 1
| #define HAVE_LINUX_SECCOMP_H 1
| #define HAVE_LINUX_SECUREBITS_H 1
| #define HAVE_LINUX_SEM_H 1
| #define HAVE_LINUX_SHM_H 1
| #define HAVE_LINUX_USERFAULTFD_H 1
| #define HAVE_LINUX_UTSNAME_H 1
| #define HAVE_MQUEUE_H 1
| #define HAVE_NETIPX_IPX_H 1
| #define HAVE_SCSI_SG_H 1
| #define HAVE_SYS_EVENTFD_H 1
| #define HAVE_SYS_FANOTIFY_H 1
| #define HAVE_SYS_IPC_H 1
| #define HAVE_SYS_MSG_H 1
| #define HAVE_SYS_QUOTA_H 1
| #define HAVE_SYS_REG_H 1
| #define HAVE_SYS_SEM_H 1
| #define HAVE_SYS_SHM_H 1
| #define HAVE_SYS_SIGNALFD_H 1
| #define HAVE_SYS_XATTR_H 1
| #define HAVE_NETINET_TCP_H 1
| #define HAVE_NETINET_UDP_H 1
| #define HAVE_LINUX_MQUEUE_H 1
| #define HAVE_LINUX_NETFILTER_ARP_ARP_TABLES_H 1
| #define HAVE_LINUX_NETFILTER_BRIDGE_EBTABLES_H 1
| #define HAVE_LINUX_NETFILTER_IPV4_IP_TABLES_H 1
| #define HAVE_LINUX_NETFILTER_IPV6_IP6_TABLES_H 1
| #define HAVE_LINUX_INPUT_H 1
| #define HAVE_STRUCT_INPUT_ABSINFO_RESOLUTION 1
| #define HAVE_LINUX_BPF_H 1
| #define HAVE_UNION_BPF_ATTR_LOG_BUF 1
| #define HAVE_UNION_BPF_ATTR_BPF_FD 1
| #define HAVE_UNION_BPF_ATTR_ATTACH_FLAGS 1
| #define HAVE_STRUCT_STATFS 1
| #define HAVE_STRUCT_STATFS_F_FRSIZE 1
| #define HAVE_STRUCT_STATFS_F_FLAGS 1
| #define HAVE_STRUCT_STATFS_F_FSID_VAL 1
| #define HAVE_STRUCT_STATFS64 1
| #define HAVE_STRUCT_STATFS64_F_FRSIZE 1
| #define HAVE_STRUCT_STATFS64_F_FLAGS 1
| #define HAVE_STRUCT_STATFS64_F_FSID_VAL 1
| #define HAVE_STRUCT_BLK_USER_TRACE_SETUP 1
| #define HAVE_LINUX_BTRFS_H 1
| #define HAVE_STRUCT_BTRFS_IOCTL_FEATURE_FLAGS_COMPAT_FLAGS 1
| #define HAVE_STRUCT_BTRFS_IOCTL_FS_INFO_ARGS_NODESIZE 1
| #define HAVE_STRUCT_BTRFS_IOCTL_DEFRAG_RANGE_ARGS_START 1
| #define HAVE_STRUCT_BTRFS_IOCTL_SEARCH_ARGS_V2_BUF_SIZE 1
| /* end confdefs.h.  */
|  #include <stdio.h>
| #include <linux/btrfs.h>
| 
| int
| main (void)
| {
| #ifndef BTRFS_COMPRESS_NONE
| #ifdef __cplusplus
|   (void) BTRFS_COMPRESS_NONE;
| #else
|   (void) BTRFS_COMPRESS_NONE;
| #endif
| #endif
| 
|   ;
|   return 0;
| }
configure:12184: result: no
configure:12195: checking whether BTRFS_COMPRESS_ZLIB is declared
configure:12195: gcc -c -std=gnu17 -O2 -g   conftest.c >&5
conftest.c: In function 'main':
conftest.c:173:10: error: 'BTRFS_COMPRESS_ZLIB' undeclared (first use in this function)
  173 |   (void) BTRFS_COMPRESS_ZLIB;
      |          ^~~~~~~~~~~~~~~~~~~
conftest.c:173:10: note: each undeclared identifier is reported only once for each function it appears in
configure:12195: $? = 1
configure: failed program was:
| /* confdefs.h */
| #define PACKAGE_NAME "strace"
| #define PACKAGE_TARNAME "strace"
| #define PACKAGE_VERSION "UNKNOWN"
| #define PACKAGE_STRING "strace UNKNOWN"
| #define PACKAGE_BUGREPORT "strace-devel@lists.sourceforge.net"
| #define PACKAGE_URL "https://strace.io"
| #define PACKAGE "strace"
| #define VERSION "UNKNOWN"
| #define HAVE_STDIO_H 1
| #define HAVE_STDLIB_H 1
| #define HAVE_STRING_H 1
| #define HAVE_INTTYPES_H 1
| #define HAVE_STDINT_H 1
| #define HAVE_STRINGS_H 1
| #define HAVE_SYS_STAT_H 1
| #define HAVE_SYS_TYPES_H 1
| #define HAVE_UNISTD_H 1
| #define HAVE_WCHAR_H 1
| #define STDC_HEADERS 1
| #define _ALL_SOURCE 1
| #define _COSMO_SOURCE 1
| #define _DARWIN_C_SOURCE 1
| #define _GNU_SOURCE 1
| #define _HPUX_ALT_XOPEN_SOCKET_API 1
| #define _NETBSD_SOURCE 1
| #define _OPENBSD_SOURCE 1
| #define _POSIX_PTHREAD_SEMANTICS 1
| #define __STDC_WANT_IEC_60559_ATTRIBS_EXT__ 1
| #define __STDC_WANT_IEC_60559_BFP_EXT__ 1
| #define __STDC_WANT_IEC_60559_DFP_EXT__ 1
| #define __STDC_WANT_IEC_60559_EXT__ 1
| #define __STDC_WANT_IEC_60559_FUNCS_EXT__ 1
| #define __STDC_WANT_IEC_60559_TYPES_EXT__ 1
| #define __STDC_WANT_LIB_EXT2__ 1
| #define __STDC_WANT_MATH_SPEC_FUNCS__ 1
| #define _TANDEM_SOURCE 1
| #define __EXTENSIONS__ 1
| #define X86_64 1
| #define ENABLE_ARM_OABI 0
| #define HAVE_TYPEOF 1
| #define HAVE_ACCEPT4 1
| #define HAVE_FALLOCATE 1
| #define HAVE_FANOTIFY_MARK 1
| #define HAVE_FOPEN64 1
| #define HAVE_FORK 1
| #define HAVE_FPUTS_UNLOCKED 1
| #define HAVE_FSTATAT 1
| #define HAVE_FTRUNCATE 1
| #define HAVE_FUTIMENS 1
| #define HAVE_IF_INDEXTONAME 1
| #define HAVE_OPEN64 1
| #define HAVE_PRCTL 1
| #define HAVE_PREADV 1
| #define HAVE_PROCESS_VM_READV 1
| #define HAVE_PWRITEV 1
| #define HAVE_READAHEAD 1
| #define HAVE_SIGNALFD 1
| #define HAVE_STPCPY 1
| #define HAVE_STRERROR 1
| #define HAVE_STRSIGNAL 1
| #define HAVE_SYNC_FILE_RANGE 1
| #define HAVE_UTIMENSAT 1
| #define HAVE_SIG_ATOMIC_T 1
| #define HAVE_STRUCT_SIGCONTEXT 1
| #define HAVE_STRUCT_MMSGHDR 1
| #define HAVE___KERNEL_LONG_T 1
| #define HAVE___KERNEL_ULONG_T 1
| #define HAVE_STRUCT___OLD_KERNEL_STAT 1
| #define HAVE_STRUCT_USER_DESC 1
| #define HAVE_STRUCT_STAT_ST_MTIME_NSEC 1
| #define HAVE_STRUCT_FLOCK 1
| #define HAVE_STRUCT_FLOCK64 1
| #define HAVE_STRUCT_TIMEX_TAI 1
| #define HAVE_STRUCT_UTSNAME_DOMAINNAME 1
| #define HAVE_SIGINFO_T_SI_SYSCALL 1
| #define HAVE_SIGINFO_T_SI_TIMERID 1
| #define HAVE_SIGINFO_T_SI_OVERRUN 1
| #define HAVE_STRUCT_PERF_EVENT_ATTR_PRECISE_IP 1
| #define HAVE_STRUCT_PERF_EVENT_ATTR_MMAP_DATA 1
| #define HAVE_STRUCT_PERF_EVENT_ATTR_SAMPLE_ID_ALL 1
| #define HAVE_STRUCT_PERF_EVENT_ATTR_EXCLUDE_HOST 1
| #define HAVE_STRUCT_PERF_EVENT_ATTR_EXCLUDE_GUEST 1
| #define HAVE_STRUCT_PERF_EVENT_ATTR_EXCLUDE_CALLCHAIN_KERNEL 1
| #define HAVE_STRUCT_PERF_EVENT_ATTR_EXCLUDE_CALLCHAIN_USER 1
| #define HAVE_STRUCT_PERF_EVENT_ATTR_MMAP2 1
| #define HAVE_STRUCT_PERF_EVENT_ATTR_COMM_EXEC 1
| #define HAVE_STRUCT_PERF_EVENT_ATTR_USE_CLOCKID 1
| #define HAVE_STRUCT_PERF_EVENT_ATTR_CONTEXT_SWITCH 1
| #define HAVE_STRUCT_PERF_EVENT_ATTR_WRITE_BACKWARD 1
| #define HAVE_STRUCT_PERF_EVENT_ATTR_BP_TYPE 1
| #define HAVE_STRUCT_PERF_EVENT_ATTR_CONFIG1 1
| #define HAVE_STRUCT_PERF_EVENT_ATTR_CONFIG2 1
| #define HAVE_STRUCT_PERF_EVENT_ATTR_BRANCH_SAMPLE_TYPE 1
| #define HAVE_STRUCT_PERF_EVENT_ATTR_SAMPLE_REGS_USER 1
| #define HAVE_STRUCT_PERF_EVENT_ATTR_SAMPLE_STACK_USER 1
| #define HAVE_STRUCT_PERF_EVENT_ATTR_SAMPLE_REGS_INTR 1
| #define HAVE_STRUCT_PERF_EVENT_ATTR_AUX_WATERMARK 1
| #define HAVE_STRUCT_PERF_EVENT_ATTR_SAMPLE_MAX_STACK 1
| #define HAVE_ELF_H 1
| #define HAVE_INTTYPES_H 1
| #define HAVE_LINUX_BSG_H 1
| #define HAVE_LINUX_DM_IOCTL_H 1
| #define HAVE_LINUX_DQBLK_XFS_H 1
| #define HAVE_LINUX_FALLOC_H 1
| #define HAVE_LINUX_FIEMAP_H 1
| #define HAVE_LINUX_FILTER_H 1
| #define HAVE_LINUX_HIDDEV_H 1
| #define HAVE_LINUX_IP_VS_H 1
| #define HAVE_LINUX_IPC_H 1
| #define HAVE_LINUX_MMTIMER_H 1
| #define HAVE_LINUX_MSG_H 1
| #define HAVE_LINUX_PERF_EVENT_H 1
| #define HAVE_LINUX_QUOTA_H 1
| #define HAVE_LINUX_SECCOMP_H 1
| #define HAVE_LINUX_SECUREBITS_H 1
| #define HAVE_LINUX_SEM_H 1
| #define HAVE_LINUX_SHM_H 1
| #define HAVE_LINUX_USERFAULTFD_H 1
| #define HAVE_LINUX_UTSNAME_H 1
| #define HAVE_MQUEUE_H 1
| #define HAVE_NETIPX_IPX_H 1
| #define HAVE_SCSI_SG_H 1
| #define HAVE_SYS_EVENTFD_H 1
| #define HAVE_SYS_FANOTIFY_H 1
| #define HAVE_SYS_IPC_H 1
| #define HAVE_SYS_MSG_H 1
| #define HAVE_SYS_QUOTA_H 1
| #define HAVE_SYS_REG_H 1
| #define HAVE_SYS_SEM_H 1
| #define HAVE_SYS_SHM_H 1
| #define HAVE_SYS_SIGNALFD_H 1
| #define HAVE_SYS_XATTR_H 1
| #define HAVE_NETINET_TCP_H 1
| #define HAVE_NETINET_UDP_H 1
| #define HAVE_LINUX_MQUEUE_H 1
| #define HAVE_LINUX_NETFILTER_ARP_ARP_TABLES_H 1
| #define HAVE_LINUX_NETFILTER_BRIDGE_EBTABLES_H 1
| #define HAVE_LINUX_NETFILTER_IPV4_IP_TABLES_H 1
| #define HAVE_LINUX_NETFILTER_IPV6_IP6_TABLES_H 1
| #define HAVE_LINUX_INPUT_H 1
| #define HAVE_STRUCT_INPUT_ABSINFO_RESOLUTION 1
| #define HAVE_LINUX_BPF_H 1
| #define HAVE_UNION_BPF_ATTR_LOG_BUF 1
| #define HAVE_UNION_BPF_ATTR_BPF_FD 1
| #define HAVE_UNION_BPF_ATTR_ATTACH_FLAGS 1
| #define HAVE_STRUCT_STATFS 1
| #define HAVE_STRUCT_STATFS_F_FRSIZE 1
| #define HAVE_STRUCT_STATFS_F_FLAGS 1
| #define HAVE_STRUCT_STATFS_F_FSID_VAL 1
| #define HAVE_STRUCT_STATFS64 1
| #define HAVE_STRUCT_STATFS64_F_FRSIZE 1
| #define HAVE_STRUCT_STATFS64_F_FLAGS 1
| #define HAVE_STRUCT_STATFS64_F_FSID_VAL 1
| #define HAVE_STRUCT_BLK_USER_TRACE_SETUP 1
| #define HAVE_LINUX_BTRFS_H 1
| #define HAVE_STRUCT_BTRFS_IOCTL_FEATURE_FLAGS_COMPAT_FLAGS 1
| #define HAVE_STRUCT_BTRFS_IOCTL_FS_INFO_ARGS_NODESIZE 1
| #define HAVE_STRUCT_BTRFS_IOCTL_DEFRAG_RANGE_ARGS_START 1
| #define HAVE_STRUCT_BTRFS_IOCTL_SEARCH_ARGS_V2_BUF_SIZE 1
| #define HAVE_DECL_BTRFS_COMPRESS_NONE 0
| /* end confdefs.h.  */
|  #include <stdio.h>
| #include <linux/btrfs.h>
| 
| int
| main (void)
| {
| #ifndef BTRFS_COMPRESS_ZLIB
| #ifdef __cplusplus
|   (void) BTRFS_COMPRESS_ZLIB;
| #else
|   (void) BTRFS_COMPRESS_ZLIB;
| #endif
| #endif
| 
|   ;
|   return 0;
| }
configure:12195: result: no
configure:12206: checking whether BTRFS_COMPRESS_LZO is declared
configure:12206: gcc -c -std=gnu17 -O2 -g   conftest.c >&5
conftest.c: In function 'main':
conftest.c:174:10: error: 'BTRFS_COMPRESS_LZO' undeclared (first use in this function)
  174 |   (void) BTRFS_COMPRESS_LZO;
      |          ^~~~~~~~~~~~~~~~~~
conftest.c:174:10: note: each undeclared identifier is reported only once for each function it appears in
configure:12206: $? = 1
configure: failed program was:
| /* confdefs.h */
| #define PACKAGE_NAME "strace"
| #define PACKAGE_TARNAME "strace"
| #define PACKAGE_VERSION "UNKNOWN"
| #define PACKAGE_STRING "strace UNKNOWN"
| #define PACKAGE_BUGREPORT "strace-devel@lists.sourceforge.net"
| #define PACKAGE_URL "https://strace.io"
| #define PACKAGE "strace"
| #define VERSION "UNKNOWN"
| #define HAVE_STDIO_H 1
| #define HAVE_STDLIB_H 1
| #define HAVE_STRING_H 1
| #define HAVE_INTTYPES_H 1
| #define HAVE_STDINT_H 1
| #define HAVE_STRINGS_H 1
| #define HAVE_SYS_STAT_H 1
| #define HAVE_SYS_TYPES_H 1
| #define HAVE_UNISTD_H 1
| #define HAVE_WCHAR_H 1
| #define STDC_HEADERS 1
| #define _ALL_SOURCE 1
| #define _COSMO_SOURCE 1
| #define _DARWIN_C_SOURCE 1
| #define _GNU_SOURCE 1
| #define _HPUX_ALT_XOPEN_SOCKET_API 1
| #define _NETBSD_SOURCE 1
| #define _OPENBSD_SOURCE 1
| #define _POSIX_PTHREAD_SEMANTICS 1
| #define __STDC_WANT_IEC_60559_ATTRIBS_EXT__ 1
| #define __STDC_WANT_IEC_60559_BFP_EXT__ 1
| #define __STDC_WANT_IEC_60559_DFP_EXT__ 1
| #define __STDC_WANT_IEC_60559_EXT__ 1
| #define __STDC_WANT_IEC_60559_FUNCS_EXT__ 1
| #define __STDC_WANT_IEC_60559_TYPES_EXT__ 1
| #define __STDC_WANT_LIB_EXT2__ 1
| #define __STDC_WANT_MATH_SPEC_FUNCS__ 1
| #define _TANDEM_SOURCE 1
| #define __EXTENSIONS__ 1
| #define X86_64 1
| #define ENABLE_ARM_OABI 0
| #define HAVE_TYPEOF 1
| #define HAVE_ACCEPT4 1
| #define HAVE_FALLOCATE 1
| #define HAVE_FANOTIFY_MARK 1
| #define HAVE_FOPEN64 1
| #define HAVE_FORK 1
| #define HAVE_FPUTS_UNLOCKED 1
| #define HAVE_FSTATAT 1
| #define HAVE_FTRUNCATE 1
| #define HAVE_FUTIMENS 1
| #define HAVE_IF_INDEXTONAME 1
| #define HAVE_OPEN64 1
| #define HAVE_PRCTL 1
| #define HAVE_PREADV 1
| #define HAVE_PROCESS_VM_READV 1
| #define HAVE_PWRITEV 1
| #define HAVE_READAHEAD 1
| #define HAVE_SIGNALFD 1
| #define HAVE_STPCPY 1
| #define HAVE_STRERROR 1
| #define HAVE_STRSIGNAL 1
| #define HAVE_SYNC_FILE_RANGE 1
| #define HAVE_UTIMENSAT 1
| #define HAVE_SIG_ATOMIC_T 1
| #define HAVE_STRUCT_SIGCONTEXT 1
| #define HAVE_STRUCT_MMSGHDR 1
| #define HAVE___KERNEL_LONG_T 1
| #define HAVE___KERNEL_ULONG_T 1
| #define HAVE_STRUCT___OLD_KERNEL_STAT 1
| #define HAVE_STRUCT_USER_DESC 1
| #define HAVE_STRUCT_STAT_ST_MTIME_NSEC 1
| #define HAVE_STRUCT_FLOCK 1
| #define HAVE_STRUCT_FLOCK64 1
| #define HAVE_STRUCT_TIMEX_TAI 1
| #define HAVE_STRUCT_UTSNAME_DOMAINNAME 1
| #define HAVE_SIGINFO_T_SI_SYSCALL 1
| #define HAVE_SIGINFO_T_SI_TIMERID 1
| #define HAVE_SIGINFO_T_SI_OVERRUN 1
| #define HAVE_STRUCT_PERF_EVENT_ATTR_PRECISE_IP 1
| #define HAVE_STRUCT_PERF_EVENT_ATTR_MMAP_DATA 1
| #define HAVE_STRUCT_PERF_EVENT_ATTR_SAMPLE_ID_ALL 1
| #define HAVE_STRUCT_PERF_EVENT_ATTR_EXCLUDE_HOST 1
| #define HAVE_STRUCT_PERF_EVENT_ATTR_EXCLUDE_GUEST 1
| #define HAVE_STRUCT_PERF_EVENT_ATTR_EXCLUDE_CALLCHAIN_KERNEL 1
| #define HAVE_STRUCT_PERF_EVENT_ATTR_EXCLUDE_CALLCHAIN_USER 1
| #define HAVE_STRUCT_PERF_EVENT_ATTR_MMAP2 1
| #define HAVE_STRUCT_PERF_EVENT_ATTR_COMM_EXEC 1
| #define HAVE_STRUCT_PERF_EVENT_ATTR_USE_CLOCKID 1
| #define HAVE_STRUCT_PERF_EVENT_ATTR_CONTEXT_SWITCH 1
| #define HAVE_STRUCT_PERF_EVENT_ATTR_WRITE_BACKWARD 1
| #define HAVE_STRUCT_PERF_EVENT_ATTR_BP_TYPE 1
| #define HAVE_STRUCT_PERF_EVENT_ATTR_CONFIG1 1
| #define HAVE_STRUCT_PERF_EVENT_ATTR_CONFIG2 1
| #define HAVE_STRUCT_PERF_EVENT_ATTR_BRANCH_SAMPLE_TYPE 1
| #define HAVE_STRUCT_PERF_EVENT_ATTR_SAMPLE_REGS_USER 1
| #define HAVE_STRUCT_PERF_EVENT_ATTR_SAMPLE_STACK_USER 1
| #define HAVE_STRUCT_PERF_EVENT_ATTR_SAMPLE_REGS_INTR 1
| #define HAVE_STRUCT_PERF_EVENT_ATTR_AUX_WATERMARK 1
| #define HAVE_STRUCT_PERF_EVENT_ATTR_SAMPLE_MAX_STACK 1
| #define HAVE_ELF_H 1
| #define HAVE_INTTYPES_H 1
| #define HAVE_LINUX_BSG_H 1
| #define HAVE_LINUX_DM_IOCTL_H 1
| #define HAVE_LINUX_DQBLK_XFS_H 1
| #define HAVE_LINUX_FALLOC_H 1
| #define HAVE_LINUX_FIEMAP_H 1
| #define HAVE_LINUX_FILTER_H 1
| #define HAVE_LINUX_HIDDEV_H 1
| #define HAVE_LINUX_IP_VS_H 1
| #define HAVE_LINUX_IPC_H 1
| #define HAVE_LINUX_MMTIMER_H 1
| #define HAVE_LINUX_MSG_H 1
| #define HAVE_LINUX_PERF_EVENT_H 1
| #define HAVE_LINUX_QUOTA_H 1
| #define HAVE_LINUX_SECCOMP_H 1
| #define HAVE_LINUX_SECUREBITS_H 1
| #define HAVE_LINUX_SEM_H 1
| #define HAVE_LINUX_SHM_H 1
| #define HAVE_LINUX_USERFAULTFD_H 1
| #define HAVE_LINUX_UTSNAME_H 1
| #define HAVE_MQUEUE_H 1
| #define HAVE_NETIPX_IPX_H 1
| #define HAVE_SCSI_SG_H 1
| #define HAVE_SYS_EVENTFD_H 1
| #define HAVE_SYS_FANOTIFY_H 1
| #define HAVE_SYS_IPC_H 1
| #define HAVE_SYS_MSG_H 1
| #define HAVE_SYS_QUOTA_H 1
| #define HAVE_SYS_REG_H 1
| #define HAVE_SYS_SEM_H 1
| #define HAVE_SYS_SHM_H 1
| #define HAVE_SYS_SIGNALFD_H 1
| #define HAVE_SYS_XATTR_H 1
| #define HAVE_NETINET_TCP_H 1
| #define HAVE_NETINET_UDP_H 1
| #define HAVE_LINUX_MQUEUE_H 1
| #define HAVE_LINUX_NETFILTER_ARP_ARP_TABLES_H 1
| #define HAVE_LINUX_NETFILTER_BRIDGE_EBTABLES_H 1
| #define HAVE_LINUX_NETFILTER_IPV4_IP_TABLES_H 1
| #define HAVE_LINUX_NETFILTER_IPV6_IP6_TABLES_H 1
| #define HAVE_LINUX_INPUT_H 1
| #define HAVE_STRUCT_INPUT_ABSINFO_RESOLUTION 1
| #define HAVE_LINUX_BPF_H 1
| #define HAVE_UNION_BPF_ATTR_LOG_BUF 1
| #define HAVE_UNION_BPF_ATTR_BPF_FD 1
| #define HAVE_UNION_BPF_ATTR_ATTACH_FLAGS 1
| #define HAVE_STRUCT_STATFS 1
| #define HAVE_STRUCT_STATFS_F_FRSIZE 1
| #define HAVE_STRUCT_STATFS_F_FLAGS 1
| #define HAVE_STRUCT_STATFS_F_FSID_VAL 1
| #define HAVE_STRUCT_STATFS64 1
| #define HAVE_STRUCT_STATFS64_F_FRSIZE 1
| #define HAVE_STRUCT_STATFS64_F_FLAGS 1
| #define HAVE_STRUCT_STATFS64_F_FSID_VAL 1
| #define HAVE_STRUCT_BLK_USER_TRACE_SETUP 1
| #define HAVE_LINUX_BTRFS_H 1
| #define HAVE_STRUCT_BTRFS_IOCTL_FEATURE_FLAGS_COMPAT_FLAGS 1
| #define HAVE_STRUCT_BTRFS_IOCTL_FS_INFO_ARGS_NODESIZE 1
| #define HAVE_STRUCT_BTRFS_IOCTL_DEFRAG_RANGE_ARGS_START 1
| #define HAVE_STRUCT_BTRFS_IOCTL_SEARCH_ARGS_V2_BUF_SIZE 1
| #define HAVE_DECL_BTRFS_COMPRESS_NONE 0
| #define HAVE_DECL_BTRFS_COMPRESS_ZLIB 0
| /* end confdefs.h.  */
|  #include <stdio.h>
| #include <linux/btrfs.h>
| 
| int
| main (void)
| {
| #ifndef BTRFS_COMPRESS_LZO
| #ifdef __cplusplus
|   (void) BTRFS_COMPRESS_LZO;
| #else
|   (void) BTRFS_COMPRESS_LZO;
| #endif
| #endif
| 
|   ;
|   return 0;
| }
configure:12206: result: no
configure:12222: checking whether sys_errlist is declared
configure:12222: gcc -c -std=gnu17 -O2 -g   conftest.c >&5
conftest.c: In function 'main':
conftest.c:200:10: error: 'sys_errlist' undeclared (first use in this function)
  200 |   (void) sys_errlist;
      |          ^~~~~~~~~~~
conftest.c:200:10: note: each undeclared identifier is reported only once for each function it appears in
configure:12222: $? = 1
configure: failed program was:
| /* confdefs.h */
| #define PACKAGE_NAME "strace"
| #define PACKAGE_TARNAME "strace"
| #define PACKAGE_VERSION "UNKNOWN"
| #define PACKAGE_STRING "strace UNKNOWN"
| #define PACKAGE_BUGREPORT "strace-devel@lists.sourceforge.net"
| #define PACKAGE_URL "https://strace.io"
| #define PACKAGE "strace"
| #define VERSION "UNKNOWN"
| #define HAVE_STDIO_H 1
| #define HAVE_STDLIB_H 1
| #define HAVE_STRING_H 1
| #define HAVE_INTTYPES_H 1
| #define HAVE_STDINT_H 1
| #define HAVE_STRINGS_H 1
| #define HAVE_SYS_STAT_H 1
| #define HAVE_SYS_TYPES_H 1
| #define HAVE_UNISTD_H 1
| #define HAVE_WCHAR_H 1
| #define STDC_HEADERS 1
| #define _ALL_SOURCE 1
| #define _COSMO_SOURCE 1
| #define _DARWIN_C_SOURCE 1
| #define _GNU_SOURCE 1
| #define _HPUX_ALT_XOPEN_SOCKET_API 1
| #define _NETBSD_SOURCE 1
| #define _OPENBSD_SOURCE 1
| #define _POSIX_PTHREAD_SEMANTICS 1
| #define __STDC_WANT_IEC_60559_ATTRIBS_EXT__ 1
| #define __STDC_WANT_IEC_60559_BFP_EXT__ 1
| #define __STDC_WANT_IEC_60559_DFP_EXT__ 1
| #define __STDC_WANT_IEC_60559_EXT__ 1
| #define __STDC_WANT_IEC_60559_FUNCS_EXT__ 1
| #define __STDC_WANT_IEC_60559_TYPES_EXT__ 1
| #define __STDC_WANT_LIB_EXT2__ 1
| #define __STDC_WANT_MATH_SPEC_FUNCS__ 1
| #define _TANDEM_SOURCE 1
| #define __EXTENSIONS__ 1
| #define X86_64 1
| #define ENABLE_ARM_OABI 0
| #define HAVE_TYPEOF 1
| #define HAVE_ACCEPT4 1
| #define HAVE_FALLOCATE 1
| #define HAVE_FANOTIFY_MARK 1
| #define HAVE_FOPEN64 1
| #define HAVE_FORK 1
| #define HAVE_FPUTS_UNLOCKED 1
| #define HAVE_FSTATAT 1
| #define HAVE_FTRUNCATE 1
| #define HAVE_FUTIMENS 1
| #define HAVE_IF_INDEXTONAME 1
| #define HAVE_OPEN64 1
| #define HAVE_PRCTL 1
| #define HAVE_PREADV 1
| #define HAVE_PROCESS_VM_READV 1
| #define HAVE_PWRITEV 1
| #define HAVE_READAHEAD 1
| #define HAVE_SIGNALFD 1
| #define HAVE_STPCPY 1
| #define HAVE_STRERROR 1
| #define HAVE_STRSIGNAL 1
| #define HAVE_SYNC_FILE_RANGE 1
| #define HAVE_UTIMENSAT 1
| #define HAVE_SIG_ATOMIC_T 1
| #define HAVE_STRUCT_SIGCONTEXT 1
| #define HAVE_STRUCT_MMSGHDR 1
| #define HAVE___KERNEL_LONG_T 1
| #define HAVE___KERNEL_ULONG_T 1
| #define HAVE_STRUCT___OLD_KERNEL_STAT 1
| #define HAVE_STRUCT_USER_DESC 1
| #define HAVE_STRUCT_STAT_ST_MTIME_NSEC 1
| #define HAVE_STRUCT_FLOCK 1
| #define HAVE_STRUCT_FLOCK64 1
| #define HAVE_STRUCT_TIMEX_TAI 1
| #define HAVE_STRUCT_UTSNAME_DOMAINNAME 1
| #define HAVE_SIGINFO_T_SI_SYSCALL 1
| #define HAVE_SIGINFO_T_SI_TIMERID 1
| #define HAVE_SIGINFO_T_SI_OVERRUN 1
| #define HAVE_STRUCT_PERF_EVENT_ATTR_PRECISE_IP 1
| #define HAVE_STRUCT_PERF_EVENT_ATTR_MMAP_DATA 1
| #define HAVE_STRUCT_PERF_EVENT_ATTR_SAMPLE_ID_ALL 1
| #define HAVE_STRUCT_PERF_EVENT_ATTR_EXCLUDE_HOST 1
| #define HAVE_STRUCT_PERF_EVENT_ATTR_EXCLUDE_GUEST 1
| #define HAVE_STRUCT_PERF_EVENT_ATTR_EXCLUDE_CALLCHAIN_KERNEL 1
| #define HAVE_STRUCT_PERF_EVENT_ATTR_EXCLUDE_CALLCHAIN_USER 1
| #define HAVE_STRUCT_PERF_EVENT_ATTR_MMAP2 1
| #define HAVE_STRUCT_PERF_EVENT_ATTR_COMM_EXEC 1
| #define HAVE_STRUCT_PERF_EVENT_ATTR_USE_CLOCKID 1
| #define HAVE_STRUCT_PERF_EVENT_ATTR_CONTEXT_SWITCH 1
| #define HAVE_STRUCT_PERF_EVENT_ATTR_WRITE_BACKWARD 1
| #define HAVE_STRUCT_PERF_EVENT_ATTR_BP_TYPE 1
| #define HAVE_STRUCT_PERF_EVENT_ATTR_CONFIG1 1
| #define HAVE_STRUCT_PERF_EVENT_ATTR_CONFIG2 1
| #define HAVE_STRUCT_PERF_EVENT_ATTR_BRANCH_SAMPLE_TYPE 1
| #define HAVE_STRUCT_PERF_EVENT_ATTR_SAMPLE_REGS_USER 1
| #define HAVE_STRUCT_PERF_EVENT_ATTR_SAMPLE_STACK_USER 1
| #define HAVE_STRUCT_PERF_EVENT_ATTR_SAMPLE_REGS_INTR 1
| #define HAVE_STRUCT_PERF_EVENT_ATTR_AUX_WATERMARK 1
| #define HAVE_STRUCT_PERF_EVENT_ATTR_SAMPLE_MAX_STACK 1
| #define HAVE_ELF_H 1
| #define HAVE_INTTYPES_H 1
| #define HAVE_LINUX_BSG_H 1
| #define HAVE_LINUX_DM_IOCTL_H 1
| #define HAVE_LINUX_DQBLK_XFS_H 1
| #define HAVE_LINUX_FALLOC_H 1
| #define HAVE_LINUX_FIEMAP_H 1
| #define HAVE_LINUX_FILTER_H 1
| #define HAVE_LINUX_HIDDEV_H 1
| #define HAVE_LINUX_IP_VS_H 1
| #define HAVE_LINUX_IPC_H 1
| #define HAVE_LINUX_MMTIMER_H 1
| #define HAVE_LINUX_MSG_H 1
| #define HAVE_LINUX_PERF_EVENT_H 1
| #define HAVE_LINUX_QUOTA_H 1
| #define HAVE_LINUX_SECCOMP_H 1
| #define HAVE_LINUX_SECUREBITS_H 1
| #define HAVE_LINUX_SEM_H 1
| #define HAVE_LINUX_SHM_H 1
| #define HAVE_LINUX_USERFAULTFD_H 1
| #define HAVE_LINUX_UTSNAME_H 1
| #define HAVE_MQUEUE_H 1
| #define HAVE_NETIPX_IPX_H 1
| #define HAVE_SCSI_SG_H 1
| #define HAVE_SYS_EVENTFD_H 1
| #define HAVE_SYS_FANOTIFY_H 1
| #define HAVE_SYS_IPC_H 1
| #define HAVE_SYS_MSG_H 1
| #define HAVE_SYS_QUOTA_H 1
| #define HAVE_SYS_REG_H 1
| #define HAVE_SYS_SEM_H 1
| #define HAVE_SYS_SHM_H 1
| #define HAVE_SYS_SIGNALFD_H 1
| #define HAVE_SYS_XATTR_H 1
| #define HAVE_NETINET_TCP_H 1
| #define HAVE_NETINET_UDP_H 1
| #define HAVE_LINUX_MQUEUE_H 1
| #define HAVE_LINUX_NETFILTER_ARP_ARP_TABLES_H 1
| #define HAVE_LINUX_NETFILTER_BRIDGE_EBTABLES_H 1
| #define HAVE_LINUX_NETFILTER_IPV4_IP_TABLES_H 1
| #define HAVE_LINUX_NETFILTER_IPV6_IP6_TABLES_H 1
| #define HAVE_LINUX_INPUT_H 1
| #define HAVE_STRUCT_INPUT_ABSINFO_RESOLUTION 1
| #define HAVE_LINUX_BPF_H 1
| #define HAVE_UNION_BPF_ATTR_LOG_BUF 1
| #define HAVE_UNION_BPF_ATTR_BPF_FD 1
| #define HAVE_UNION_BPF_ATTR_ATTACH_FLAGS 1
| #define HAVE_STRUCT_STATFS 1
| #define HAVE_STRUCT_STATFS_F_FRSIZE 1
| #define HAVE_STRUCT_STATFS_F_FLAGS 1
| #define HAVE_STRUCT_STATFS_F_FSID_VAL 1
| #define HAVE_STRUCT_STATFS64 1
| #define HAVE_STRUCT_STATFS64_F_FRSIZE 1
| #define HAVE_STRUCT_STATFS64_F_FLAGS 1
| #define HAVE_STRUCT_STATFS64_F_FSID_VAL 1
| #define HAVE_STRUCT_BLK_USER_TRACE_SETUP 1
| #define HAVE_LINUX_BTRFS_H 1
| #define HAVE_STRUCT_BTRFS_IOCTL_FEATURE_FLAGS_COMPAT_FLAGS 1
| #define HAVE_STRUCT_BTRFS_IOCTL_FS_INFO_ARGS_NODESIZE 1
| #define HAVE_STRUCT_BTRFS_IOCTL_DEFRAG_RANGE_ARGS_START 1
| #define HAVE_STRUCT_BTRFS_IOCTL_SEARCH_ARGS_V2_BUF_SIZE 1
| #define HAVE_DECL_BTRFS_COMPRESS_NONE 0
| #define HAVE_DECL_BTRFS_COMPRESS_ZLIB 0
| #define HAVE_DECL_BTRFS_COMPRESS_LZO 0
| /* end confdefs.h.  */
| #include <stddef.h>
| #ifdef HAVE_STDIO_H
| # include <stdio.h>
| #endif
| #ifdef HAVE_STDLIB_H
| # include <stdlib.h>
| #endif
| #ifdef HAVE_STRING_H
| # include <string.h>
| #endif
| #ifdef HAVE_INTTYPES_H
| # include <inttypes.h>
| #endif
| #ifdef HAVE_STDINT_H
| # include <stdint.h>
| #endif
| #ifdef HAVE_STRINGS_H
| # include <strings.h>
| #endif
| #ifdef HAVE_SYS_TYPES_H
| # include <sys/types.h>
| #endif
| #ifdef HAVE_SYS_STAT_H
| # include <sys/stat.h>
| #endif
| #ifdef HAVE_UNISTD_H
| # include <unistd.h>
| #endif
| int
| main (void)
| {
| #ifndef sys_errlist
| #ifdef __cplusplus
|   (void) sys_errlist;
| #else
|   (void) sys_errlist;
| #endif
| #endif
| 
|   ;
|   return 0;
| }
configure:12222: result: no
configure:12232: checking whether PTRACE_PEEKUSER is declared
configure:12232: gcc -c -std=gnu17 -O2 -g   conftest.c >&5
configure:12232: $? = 0
configure:12232: result: yes
configure:12242: checking whether PTRACE_POKEUSER is declared
configure:12242: gcc -c -std=gnu17 -O2 -g   conftest.c >&5
configure:12242: $? = 0
configure:12242: result: yes
configure:12254: checking whether P_PID is declared
configure:12254: gcc -c -std=gnu17 -O2 -g   conftest.c >&5
configure:12254: $? = 0
configure:12254: result: yes
configure:12264: checking whether P_PPID is declared
configure:12264: gcc -c -std=gnu17 -O2 -g   conftest.c >&5
conftest.c: In function 'main':
conftest.c:178:10: error: 'P_PPID' undeclared (first use in this function); did you mean 'P_PGID'?
  178 |   (void) P_PPID;
      |          ^~~~~~
      |          P_PGID
conftest.c:178:10: note: each undeclared identifier is reported only once for each function it appears in
configure:12264: $? = 1
configure: failed program was:
| /* confdefs.h */
| #define PACKAGE_NAME "strace"
| #define PACKAGE_TARNAME "strace"
| #define PACKAGE_VERSION "UNKNOWN"
| #define PACKAGE_STRING "strace UNKNOWN"
| #define PACKAGE_BUGREPORT "strace-devel@lists.sourceforge.net"
| #define PACKAGE_URL "https://strace.io"
| #define PACKAGE "strace"
| #define VERSION "UNKNOWN"
| #define HAVE_STDIO_H 1
| #define HAVE_STDLIB_H 1
| #define HAVE_STRING_H 1
| #define HAVE_INTTYPES_H 1
| #define HAVE_STDINT_H 1
| #define HAVE_STRINGS_H 1
| #define HAVE_SYS_STAT_H 1
| #define HAVE_SYS_TYPES_H 1
| #define HAVE_UNISTD_H 1
| #define HAVE_WCHAR_H 1
| #define STDC_HEADERS 1
| #define _ALL_SOURCE 1
| #define _COSMO_SOURCE 1
| #define _DARWIN_C_SOURCE 1
| #define _GNU_SOURCE 1
| #define _HPUX_ALT_XOPEN_SOCKET_API 1
| #define _NETBSD_SOURCE 1
| #define _OPENBSD_SOURCE 1
| #define _POSIX_PTHREAD_SEMANTICS 1
| #define __STDC_WANT_IEC_60559_ATTRIBS_EXT__ 1
| #define __STDC_WANT_IEC_60559_BFP_EXT__ 1
| #define __STDC_WANT_IEC_60559_DFP_EXT__ 1
| #define __STDC_WANT_IEC_60559_EXT__ 1
| #define __STDC_WANT_IEC_60559_FUNCS_EXT__ 1
| #define __STDC_WANT_IEC_60559_TYPES_EXT__ 1
| #define __STDC_WANT_LIB_EXT2__ 1
| #define __STDC_WANT_MATH_SPEC_FUNCS__ 1
| #define _TANDEM_SOURCE 1
| #define __EXTENSIONS__ 1
| #define X86_64 1
| #define ENABLE_ARM_OABI 0
| #define HAVE_TYPEOF 1
| #define HAVE_ACCEPT4 1
| #define HAVE_FALLOCATE 1
| #define HAVE_FANOTIFY_MARK 1
| #define HAVE_FOPEN64 1
| #define HAVE_FORK 1
| #define HAVE_FPUTS_UNLOCKED 1
| #define HAVE_FSTATAT 1
| #define HAVE_FTRUNCATE 1
| #define HAVE_FUTIMENS 1
| #define HAVE_IF_INDEXTONAME 1
| #define HAVE_OPEN64 1
| #define HAVE_PRCTL 1
| #define HAVE_PREADV 1
| #define HAVE_PROCESS_VM_READV 1
| #define HAVE_PWRITEV 1
| #define HAVE_READAHEAD 1
| #define HAVE_SIGNALFD 1
| #define HAVE_STPCPY 1
| #define HAVE_STRERROR 1
| #define HAVE_STRSIGNAL 1
| #define HAVE_SYNC_FILE_RANGE 1
| #define HAVE_UTIMENSAT 1
| #define HAVE_SIG_ATOMIC_T 1
| #define HAVE_STRUCT_SIGCONTEXT 1
| #define HAVE_STRUCT_MMSGHDR 1
| #define HAVE___KERNEL_LONG_T 1
| #define HAVE___KERNEL_ULONG_T 1
| #define HAVE_STRUCT___OLD_KERNEL_STAT 1
| #define HAVE_STRUCT_USER_DESC 1
| #define HAVE_STRUCT_STAT_ST_MTIME_NSEC 1
| #define HAVE_STRUCT_FLOCK 1
| #define HAVE_STRUCT_FLOCK64 1
| #define HAVE_STRUCT_TIMEX_TAI 1
| #define HAVE_STRUCT_UTSNAME_DOMAINNAME 1
| #define HAVE_SIGINFO_T_SI_SYSCALL 1
| #define HAVE_SIGINFO_T_SI_TIMERID 1
| #define HAVE_SIGINFO_T_SI_OVERRUN 1
| #define HAVE_STRUCT_PERF_EVENT_ATTR_PRECISE_IP 1
| #define HAVE_STRUCT_PERF_EVENT_ATTR_MMAP_DATA 1
| #define HAVE_STRUCT_PERF_EVENT_ATTR_SAMPLE_ID_ALL 1
| #define HAVE_STRUCT_PERF_EVENT_ATTR_EXCLUDE_HOST 1
| #define HAVE_STRUCT_PERF_EVENT_ATTR_EXCLUDE_GUEST 1
| #define HAVE_STRUCT_PERF_EVENT_ATTR_EXCLUDE_CALLCHAIN_KERNEL 1
| #define HAVE_STRUCT_PERF_EVENT_ATTR_EXCLUDE_CALLCHAIN_USER 1
| #define HAVE_STRUCT_PERF_EVENT_ATTR_MMAP2 1
| #define HAVE_STRUCT_PERF_EVENT_ATTR_COMM_EXEC 1
| #define HAVE_STRUCT_PERF_EVENT_ATTR_USE_CLOCKID 1
| #define HAVE_STRUCT_PERF_EVENT_ATTR_CONTEXT_SWITCH 1
| #define HAVE_STRUCT_PERF_EVENT_ATTR_WRITE_BACKWARD 1
| #define HAVE_STRUCT_PERF_EVENT_ATTR_BP_TYPE 1
| #define HAVE_STRUCT_PERF_EVENT_ATTR_CONFIG1 1
| #define HAVE_STRUCT_PERF_EVENT_ATTR_CONFIG2 1
| #define HAVE_STRUCT_PERF_EVENT_ATTR_BRANCH_SAMPLE_TYPE 1
| #define HAVE_STRUCT_PERF_EVENT_ATTR_SAMPLE_REGS_USER 1
| #define HAVE_STRUCT_PERF_EVENT_ATTR_SAMPLE_STACK_USER 1
| #define HAVE_STRUCT_PERF_EVENT_ATTR_SAMPLE_REGS_INTR 1
| #define HAVE_STRUCT_PERF_EVENT_ATTR_AUX_WATERMARK 1
| #define HAVE_STRUCT_PERF_EVENT_ATTR_SAMPLE_MAX_STACK 1
| #define HAVE_ELF_H 1
| #define HAVE_INTTYPES_H 1
| #define HAVE_LINUX_BSG_H 1
| #define HAVE_LINUX_DM_IOCTL_H 1
| #define HAVE_LINUX_DQBLK_XFS_H 1
| #define HAVE_LINUX_FALLOC_H 1
| #define HAVE_LINUX_FIEMAP_H 1
| #define HAVE_LINUX_FILTER_H 1
| #define HAVE_LINUX_HIDDEV_H 1
| #define HAVE_LINUX_IP_VS_H 1
| #define HAVE_LINUX_IPC_H 1
| #define HAVE_LINUX_MMTIMER_H 1
| #define HAVE_LINUX_MSG_H 1
| #define HAVE_LINUX_PERF_EVENT_H 1
| #define HAVE_LINUX_QUOTA_H 1
| #define HAVE_LINUX_SECCOMP_H 1
| #define HAVE_LINUX_SECUREBITS_H 1
| #define HAVE_LINUX_SEM_H 1
| #define HAVE_LINUX_SHM_H 1
| #define HAVE_LINUX_USERFAULTFD_H 1
| #define HAVE_LINUX_UTSNAME_H 1
| #define HAVE_MQUEUE_H 1
| #define HAVE_NETIPX_IPX_H 1
| #define HAVE_SCSI_SG_H 1
| #define HAVE_SYS_EVENTFD_H 1
| #define HAVE_SYS_FANOTIFY_H 1
| #define HAVE_SYS_IPC_H 1
| #define HAVE_SYS_MSG_H 1
| #define HAVE_SYS_QUOTA_H 1
| #define HAVE_SYS_REG_H 1
| #define HAVE_SYS_SEM_H 1
| #define HAVE_SYS_SHM_H 1
| #define HAVE_SYS_SIGNALFD_H 1
| #define HAVE_SYS_XATTR_H 1
| #define HAVE_NETINET_TCP_H 1
| #define HAVE_NETINET_UDP_H 1
| #define HAVE_LINUX_MQUEUE_H 1
| #define HAVE_LINUX_NETFILTER_ARP_ARP_TABLES_H 1
| #define HAVE_LINUX_NETFILTER_BRIDGE_EBTABLES_H 1
| #define HAVE_LINUX_NETFILTER_IPV4_IP_TABLES_H 1
| #define HAVE_LINUX_NETFILTER_IPV6_IP6_TABLES_H 1
| #define HAVE_LINUX_INPUT_H 1
| #define HAVE_STRUCT_INPUT_ABSINFO_RESOLUTION 1
| #define HAVE_LINUX_BPF_H 1
| #define HAVE_UNION_BPF_ATTR_LOG_BUF 1
| #define HAVE_UNION_BPF_ATTR_BPF_FD 1
| #define HAVE_UNION_BPF_ATTR_ATTACH_FLAGS 1
| #define HAVE_STRUCT_STATFS 1
| #define HAVE_STRUCT_STATFS_F_FRSIZE 1
| #define HAVE_STRUCT_STATFS_F_FLAGS 1
| #define HAVE_STRUCT_STATFS_F_FSID_VAL 1
| #define HAVE_STRUCT_STATFS64 1
| #define HAVE_STRUCT_STATFS64_F_FRSIZE 1
| #define HAVE_STRUCT_STATFS64_F_FLAGS 1
| #define HAVE_STRUCT_STATFS64_F_FSID_VAL 1
| #define HAVE_STRUCT_BLK_USER_TRACE_SETUP 1
| #define HAVE_LINUX_BTRFS_H 1
| #define HAVE_STRUCT_BTRFS_IOCTL_FEATURE_FLAGS_COMPAT_FLAGS 1
| #define HAVE_STRUCT_BTRFS_IOCTL_FS_INFO_ARGS_NODESIZE 1
| #define HAVE_STRUCT_BTRFS_IOCTL_DEFRAG_RANGE_ARGS_START 1
| #define HAVE_STRUCT_BTRFS_IOCTL_SEARCH_ARGS_V2_BUF_SIZE 1
| #define HAVE_DECL_BTRFS_COMPRESS_NONE 0
| #define HAVE_DECL_BTRFS_COMPRESS_ZLIB 0
| #define HAVE_DECL_BTRFS_COMPRESS_LZO 0
| #define HAVE_DECL_SYS_ERRLIST 0
| #define HAVE_DECL_PTRACE_PEEKUSER 1
| #define HAVE_DECL_PTRACE_POKEUSER 1
| #define HAVE_DECL_P_PID 1
| /* end confdefs.h.  */
| #include <sys/wait.h>
| 
| int
| main (void)
| {
| #ifndef P_PPID
| #ifdef __cplusplus
|   (void) P_PPID;
| #else
|   (void) P_PPID;
| #endif
| #endif
| 
|   ;
|   return 0;
| }
configure:12264: result: no
configure:12274: checking whether P_PGID is declared
configure:12274: gcc -c -std=gnu17 -O2 -g   conftest.c >&5
configure:12274: $? = 0
configure:12274: result: yes
configure:12284: checking whether P_SID is declared
configure:12284: gcc -c -std=gnu17 -O2 -g   conftest.c >&5
conftest.c: In function 'main':
conftest.c:180:10: error: 'P_SID' undeclared (first use in this function); did you mean 'P_PID'?
  180 |   (void) P_SID;
      |          ^~~~~
      |          P_PID
conftest.c:180:10: note: each undeclared identifier is reported only once for each function it appears in
configure:12284: $? = 1
configure: failed program was:
| /* confdefs.h */
| #define PACKAGE_NAME "strace"
| #define PACKAGE_TARNAME "strace"
| #define PACKAGE_VERSION "UNKNOWN"
| #define PACKAGE_STRING "strace UNKNOWN"
| #define PACKAGE_BUGREPORT "strace-devel@lists.sourceforge.net"
| #define PACKAGE_URL "https://strace.io"
| #define PACKAGE "strace"
| #define VERSION "UNKNOWN"
| #define HAVE_STDIO_H 1
| #define HAVE_STDLIB_H 1
| #define HAVE_STRING_H 1
| #define HAVE_INTTYPES_H 1
| #define HAVE_STDINT_H 1
| #define HAVE_STRINGS_H 1
| #define HAVE_SYS_STAT_H 1
| #define HAVE_SYS_TYPES_H 1
| #define HAVE_UNISTD_H 1
| #define HAVE_WCHAR_H 1
| #define STDC_HEADERS 1
| #define _ALL_SOURCE 1
| #define _COSMO_SOURCE 1
| #define _DARWIN_C_SOURCE 1
| #define _GNU_SOURCE 1
| #define _HPUX_ALT_XOPEN_SOCKET_API 1
| #define _NETBSD_SOURCE 1
| #define _OPENBSD_SOURCE 1
| #define _POSIX_PTHREAD_SEMANTICS 1
| #define __STDC_WANT_IEC_60559_ATTRIBS_EXT__ 1
| #define __STDC_WANT_IEC_60559_BFP_EXT__ 1
| #define __STDC_WANT_IEC_60559_DFP_EXT__ 1
| #define __STDC_WANT_IEC_60559_EXT__ 1
| #define __STDC_WANT_IEC_60559_FUNCS_EXT__ 1
| #define __STDC_WANT_IEC_60559_TYPES_EXT__ 1
| #define __STDC_WANT_LIB_EXT2__ 1
| #define __STDC_WANT_MATH_SPEC_FUNCS__ 1
| #define _TANDEM_SOURCE 1
| #define __EXTENSIONS__ 1
| #define X86_64 1
| #define ENABLE_ARM_OABI 0
| #define HAVE_TYPEOF 1
| #define HAVE_ACCEPT4 1
| #define HAVE_FALLOCATE 1
| #define HAVE_FANOTIFY_MARK 1
| #define HAVE_FOPEN64 1
| #define HAVE_FORK 1
| #define HAVE_FPUTS_UNLOCKED 1
| #define HAVE_FSTATAT 1
| #define HAVE_FTRUNCATE 1
| #define HAVE_FUTIMENS 1
| #define HAVE_IF_INDEXTONAME 1
| #define HAVE_OPEN64 1
| #define HAVE_PRCTL 1
| #define HAVE_PREADV 1
| #define HAVE_PROCESS_VM_READV 1
| #define HAVE_PWRITEV 1
| #define HAVE_READAHEAD 1
| #define HAVE_SIGNALFD 1
| #define HAVE_STPCPY 1
| #define HAVE_STRERROR 1
| #define HAVE_STRSIGNAL 1
| #define HAVE_SYNC_FILE_RANGE 1
| #define HAVE_UTIMENSAT 1
| #define HAVE_SIG_ATOMIC_T 1
| #define HAVE_STRUCT_SIGCONTEXT 1
| #define HAVE_STRUCT_MMSGHDR 1
| #define HAVE___KERNEL_LONG_T 1
| #define HAVE___KERNEL_ULONG_T 1
| #define HAVE_STRUCT___OLD_KERNEL_STAT 1
| #define HAVE_STRUCT_USER_DESC 1
| #define HAVE_STRUCT_STAT_ST_MTIME_NSEC 1
| #define HAVE_STRUCT_FLOCK 1
| #define HAVE_STRUCT_FLOCK64 1
| #define HAVE_STRUCT_TIMEX_TAI 1
| #define HAVE_STRUCT_UTSNAME_DOMAINNAME 1
| #define HAVE_SIGINFO_T_SI_SYSCALL 1
| #define HAVE_SIGINFO_T_SI_TIMERID 1
| #define HAVE_SIGINFO_T_SI_OVERRUN 1
| #define HAVE_STRUCT_PERF_EVENT_ATTR_PRECISE_IP 1
| #define HAVE_STRUCT_PERF_EVENT_ATTR_MMAP_DATA 1
| #define HAVE_STRUCT_PERF_EVENT_ATTR_SAMPLE_ID_ALL 1
| #define HAVE_STRUCT_PERF_EVENT_ATTR_EXCLUDE_HOST 1
| #define HAVE_STRUCT_PERF_EVENT_ATTR_EXCLUDE_GUEST 1
| #define HAVE_STRUCT_PERF_EVENT_ATTR_EXCLUDE_CALLCHAIN_KERNEL 1
| #define HAVE_STRUCT_PERF_EVENT_ATTR_EXCLUDE_CALLCHAIN_USER 1
| #define HAVE_STRUCT_PERF_EVENT_ATTR_MMAP2 1
| #define HAVE_STRUCT_PERF_EVENT_ATTR_COMM_EXEC 1
| #define HAVE_STRUCT_PERF_EVENT_ATTR_USE_CLOCKID 1
| #define HAVE_STRUCT_PERF_EVENT_ATTR_CONTEXT_SWITCH 1
| #define HAVE_STRUCT_PERF_EVENT_ATTR_WRITE_BACKWARD 1
| #define HAVE_STRUCT_PERF_EVENT_ATTR_BP_TYPE 1
| #define HAVE_STRUCT_PERF_EVENT_ATTR_CONFIG1 1
| #define HAVE_STRUCT_PERF_EVENT_ATTR_CONFIG2 1
| #define HAVE_STRUCT_PERF_EVENT_ATTR_BRANCH_SAMPLE_TYPE 1
| #define HAVE_STRUCT_PERF_EVENT_ATTR_SAMPLE_REGS_USER 1
| #define HAVE_STRUCT_PERF_EVENT_ATTR_SAMPLE_STACK_USER 1
| #define HAVE_STRUCT_PERF_EVENT_ATTR_SAMPLE_REGS_INTR 1
| #define HAVE_STRUCT_PERF_EVENT_ATTR_AUX_WATERMARK 1
| #define HAVE_STRUCT_PERF_EVENT_ATTR_SAMPLE_MAX_STACK 1
| #define HAVE_ELF_H 1
| #define HAVE_INTTYPES_H 1
| #define HAVE_LINUX_BSG_H 1
| #define HAVE_LINUX_DM_IOCTL_H 1
| #define HAVE_LINUX_DQBLK_XFS_H 1
| #define HAVE_LINUX_FALLOC_H 1
| #define HAVE_LINUX_FIEMAP_H 1
| #define HAVE_LINUX_FILTER_H 1
| #define HAVE_LINUX_HIDDEV_H 1
| #define HAVE_LINUX_IP_VS_H 1
| #define HAVE_LINUX_IPC_H 1
| #define HAVE_LINUX_MMTIMER_H 1
| #define HAVE_LINUX_MSG_H 1
| #define HAVE_LINUX_PERF_EVENT_H 1
| #define HAVE_LINUX_QUOTA_H 1
| #define HAVE_LINUX_SECCOMP_H 1
| #define HAVE_LINUX_SECUREBITS_H 1
| #define HAVE_LINUX_SEM_H 1
| #define HAVE_LINUX_SHM_H 1
| #define HAVE_LINUX_USERFAULTFD_H 1
| #define HAVE_LINUX_UTSNAME_H 1
| #define HAVE_MQUEUE_H 1
| #define HAVE_NETIPX_IPX_H 1
| #define HAVE_SCSI_SG_H 1
| #define HAVE_SYS_EVENTFD_H 1
| #define HAVE_SYS_FANOTIFY_H 1
| #define HAVE_SYS_IPC_H 1
| #define HAVE_SYS_MSG_H 1
| #define HAVE_SYS_QUOTA_H 1
| #define HAVE_SYS_REG_H 1
| #define HAVE_SYS_SEM_H 1
| #define HAVE_SYS_SHM_H 1
| #define HAVE_SYS_SIGNALFD_H 1
| #define HAVE_SYS_XATTR_H 1
| #define HAVE_NETINET_TCP_H 1
| #define HAVE_NETINET_UDP_H 1
| #define HAVE_LINUX_MQUEUE_H 1
| #define HAVE_LINUX_NETFILTER_ARP_ARP_TABLES_H 1
| #define HAVE_LINUX_NETFILTER_BRIDGE_EBTABLES_H 1
| #define HAVE_LINUX_NETFILTER_IPV4_IP_TABLES_H 1
| #define HAVE_LINUX_NETFILTER_IPV6_IP6_TABLES_H 1
| #define HAVE_LINUX_INPUT_H 1
| #define HAVE_STRUCT_INPUT_ABSINFO_RESOLUTION 1
| #define HAVE_LINUX_BPF_H 1
| #define HAVE_UNION_BPF_ATTR_LOG_BUF 1
| #define HAVE_UNION_BPF_ATTR_BPF_FD 1
| #define HAVE_UNION_BPF_ATTR_ATTACH_FLAGS 1
| #define HAVE_STRUCT_STATFS 1
| #define HAVE_STRUCT_STATFS_F_FRSIZE 1
| #define HAVE_STRUCT_STATFS_F_FLAGS 1
| #define HAVE_STRUCT_STATFS_F_FSID_VAL 1
| #define HAVE_STRUCT_STATFS64 1
| #define HAVE_STRUCT_STATFS64_F_FRSIZE 1
| #define HAVE_STRUCT_STATFS64_F_FLAGS 1
| #define HAVE_STRUCT_STATFS64_F_FSID_VAL 1
| #define HAVE_STRUCT_BLK_USER_TRACE_SETUP 1
| #define HAVE_LINUX_BTRFS_H 1
| #define HAVE_STRUCT_BTRFS_IOCTL_FEATURE_FLAGS_COMPAT_FLAGS 1
| #define HAVE_STRUCT_BTRFS_IOCTL_FS_INFO_ARGS_NODESIZE 1
| #define HAVE_STRUCT_BTRFS_IOCTL_DEFRAG_RANGE_ARGS_START 1
| #define HAVE_STRUCT_BTRFS_IOCTL_SEARCH_ARGS_V2_BUF_SIZE 1
| #define HAVE_DECL_BTRFS_COMPRESS_NONE 0
| #define HAVE_DECL_BTRFS_COMPRESS_ZLIB 0
| #define HAVE_DECL_BTRFS_COMPRESS_LZO 0
| #define HAVE_DECL_SYS_ERRLIST 0
| #define HAVE_DECL_PTRACE_PEEKUSER 1
| #define HAVE_DECL_PTRACE_POKEUSER 1
| #define HAVE_DECL_P_PID 1
| #define HAVE_DECL_P_PPID 0
| #define HAVE_DECL_P_PGID 1
| /* end confdefs.h.  */
| #include <sys/wait.h>
| 
| int
| main (void)
| {
| #ifndef P_SID
| #ifdef __cplusplus
|   (void) P_SID;
| #else
|   (void) P_SID;
| #endif
| #endif
| 
|   ;
|   return 0;
| }
configure:12284: result: no
configure:12294: checking whether P_CID is declared
configure:12294: gcc -c -std=gnu17 -O2 -g   conftest.c >&5
conftest.c: In function 'main':
conftest.c:181:10: error: 'P_CID' undeclared (first use in this function); did you mean 'P_PID'?
  181 |   (void) P_CID;
      |          ^~~~~
      |          P_PID
conftest.c:181:10: note: each undeclared identifier is reported only once for each function it appears in
configure:12294: $? = 1
configure: failed program was:
| /* confdefs.h */
| #define PACKAGE_NAME "strace"
| #define PACKAGE_TARNAME "strace"
| #define PACKAGE_VERSION "UNKNOWN"
| #define PACKAGE_STRING "strace UNKNOWN"
| #define PACKAGE_BUGREPORT "strace-devel@lists.sourceforge.net"
| #define PACKAGE_URL "https://strace.io"
| #define PACKAGE "strace"
| #define VERSION "UNKNOWN"
| #define HAVE_STDIO_H 1
| #define HAVE_STDLIB_H 1
| #define HAVE_STRING_H 1
| #define HAVE_INTTYPES_H 1
| #define HAVE_STDINT_H 1
| #define HAVE_STRINGS_H 1
| #define HAVE_SYS_STAT_H 1
| #define HAVE_SYS_TYPES_H 1
| #define HAVE_UNISTD_H 1
| #define HAVE_WCHAR_H 1
| #define STDC_HEADERS 1
| #define _ALL_SOURCE 1
| #define _COSMO_SOURCE 1
| #define _DARWIN_C_SOURCE 1
| #define _GNU_SOURCE 1
| #define _HPUX_ALT_XOPEN_SOCKET_API 1
| #define _NETBSD_SOURCE 1
| #define _OPENBSD_SOURCE 1
| #define _POSIX_PTHREAD_SEMANTICS 1
| #define __STDC_WANT_IEC_60559_ATTRIBS_EXT__ 1
| #define __STDC_WANT_IEC_60559_BFP_EXT__ 1
| #define __STDC_WANT_IEC_60559_DFP_EXT__ 1
| #define __STDC_WANT_IEC_60559_EXT__ 1
| #define __STDC_WANT_IEC_60559_FUNCS_EXT__ 1
| #define __STDC_WANT_IEC_60559_TYPES_EXT__ 1
| #define __STDC_WANT_LIB_EXT2__ 1
| #define __STDC_WANT_MATH_SPEC_FUNCS__ 1
| #define _TANDEM_SOURCE 1
| #define __EXTENSIONS__ 1
| #define X86_64 1
| #define ENABLE_ARM_OABI 0
| #define HAVE_TYPEOF 1
| #define HAVE_ACCEPT4 1
| #define HAVE_FALLOCATE 1
| #define HAVE_FANOTIFY_MARK 1
| #define HAVE_FOPEN64 1
| #define HAVE_FORK 1
| #define HAVE_FPUTS_UNLOCKED 1
| #define HAVE_FSTATAT 1
| #define HAVE_FTRUNCATE 1
| #define HAVE_FUTIMENS 1
| #define HAVE_IF_INDEXTONAME 1
| #define HAVE_OPEN64 1
| #define HAVE_PRCTL 1
| #define HAVE_PREADV 1
| #define HAVE_PROCESS_VM_READV 1
| #define HAVE_PWRITEV 1
| #define HAVE_READAHEAD 1
| #define HAVE_SIGNALFD 1
| #define HAVE_STPCPY 1
| #define HAVE_STRERROR 1
| #define HAVE_STRSIGNAL 1
| #define HAVE_SYNC_FILE_RANGE 1
| #define HAVE_UTIMENSAT 1
| #define HAVE_SIG_ATOMIC_T 1
| #define HAVE_STRUCT_SIGCONTEXT 1
| #define HAVE_STRUCT_MMSGHDR 1
| #define HAVE___KERNEL_LONG_T 1
| #define HAVE___KERNEL_ULONG_T 1
| #define HAVE_STRUCT___OLD_KERNEL_STAT 1
| #define HAVE_STRUCT_USER_DESC 1
| #define HAVE_STRUCT_STAT_ST_MTIME_NSEC 1
| #define HAVE_STRUCT_FLOCK 1
| #define HAVE_STRUCT_FLOCK64 1
| #define HAVE_STRUCT_TIMEX_TAI 1
| #define HAVE_STRUCT_UTSNAME_DOMAINNAME 1
| #define HAVE_SIGINFO_T_SI_SYSCALL 1
| #define HAVE_SIGINFO_T_SI_TIMERID 1
| #define HAVE_SIGINFO_T_SI_OVERRUN 1
| #define HAVE_STRUCT_PERF_EVENT_ATTR_PRECISE_IP 1
| #define HAVE_STRUCT_PERF_EVENT_ATTR_MMAP_DATA 1
| #define HAVE_STRUCT_PERF_EVENT_ATTR_SAMPLE_ID_ALL 1
| #define HAVE_STRUCT_PERF_EVENT_ATTR_EXCLUDE_HOST 1
| #define HAVE_STRUCT_PERF_EVENT_ATTR_EXCLUDE_GUEST 1
| #define HAVE_STRUCT_PERF_EVENT_ATTR_EXCLUDE_CALLCHAIN_KERNEL 1
| #define HAVE_STRUCT_PERF_EVENT_ATTR_EXCLUDE_CALLCHAIN_USER 1
| #define HAVE_STRUCT_PERF_EVENT_ATTR_MMAP2 1
| #define HAVE_STRUCT_PERF_EVENT_ATTR_COMM_EXEC 1
| #define HAVE_STRUCT_PERF_EVENT_ATTR_USE_CLOCKID 1
| #define HAVE_STRUCT_PERF_EVENT_ATTR_CONTEXT_SWITCH 1
| #define HAVE_STRUCT_PERF_EVENT_ATTR_WRITE_BACKWARD 1
| #define HAVE_STRUCT_PERF_EVENT_ATTR_BP_TYPE 1
| #define HAVE_STRUCT_PERF_EVENT_ATTR_CONFIG1 1
| #define HAVE_STRUCT_PERF_EVENT_ATTR_CONFIG2 1
| #define HAVE_STRUCT_PERF_EVENT_ATTR_BRANCH_SAMPLE_TYPE 1
| #define HAVE_STRUCT_PERF_EVENT_ATTR_SAMPLE_REGS_USER 1
| #define HAVE_STRUCT_PERF_EVENT_ATTR_SAMPLE_STACK_USER 1
| #define HAVE_STRUCT_PERF_EVENT_ATTR_SAMPLE_REGS_INTR 1
| #define HAVE_STRUCT_PERF_EVENT_ATTR_AUX_WATERMARK 1
| #define HAVE_STRUCT_PERF_EVENT_ATTR_SAMPLE_MAX_STACK 1
| #define HAVE_ELF_H 1
| #define HAVE_INTTYPES_H 1
| #define HAVE_LINUX_BSG_H 1
| #define HAVE_LINUX_DM_IOCTL_H 1
| #define HAVE_LINUX_DQBLK_XFS_H 1
| #define HAVE_LINUX_FALLOC_H 1
| #define HAVE_LINUX_FIEMAP_H 1
| #define HAVE_LINUX_FILTER_H 1
| #define HAVE_LINUX_HIDDEV_H 1
| #define HAVE_LINUX_IP_VS_H 1
| #define HAVE_LINUX_IPC_H 1
| #define HAVE_LINUX_MMTIMER_H 1
| #define HAVE_LINUX_MSG_H 1
| #define HAVE_LINUX_PERF_EVENT_H 1
| #define HAVE_LINUX_QUOTA_H 1
| #define HAVE_LINUX_SECCOMP_H 1
| #define HAVE_LINUX_SECUREBITS_H 1
| #define HAVE_LINUX_SEM_H 1
| #define HAVE_LINUX_SHM_H 1
| #define HAVE_LINUX_USERFAULTFD_H 1
| #define HAVE_LINUX_UTSNAME_H 1
| #define HAVE_MQUEUE_H 1
| #define HAVE_NETIPX_IPX_H 1
| #define HAVE_SCSI_SG_H 1
| #define HAVE_SYS_EVENTFD_H 1
| #define HAVE_SYS_FANOTIFY_H 1
| #define HAVE_SYS_IPC_H 1
| #define HAVE_SYS_MSG_H 1
| #define HAVE_SYS_QUOTA_H 1
| #define HAVE_SYS_REG_H 1
| #define HAVE_SYS_SEM_H 1
| #define HAVE_SYS_SHM_H 1
| #define HAVE_SYS_SIGNALFD_H 1
| #define HAVE_SYS_XATTR_H 1
| #define HAVE_NETINET_TCP_H 1
| #define HAVE_NETINET_UDP_H 1
| #define HAVE_LINUX_MQUEUE_H 1
| #define HAVE_LINUX_NETFILTER_ARP_ARP_TABLES_H 1
| #define HAVE_LINUX_NETFILTER_BRIDGE_EBTABLES_H 1
| #define HAVE_LINUX_NETFILTER_IPV4_IP_TABLES_H 1
| #define HAVE_LINUX_NETFILTER_IPV6_IP6_TABLES_H 1
| #define HAVE_LINUX_INPUT_H 1
| #define HAVE_STRUCT_INPUT_ABSINFO_RESOLUTION 1
| #define HAVE_LINUX_BPF_H 1
| #define HAVE_UNION_BPF_ATTR_LOG_BUF 1
| #define HAVE_UNION_BPF_ATTR_BPF_FD 1
| #define HAVE_UNION_BPF_ATTR_ATTACH_FLAGS 1
| #define HAVE_STRUCT_STATFS 1
| #define HAVE_STRUCT_STATFS_F_FRSIZE 1
| #define HAVE_STRUCT_STATFS_F_FLAGS 1
| #define HAVE_STRUCT_STATFS_F_FSID_VAL 1
| #define HAVE_STRUCT_STATFS64 1
| #define HAVE_STRUCT_STATFS64_F_FRSIZE 1
| #define HAVE_STRUCT_STATFS64_F_FLAGS 1
| #define HAVE_STRUCT_STATFS64_F_FSID_VAL 1
| #define HAVE_STRUCT_BLK_USER_TRACE_SETUP 1
| #define HAVE_LINUX_BTRFS_H 1
| #define HAVE_STRUCT_BTRFS_IOCTL_FEATURE_FLAGS_COMPAT_FLAGS 1
| #define HAVE_STRUCT_BTRFS_IOCTL_FS_INFO_ARGS_NODESIZE 1
| #define HAVE_STRUCT_BTRFS_IOCTL_DEFRAG_RANGE_ARGS_START 1
| #define HAVE_STRUCT_BTRFS_IOCTL_SEARCH_ARGS_V2_BUF_SIZE 1
| #define HAVE_DECL_BTRFS_COMPRESS_NONE 0
| #define HAVE_DECL_BTRFS_COMPRESS_ZLIB 0
| #define HAVE_DECL_BTRFS_COMPRESS_LZO 0
| #define HAVE_DECL_SYS_ERRLIST 0
| #define HAVE_DECL_PTRACE_PEEKUSER 1
| #define HAVE_DECL_PTRACE_POKEUSER 1
| #define HAVE_DECL_P_PID 1
| #define HAVE_DECL_P_PPID 0
| #define HAVE_DECL_P_PGID 1
| #define HAVE_DECL_P_SID 0
| /* end confdefs.h.  */
| #include <sys/wait.h>
| 
| int
| main (void)
| {
| #ifndef P_CID
| #ifdef __cplusplus
|   (void) P_CID;
| #else
|   (void) P_CID;
| #endif
| #endif
| 
|   ;
|   return 0;
| }
configure:12294: result: no
configure:12304: checking whether P_UID is declared
configure:12304: gcc -c -std=gnu17 -O2 -g   conftest.c >&5
conftest.c: In function 'main':
conftest.c:182:10: error: 'P_UID' undeclared (first use in this function); did you mean 'P_PID'?
  182 |   (void) P_UID;
      |          ^~~~~
      |          P_PID
conftest.c:182:10: note: each undeclared identifier is reported only once for each function it appears in
configure:12304: $? = 1
configure: failed program was:
| /* confdefs.h */
| #define PACKAGE_NAME "strace"
| #define PACKAGE_TARNAME "strace"
| #define PACKAGE_VERSION "UNKNOWN"
| #define PACKAGE_STRING "strace UNKNOWN"
| #define PACKAGE_BUGREPORT "strace-devel@lists.sourceforge.net"
| #define PACKAGE_URL "https://strace.io"
| #define PACKAGE "strace"
| #define VERSION "UNKNOWN"
| #define HAVE_STDIO_H 1
| #define HAVE_STDLIB_H 1
| #define HAVE_STRING_H 1
| #define HAVE_INTTYPES_H 1
| #define HAVE_STDINT_H 1
| #define HAVE_STRINGS_H 1
| #define HAVE_SYS_STAT_H 1
| #define HAVE_SYS_TYPES_H 1
| #define HAVE_UNISTD_H 1
| #define HAVE_WCHAR_H 1
| #define STDC_HEADERS 1
| #define _ALL_SOURCE 1
| #define _COSMO_SOURCE 1
| #define _DARWIN_C_SOURCE 1
| #define _GNU_SOURCE 1
| #define _HPUX_ALT_XOPEN_SOCKET_API 1
| #define _NETBSD_SOURCE 1
| #define _OPENBSD_SOURCE 1
| #define _POSIX_PTHREAD_SEMANTICS 1
| #define __STDC_WANT_IEC_60559_ATTRIBS_EXT__ 1
| #define __STDC_WANT_IEC_60559_BFP_EXT__ 1
| #define __STDC_WANT_IEC_60559_DFP_EXT__ 1
| #define __STDC_WANT_IEC_60559_EXT__ 1
| #define __STDC_WANT_IEC_60559_FUNCS_EXT__ 1
| #define __STDC_WANT_IEC_60559_TYPES_EXT__ 1
| #define __STDC_WANT_LIB_EXT2__ 1
| #define __STDC_WANT_MATH_SPEC_FUNCS__ 1
| #define _TANDEM_SOURCE 1
| #define __EXTENSIONS__ 1
| #define X86_64 1
| #define ENABLE_ARM_OABI 0
| #define HAVE_TYPEOF 1
| #define HAVE_ACCEPT4 1
| #define HAVE_FALLOCATE 1
| #define HAVE_FANOTIFY_MARK 1
| #define HAVE_FOPEN64 1
| #define HAVE_FORK 1
| #define HAVE_FPUTS_UNLOCKED 1
| #define HAVE_FSTATAT 1
| #define HAVE_FTRUNCATE 1
| #define HAVE_FUTIMENS 1
| #define HAVE_IF_INDEXTONAME 1
| #define HAVE_OPEN64 1
| #define HAVE_PRCTL 1
| #define HAVE_PREADV 1
| #define HAVE_PROCESS_VM_READV 1
| #define HAVE_PWRITEV 1
| #define HAVE_READAHEAD 1
| #define HAVE_SIGNALFD 1
| #define HAVE_STPCPY 1
| #define HAVE_STRERROR 1
| #define HAVE_STRSIGNAL 1
| #define HAVE_SYNC_FILE_RANGE 1
| #define HAVE_UTIMENSAT 1
| #define HAVE_SIG_ATOMIC_T 1
| #define HAVE_STRUCT_SIGCONTEXT 1
| #define HAVE_STRUCT_MMSGHDR 1
| #define HAVE___KERNEL_LONG_T 1
| #define HAVE___KERNEL_ULONG_T 1
| #define HAVE_STRUCT___OLD_KERNEL_STAT 1
| #define HAVE_STRUCT_USER_DESC 1
| #define HAVE_STRUCT_STAT_ST_MTIME_NSEC 1
| #define HAVE_STRUCT_FLOCK 1
| #define HAVE_STRUCT_FLOCK64 1
| #define HAVE_STRUCT_TIMEX_TAI 1
| #define HAVE_STRUCT_UTSNAME_DOMAINNAME 1
| #define HAVE_SIGINFO_T_SI_SYSCALL 1
| #define HAVE_SIGINFO_T_SI_TIMERID 1
| #define HAVE_SIGINFO_T_SI_OVERRUN 1
| #define HAVE_STRUCT_PERF_EVENT_ATTR_PRECISE_IP 1
| #define HAVE_STRUCT_PERF_EVENT_ATTR_MMAP_DATA 1
| #define HAVE_STRUCT_PERF_EVENT_ATTR_SAMPLE_ID_ALL 1
| #define HAVE_STRUCT_PERF_EVENT_ATTR_EXCLUDE_HOST 1
| #define HAVE_STRUCT_PERF_EVENT_ATTR_EXCLUDE_GUEST 1
| #define HAVE_STRUCT_PERF_EVENT_ATTR_EXCLUDE_CALLCHAIN_KERNEL 1
| #define HAVE_STRUCT_PERF_EVENT_ATTR_EXCLUDE_CALLCHAIN_USER 1
| #define HAVE_STRUCT_PERF_EVENT_ATTR_MMAP2 1
| #define HAVE_STRUCT_PERF_EVENT_ATTR_COMM_EXEC 1
| #define HAVE_STRUCT_PERF_EVENT_ATTR_USE_CLOCKID 1
| #define HAVE_STRUCT_PERF_EVENT_ATTR_CONTEXT_SWITCH 1
| #define HAVE_STRUCT_PERF_EVENT_ATTR_WRITE_BACKWARD 1
| #define HAVE_STRUCT_PERF_EVENT_ATTR_BP_TYPE 1
| #define HAVE_STRUCT_PERF_EVENT_ATTR_CONFIG1 1
| #define HAVE_STRUCT_PERF_EVENT_ATTR_CONFIG2 1
| #define HAVE_STRUCT_PERF_EVENT_ATTR_BRANCH_SAMPLE_TYPE 1
| #define HAVE_STRUCT_PERF_EVENT_ATTR_SAMPLE_REGS_USER 1
| #define HAVE_STRUCT_PERF_EVENT_ATTR_SAMPLE_STACK_USER 1
| #define HAVE_STRUCT_PERF_EVENT_ATTR_SAMPLE_REGS_INTR 1
| #define HAVE_STRUCT_PERF_EVENT_ATTR_AUX_WATERMARK 1
| #define HAVE_STRUCT_PERF_EVENT_ATTR_SAMPLE_MAX_STACK 1
| #define HAVE_ELF_H 1
| #define HAVE_INTTYPES_H 1
| #define HAVE_LINUX_BSG_H 1
| #define HAVE_LINUX_DM_IOCTL_H 1
| #define HAVE_LINUX_DQBLK_XFS_H 1
| #define HAVE_LINUX_FALLOC_H 1
| #define HAVE_LINUX_FIEMAP_H 1
| #define HAVE_LINUX_FILTER_H 1
| #define HAVE_LINUX_HIDDEV_H 1
| #define HAVE_LINUX_IP_VS_H 1
| #define HAVE_LINUX_IPC_H 1
| #define HAVE_LINUX_MMTIMER_H 1
| #define HAVE_LINUX_MSG_H 1
| #define HAVE_LINUX_PERF_EVENT_H 1
| #define HAVE_LINUX_QUOTA_H 1
| #define HAVE_LINUX_SECCOMP_H 1
| #define HAVE_LINUX_SECUREBITS_H 1
| #define HAVE_LINUX_SEM_H 1
| #define HAVE_LINUX_SHM_H 1
| #define HAVE_LINUX_USERFAULTFD_H 1
| #define HAVE_LINUX_UTSNAME_H 1
| #define HAVE_MQUEUE_H 1
| #define HAVE_NETIPX_IPX_H 1
| #define HAVE_SCSI_SG_H 1
| #define HAVE_SYS_EVENTFD_H 1
| #define HAVE_SYS_FANOTIFY_H 1
| #define HAVE_SYS_IPC_H 1
| #define HAVE_SYS_MSG_H 1
| #define HAVE_SYS_QUOTA_H 1
| #define HAVE_SYS_REG_H 1
| #define HAVE_SYS_SEM_H 1
| #define HAVE_SYS_SHM_H 1
| #define HAVE_SYS_SIGNALFD_H 1
| #define HAVE_SYS_XATTR_H 1
| #define HAVE_NETINET_TCP_H 1
| #define HAVE_NETINET_UDP_H 1
| #define HAVE_LINUX_MQUEUE_H 1
| #define HAVE_LINUX_NETFILTER_ARP_ARP_TABLES_H 1
| #define HAVE_LINUX_NETFILTER_BRIDGE_EBTABLES_H 1
| #define HAVE_LINUX_NETFILTER_IPV4_IP_TABLES_H 1
| #define HAVE_LINUX_NETFILTER_IPV6_IP6_TABLES_H 1
| #define HAVE_LINUX_INPUT_H 1
| #define HAVE_STRUCT_INPUT_ABSINFO_RESOLUTION 1
| #define HAVE_LINUX_BPF_H 1
| #define HAVE_UNION_BPF_ATTR_LOG_BUF 1
| #define HAVE_UNION_BPF_ATTR_BPF_FD 1
| #define HAVE_UNION_BPF_ATTR_ATTACH_FLAGS 1
| #define HAVE_STRUCT_STATFS 1
| #define HAVE_STRUCT_STATFS_F_FRSIZE 1
| #define HAVE_STRUCT_STATFS_F_FLAGS 1
| #define HAVE_STRUCT_STATFS_F_FSID_VAL 1
| #define HAVE_STRUCT_STATFS64 1
| #define HAVE_STRUCT_STATFS64_F_FRSIZE 1
| #define HAVE_STRUCT_STATFS64_F_FLAGS 1
| #define HAVE_STRUCT_STATFS64_F_FSID_VAL 1
| #define HAVE_STRUCT_BLK_USER_TRACE_SETUP 1
| #define HAVE_LINUX_BTRFS_H 1
| #define HAVE_STRUCT_BTRFS_IOCTL_FEATURE_FLAGS_COMPAT_FLAGS 1
| #define HAVE_STRUCT_BTRFS_IOCTL_FS_INFO_ARGS_NODESIZE 1
| #define HAVE_STRUCT_BTRFS_IOCTL_DEFRAG_RANGE_ARGS_START 1
| #define HAVE_STRUCT_BTRFS_IOCTL_SEARCH_ARGS_V2_BUF_SIZE 1
| #define HAVE_DECL_BTRFS_COMPRESS_NONE 0
| #define HAVE_DECL_BTRFS_COMPRESS_ZLIB 0
| #define HAVE_DECL_BTRFS_COMPRESS_LZO 0
| #define HAVE_DECL_SYS_ERRLIST 0
| #define HAVE_DECL_PTRACE_PEEKUSER 1
| #define HAVE_DECL_PTRACE_POKEUSER 1
| #define HAVE_DECL_P_PID 1
| #define HAVE_DECL_P_PPID 0
| #define HAVE_DECL_P_PGID 1
| #define HAVE_DECL_P_SID 0
| #define HAVE_DECL_P_CID 0
| /* end confdefs.h.  */
| #include <sys/wait.h>
| 
| int
| main (void)
| {
| #ifndef P_UID
| #ifdef __cplusplus
|   (void) P_UID;
| #else
|   (void) P_UID;
| #endif
| #endif
| 
|   ;
|   return 0;
| }
configure:12304: result: no
configure:12314: checking whether P_GID is declared
configure:12314: gcc -c -std=gnu17 -O2 -g   conftest.c >&5
conftest.c: In function 'main':
conftest.c:183:10: error: 'P_GID' undeclared (first use in this function); did you mean 'P_PGID'?
  183 |   (void) P_GID;
      |          ^~~~~
      |          P_PGID
conftest.c:183:10: note: each undeclared identifier is reported only once for each function it appears in
configure:12314: $? = 1
configure: failed program was:
| /* confdefs.h */
| #define PACKAGE_NAME "strace"
| #define PACKAGE_TARNAME "strace"
| #define PACKAGE_VERSION "UNKNOWN"
| #define PACKAGE_STRING "strace UNKNOWN"
| #define PACKAGE_BUGREPORT "strace-devel@lists.sourceforge.net"
| #define PACKAGE_URL "https://strace.io"
| #define PACKAGE "strace"
| #define VERSION "UNKNOWN"
| #define HAVE_STDIO_H 1
| #define HAVE_STDLIB_H 1
| #define HAVE_STRING_H 1
| #define HAVE_INTTYPES_H 1
| #define HAVE_STDINT_H 1
| #define HAVE_STRINGS_H 1
| #define HAVE_SYS_STAT_H 1
| #define HAVE_SYS_TYPES_H 1
| #define HAVE_UNISTD_H 1
| #define HAVE_WCHAR_H 1
| #define STDC_HEADERS 1
| #define _ALL_SOURCE 1
| #define _COSMO_SOURCE 1
| #define _DARWIN_C_SOURCE 1
| #define _GNU_SOURCE 1
| #define _HPUX_ALT_XOPEN_SOCKET_API 1
| #define _NETBSD_SOURCE 1
| #define _OPENBSD_SOURCE 1
| #define _POSIX_PTHREAD_SEMANTICS 1
| #define __STDC_WANT_IEC_60559_ATTRIBS_EXT__ 1
| #define __STDC_WANT_IEC_60559_BFP_EXT__ 1
| #define __STDC_WANT_IEC_60559_DFP_EXT__ 1
| #define __STDC_WANT_IEC_60559_EXT__ 1
| #define __STDC_WANT_IEC_60559_FUNCS_EXT__ 1
| #define __STDC_WANT_IEC_60559_TYPES_EXT__ 1
| #define __STDC_WANT_LIB_EXT2__ 1
| #define __STDC_WANT_MATH_SPEC_FUNCS__ 1
| #define _TANDEM_SOURCE 1
| #define __EXTENSIONS__ 1
| #define X86_64 1
| #define ENABLE_ARM_OABI 0
| #define HAVE_TYPEOF 1
| #define HAVE_ACCEPT4 1
| #define HAVE_FALLOCATE 1
| #define HAVE_FANOTIFY_MARK 1
| #define HAVE_FOPEN64 1
| #define HAVE_FORK 1
| #define HAVE_FPUTS_UNLOCKED 1
| #define HAVE_FSTATAT 1
| #define HAVE_FTRUNCATE 1
| #define HAVE_FUTIMENS 1
| #define HAVE_IF_INDEXTONAME 1
| #define HAVE_OPEN64 1
| #define HAVE_PRCTL 1
| #define HAVE_PREADV 1
| #define HAVE_PROCESS_VM_READV 1
| #define HAVE_PWRITEV 1
| #define HAVE_READAHEAD 1
| #define HAVE_SIGNALFD 1
| #define HAVE_STPCPY 1
| #define HAVE_STRERROR 1
| #define HAVE_STRSIGNAL 1
| #define HAVE_SYNC_FILE_RANGE 1
| #define HAVE_UTIMENSAT 1
| #define HAVE_SIG_ATOMIC_T 1
| #define HAVE_STRUCT_SIGCONTEXT 1
| #define HAVE_STRUCT_MMSGHDR 1
| #define HAVE___KERNEL_LONG_T 1
| #define HAVE___KERNEL_ULONG_T 1
| #define HAVE_STRUCT___OLD_KERNEL_STAT 1
| #define HAVE_STRUCT_USER_DESC 1
| #define HAVE_STRUCT_STAT_ST_MTIME_NSEC 1
| #define HAVE_STRUCT_FLOCK 1
| #define HAVE_STRUCT_FLOCK64 1
| #define HAVE_STRUCT_TIMEX_TAI 1
| #define HAVE_STRUCT_UTSNAME_DOMAINNAME 1
| #define HAVE_SIGINFO_T_SI_SYSCALL 1
| #define HAVE_SIGINFO_T_SI_TIMERID 1
| #define HAVE_SIGINFO_T_SI_OVERRUN 1
| #define HAVE_STRUCT_PERF_EVENT_ATTR_PRECISE_IP 1
| #define HAVE_STRUCT_PERF_EVENT_ATTR_MMAP_DATA 1
| #define HAVE_STRUCT_PERF_EVENT_ATTR_SAMPLE_ID_ALL 1
| #define HAVE_STRUCT_PERF_EVENT_ATTR_EXCLUDE_HOST 1
| #define HAVE_STRUCT_PERF_EVENT_ATTR_EXCLUDE_GUEST 1
| #define HAVE_STRUCT_PERF_EVENT_ATTR_EXCLUDE_CALLCHAIN_KERNEL 1
| #define HAVE_STRUCT_PERF_EVENT_ATTR_EXCLUDE_CALLCHAIN_USER 1
| #define HAVE_STRUCT_PERF_EVENT_ATTR_MMAP2 1
| #define HAVE_STRUCT_PERF_EVENT_ATTR_COMM_EXEC 1
| #define HAVE_STRUCT_PERF_EVENT_ATTR_USE_CLOCKID 1
| #define HAVE_STRUCT_PERF_EVENT_ATTR_CONTEXT_SWITCH 1
| #define HAVE_STRUCT_PERF_EVENT_ATTR_WRITE_BACKWARD 1
| #define HAVE_STRUCT_PERF_EVENT_ATTR_BP_TYPE 1
| #define HAVE_STRUCT_PERF_EVENT_ATTR_CONFIG1 1
| #define HAVE_STRUCT_PERF_EVENT_ATTR_CONFIG2 1
| #define HAVE_STRUCT_PERF_EVENT_ATTR_BRANCH_SAMPLE_TYPE 1
| #define HAVE_STRUCT_PERF_EVENT_ATTR_SAMPLE_REGS_USER 1
| #define HAVE_STRUCT_PERF_EVENT_ATTR_SAMPLE_STACK_USER 1
| #define HAVE_STRUCT_PERF_EVENT_ATTR_SAMPLE_REGS_INTR 1
| #define HAVE_STRUCT_PERF_EVENT_ATTR_AUX_WATERMARK 1
| #define HAVE_STRUCT_PERF_EVENT_ATTR_SAMPLE_MAX_STACK 1
| #define HAVE_ELF_H 1
| #define HAVE_INTTYPES_H 1
| #define HAVE_LINUX_BSG_H 1
| #define HAVE_LINUX_DM_IOCTL_H 1
| #define HAVE_LINUX_DQBLK_XFS_H 1
| #define HAVE_LINUX_FALLOC_H 1
| #define HAVE_LINUX_FIEMAP_H 1
| #define HAVE_LINUX_FILTER_H 1
| #define HAVE_LINUX_HIDDEV_H 1
| #define HAVE_LINUX_IP_VS_H 1
| #define HAVE_LINUX_IPC_H 1
| #define HAVE_LINUX_MMTIMER_H 1
| #define HAVE_LINUX_MSG_H 1
| #define HAVE_LINUX_PERF_EVENT_H 1
| #define HAVE_LINUX_QUOTA_H 1
| #define HAVE_LINUX_SECCOMP_H 1
| #define HAVE_LINUX_SECUREBITS_H 1
| #define HAVE_LINUX_SEM_H 1
| #define HAVE_LINUX_SHM_H 1
| #define HAVE_LINUX_USERFAULTFD_H 1
| #define HAVE_LINUX_UTSNAME_H 1
| #define HAVE_MQUEUE_H 1
| #define HAVE_NETIPX_IPX_H 1
| #define HAVE_SCSI_SG_H 1
| #define HAVE_SYS_EVENTFD_H 1
| #define HAVE_SYS_FANOTIFY_H 1
| #define HAVE_SYS_IPC_H 1
| #define HAVE_SYS_MSG_H 1
| #define HAVE_SYS_QUOTA_H 1
| #define HAVE_SYS_REG_H 1
| #define HAVE_SYS_SEM_H 1
| #define HAVE_SYS_SHM_H 1
| #define HAVE_SYS_SIGNALFD_H 1
| #define HAVE_SYS_XATTR_H 1
| #define HAVE_NETINET_TCP_H 1
| #define HAVE_NETINET_UDP_H 1
| #define HAVE_LINUX_MQUEUE_H 1
| #define HAVE_LINUX_NETFILTER_ARP_ARP_TABLES_H 1
| #define HAVE_LINUX_NETFILTER_BRIDGE_EBTABLES_H 1
| #define HAVE_LINUX_NETFILTER_IPV4_IP_TABLES_H 1
| #define HAVE_LINUX_NETFILTER_IPV6_IP6_TABLES_H 1
| #define HAVE_LINUX_INPUT_H 1
| #define HAVE_STRUCT_INPUT_ABSINFO_RESOLUTION 1
| #define HAVE_LINUX_BPF_H 1
| #define HAVE_UNION_BPF_ATTR_LOG_BUF 1
| #define HAVE_UNION_BPF_ATTR_BPF_FD 1
| #define HAVE_UNION_BPF_ATTR_ATTACH_FLAGS 1
| #define HAVE_STRUCT_STATFS 1
| #define HAVE_STRUCT_STATFS_F_FRSIZE 1
| #define HAVE_STRUCT_STATFS_F_FLAGS 1
| #define HAVE_STRUCT_STATFS_F_FSID_VAL 1
| #define HAVE_STRUCT_STATFS64 1
| #define HAVE_STRUCT_STATFS64_F_FRSIZE 1
| #define HAVE_STRUCT_STATFS64_F_FLAGS 1
| #define HAVE_STRUCT_STATFS64_F_FSID_VAL 1
| #define HAVE_STRUCT_BLK_USER_TRACE_SETUP 1
| #define HAVE_LINUX_BTRFS_H 1
| #define HAVE_STRUCT_BTRFS_IOCTL_FEATURE_FLAGS_COMPAT_FLAGS 1
| #define HAVE_STRUCT_BTRFS_IOCTL_FS_INFO_ARGS_NODESIZE 1
| #define HAVE_STRUCT_BTRFS_IOCTL_DEFRAG_RANGE_ARGS_START 1
| #define HAVE_STRUCT_BTRFS_IOCTL_SEARCH_ARGS_V2_BUF_SIZE 1
| #define HAVE_DECL_BTRFS_COMPRESS_NONE 0
| #define HAVE_DECL_BTRFS_COMPRESS_ZLIB 0
| #define HAVE_DECL_BTRFS_COMPRESS_LZO 0
| #define HAVE_DECL_SYS_ERRLIST 0
| #define HAVE_DECL_PTRACE_PEEKUSER 1
| #define HAVE_DECL_PTRACE_POKEUSER 1
| #define HAVE_DECL_P_PID 1
| #define HAVE_DECL_P_PPID 0
| #define HAVE_DECL_P_PGID 1
| #define HAVE_DECL_P_SID 0
| #define HAVE_DECL_P_CID 0
| #define HAVE_DECL_P_UID 0
| /* end confdefs.h.  */
| #include <sys/wait.h>
| 
| int
| main (void)
| {
| #ifndef P_GID
| #ifdef __cplusplus
|   (void) P_GID;
| #else
|   (void) P_GID;
| #endif
| #endif
| 
|   ;
|   return 0;
| }
configure:12314: result: no
configure:12324: checking whether P_ALL is declared
configure:12324: gcc -c -std=gnu17 -O2 -g   conftest.c >&5
configure:12324: $? = 0
configure:12324: result: yes
configure:12334: checking whether P_LWPID is declared
configure:12334: gcc -c -std=gnu17 -O2 -g   conftest.c >&5
conftest.c: In function 'main':
conftest.c:185:10: error: 'P_LWPID' undeclared (first use in this function); did you mean 'P_PID'?
  185 |   (void) P_LWPID;
      |          ^~~~~~~
      |          P_PID
conftest.c:185:10: note: each undeclared identifier is reported only once for each function it appears in
configure:12334: $? = 1
configure: failed program was:
| /* confdefs.h */
| #define PACKAGE_NAME "strace"
| #define PACKAGE_TARNAME "strace"
| #define PACKAGE_VERSION "UNKNOWN"
| #define PACKAGE_STRING "strace UNKNOWN"
| #define PACKAGE_BUGREPORT "strace-devel@lists.sourceforge.net"
| #define PACKAGE_URL "https://strace.io"
| #define PACKAGE "strace"
| #define VERSION "UNKNOWN"
| #define HAVE_STDIO_H 1
| #define HAVE_STDLIB_H 1
| #define HAVE_STRING_H 1
| #define HAVE_INTTYPES_H 1
| #define HAVE_STDINT_H 1
| #define HAVE_STRINGS_H 1
| #define HAVE_SYS_STAT_H 1
| #define HAVE_SYS_TYPES_H 1
| #define HAVE_UNISTD_H 1
| #define HAVE_WCHAR_H 1
| #define STDC_HEADERS 1
| #define _ALL_SOURCE 1
| #define _COSMO_SOURCE 1
| #define _DARWIN_C_SOURCE 1
| #define _GNU_SOURCE 1
| #define _HPUX_ALT_XOPEN_SOCKET_API 1
| #define _NETBSD_SOURCE 1
| #define _OPENBSD_SOURCE 1
| #define _POSIX_PTHREAD_SEMANTICS 1
| #define __STDC_WANT_IEC_60559_ATTRIBS_EXT__ 1
| #define __STDC_WANT_IEC_60559_BFP_EXT__ 1
| #define __STDC_WANT_IEC_60559_DFP_EXT__ 1
| #define __STDC_WANT_IEC_60559_EXT__ 1
| #define __STDC_WANT_IEC_60559_FUNCS_EXT__ 1
| #define __STDC_WANT_IEC_60559_TYPES_EXT__ 1
| #define __STDC_WANT_LIB_EXT2__ 1
| #define __STDC_WANT_MATH_SPEC_FUNCS__ 1
| #define _TANDEM_SOURCE 1
| #define __EXTENSIONS__ 1
| #define X86_64 1
| #define ENABLE_ARM_OABI 0
| #define HAVE_TYPEOF 1
| #define HAVE_ACCEPT4 1
| #define HAVE_FALLOCATE 1
| #define HAVE_FANOTIFY_MARK 1
| #define HAVE_FOPEN64 1
| #define HAVE_FORK 1
| #define HAVE_FPUTS_UNLOCKED 1
| #define HAVE_FSTATAT 1
| #define HAVE_FTRUNCATE 1
| #define HAVE_FUTIMENS 1
| #define HAVE_IF_INDEXTONAME 1
| #define HAVE_OPEN64 1
| #define HAVE_PRCTL 1
| #define HAVE_PREADV 1
| #define HAVE_PROCESS_VM_READV 1
| #define HAVE_PWRITEV 1
| #define HAVE_READAHEAD 1
| #define HAVE_SIGNALFD 1
| #define HAVE_STPCPY 1
| #define HAVE_STRERROR 1
| #define HAVE_STRSIGNAL 1
| #define HAVE_SYNC_FILE_RANGE 1
| #define HAVE_UTIMENSAT 1
| #define HAVE_SIG_ATOMIC_T 1
| #define HAVE_STRUCT_SIGCONTEXT 1
| #define HAVE_STRUCT_MMSGHDR 1
| #define HAVE___KERNEL_LONG_T 1
| #define HAVE___KERNEL_ULONG_T 1
| #define HAVE_STRUCT___OLD_KERNEL_STAT 1
| #define HAVE_STRUCT_USER_DESC 1
| #define HAVE_STRUCT_STAT_ST_MTIME_NSEC 1
| #define HAVE_STRUCT_FLOCK 1
| #define HAVE_STRUCT_FLOCK64 1
| #define HAVE_STRUCT_TIMEX_TAI 1
| #define HAVE_STRUCT_UTSNAME_DOMAINNAME 1
| #define HAVE_SIGINFO_T_SI_SYSCALL 1
| #define HAVE_SIGINFO_T_SI_TIMERID 1
| #define HAVE_SIGINFO_T_SI_OVERRUN 1
| #define HAVE_STRUCT_PERF_EVENT_ATTR_PRECISE_IP 1
| #define HAVE_STRUCT_PERF_EVENT_ATTR_MMAP_DATA 1
| #define HAVE_STRUCT_PERF_EVENT_ATTR_SAMPLE_ID_ALL 1
| #define HAVE_STRUCT_PERF_EVENT_ATTR_EXCLUDE_HOST 1
| #define HAVE_STRUCT_PERF_EVENT_ATTR_EXCLUDE_GUEST 1
| #define HAVE_STRUCT_PERF_EVENT_ATTR_EXCLUDE_CALLCHAIN_KERNEL 1
| #define HAVE_STRUCT_PERF_EVENT_ATTR_EXCLUDE_CALLCHAIN_USER 1
| #define HAVE_STRUCT_PERF_EVENT_ATTR_MMAP2 1
| #define HAVE_STRUCT_PERF_EVENT_ATTR_COMM_EXEC 1
| #define HAVE_STRUCT_PERF_EVENT_ATTR_USE_CLOCKID 1
| #define HAVE_STRUCT_PERF_EVENT_ATTR_CONTEXT_SWITCH 1
| #define HAVE_STRUCT_PERF_EVENT_ATTR_WRITE_BACKWARD 1
| #define HAVE_STRUCT_PERF_EVENT_ATTR_BP_TYPE 1
| #define HAVE_STRUCT_PERF_EVENT_ATTR_CONFIG1 1
| #define HAVE_STRUCT_PERF_EVENT_ATTR_CONFIG2 1
| #define HAVE_STRUCT_PERF_EVENT_ATTR_BRANCH_SAMPLE_TYPE 1
| #define HAVE_STRUCT_PERF_EVENT_ATTR_SAMPLE_REGS_USER 1
| #define HAVE_STRUCT_PERF_EVENT_ATTR_SAMPLE_STACK_USER 1
| #define HAVE_STRUCT_PERF_EVENT_ATTR_SAMPLE_REGS_INTR 1
| #define HAVE_STRUCT_PERF_EVENT_ATTR_AUX_WATERMARK 1
| #define HAVE_STRUCT_PERF_EVENT_ATTR_SAMPLE_MAX_STACK 1
| #define HAVE_ELF_H 1
| #define HAVE_INTTYPES_H 1
| #define HAVE_LINUX_BSG_H 1
| #define HAVE_LINUX_DM_IOCTL_H 1
| #define HAVE_LINUX_DQBLK_XFS_H 1
| #define HAVE_LINUX_FALLOC_H 1
| #define HAVE_LINUX_FIEMAP_H 1
| #define HAVE_LINUX_FILTER_H 1
| #define HAVE_LINUX_HIDDEV_H 1
| #define HAVE_LINUX_IP_VS_H 1
| #define HAVE_LINUX_IPC_H 1
| #define HAVE_LINUX_MMTIMER_H 1
| #define HAVE_LINUX_MSG_H 1
| #define HAVE_LINUX_PERF_EVENT_H 1
| #define HAVE_LINUX_QUOTA_H 1
| #define HAVE_LINUX_SECCOMP_H 1
| #define HAVE_LINUX_SECUREBITS_H 1
| #define HAVE_LINUX_SEM_H 1
| #define HAVE_LINUX_SHM_H 1
| #define HAVE_LINUX_USERFAULTFD_H 1
| #define HAVE_LINUX_UTSNAME_H 1
| #define HAVE_MQUEUE_H 1
| #define HAVE_NETIPX_IPX_H 1
| #define HAVE_SCSI_SG_H 1
| #define HAVE_SYS_EVENTFD_H 1
| #define HAVE_SYS_FANOTIFY_H 1
| #define HAVE_SYS_IPC_H 1
| #define HAVE_SYS_MSG_H 1
| #define HAVE_SYS_QUOTA_H 1
| #define HAVE_SYS_REG_H 1
| #define HAVE_SYS_SEM_H 1
| #define HAVE_SYS_SHM_H 1
| #define HAVE_SYS_SIGNALFD_H 1
| #define HAVE_SYS_XATTR_H 1
| #define HAVE_NETINET_TCP_H 1
| #define HAVE_NETINET_UDP_H 1
| #define HAVE_LINUX_MQUEUE_H 1
| #define HAVE_LINUX_NETFILTER_ARP_ARP_TABLES_H 1
| #define HAVE_LINUX_NETFILTER_BRIDGE_EBTABLES_H 1
| #define HAVE_LINUX_NETFILTER_IPV4_IP_TABLES_H 1
| #define HAVE_LINUX_NETFILTER_IPV6_IP6_TABLES_H 1
| #define HAVE_LINUX_INPUT_H 1
| #define HAVE_STRUCT_INPUT_ABSINFO_RESOLUTION 1
| #define HAVE_LINUX_BPF_H 1
| #define HAVE_UNION_BPF_ATTR_LOG_BUF 1
| #define HAVE_UNION_BPF_ATTR_BPF_FD 1
| #define HAVE_UNION_BPF_ATTR_ATTACH_FLAGS 1
| #define HAVE_STRUCT_STATFS 1
| #define HAVE_STRUCT_STATFS_F_FRSIZE 1
| #define HAVE_STRUCT_STATFS_F_FLAGS 1
| #define HAVE_STRUCT_STATFS_F_FSID_VAL 1
| #define HAVE_STRUCT_STATFS64 1
| #define HAVE_STRUCT_STATFS64_F_FRSIZE 1
| #define HAVE_STRUCT_STATFS64_F_FLAGS 1
| #define HAVE_STRUCT_STATFS64_F_FSID_VAL 1
| #define HAVE_STRUCT_BLK_USER_TRACE_SETUP 1
| #define HAVE_LINUX_BTRFS_H 1
| #define HAVE_STRUCT_BTRFS_IOCTL_FEATURE_FLAGS_COMPAT_FLAGS 1
| #define HAVE_STRUCT_BTRFS_IOCTL_FS_INFO_ARGS_NODESIZE 1
| #define HAVE_STRUCT_BTRFS_IOCTL_DEFRAG_RANGE_ARGS_START 1
| #define HAVE_STRUCT_BTRFS_IOCTL_SEARCH_ARGS_V2_BUF_SIZE 1
| #define HAVE_DECL_BTRFS_COMPRESS_NONE 0
| #define HAVE_DECL_BTRFS_COMPRESS_ZLIB 0
| #define HAVE_DECL_BTRFS_COMPRESS_LZO 0
| #define HAVE_DECL_SYS_ERRLIST 0
| #define HAVE_DECL_PTRACE_PEEKUSER 1
| #define HAVE_DECL_PTRACE_POKEUSER 1
| #define HAVE_DECL_P_PID 1
| #define HAVE_DECL_P_PPID 0
| #define HAVE_DECL_P_PGID 1
| #define HAVE_DECL_P_SID 0
| #define HAVE_DECL_P_CID 0
| #define HAVE_DECL_P_UID 0
| #define HAVE_DECL_P_GID 0
| #define HAVE_DECL_P_ALL 1
| /* end confdefs.h.  */
| #include <sys/wait.h>
| 
| int
| main (void)
| {
| #ifndef P_LWPID
| #ifdef __cplusplus
|   (void) P_LWPID;
| #else
|   (void) P_LWPID;
| #endif
| #endif
| 
|   ;
|   return 0;
| }
configure:12334: result: no
configure:12346: checking whether LO_FLAGS_READ_ONLY is declared
configure:12346: gcc -c -std=gnu17 -O2 -g   conftest.c >&5
configure:12346: $? = 0
configure:12346: result: yes
configure:12356: checking whether LO_FLAGS_USE_AOPS is declared
configure:12356: gcc -c -std=gnu17 -O2 -g   conftest.c >&5
conftest.c: In function 'main':
conftest.c:187:10: error: 'LO_FLAGS_USE_AOPS' undeclared (first use in this function)
  187 |   (void) LO_FLAGS_USE_AOPS;
      |          ^~~~~~~~~~~~~~~~~
conftest.c:187:10: note: each undeclared identifier is reported only once for each function it appears in
configure:12356: $? = 1
configure: failed program was:
| /* confdefs.h */
| #define PACKAGE_NAME "strace"
| #define PACKAGE_TARNAME "strace"
| #define PACKAGE_VERSION "UNKNOWN"
| #define PACKAGE_STRING "strace UNKNOWN"
| #define PACKAGE_BUGREPORT "strace-devel@lists.sourceforge.net"
| #define PACKAGE_URL "https://strace.io"
| #define PACKAGE "strace"
| #define VERSION "UNKNOWN"
| #define HAVE_STDIO_H 1
| #define HAVE_STDLIB_H 1
| #define HAVE_STRING_H 1
| #define HAVE_INTTYPES_H 1
| #define HAVE_STDINT_H 1
| #define HAVE_STRINGS_H 1
| #define HAVE_SYS_STAT_H 1
| #define HAVE_SYS_TYPES_H 1
| #define HAVE_UNISTD_H 1
| #define HAVE_WCHAR_H 1
| #define STDC_HEADERS 1
| #define _ALL_SOURCE 1
| #define _COSMO_SOURCE 1
| #define _DARWIN_C_SOURCE 1
| #define _GNU_SOURCE 1
| #define _HPUX_ALT_XOPEN_SOCKET_API 1
| #define _NETBSD_SOURCE 1
| #define _OPENBSD_SOURCE 1
| #define _POSIX_PTHREAD_SEMANTICS 1
| #define __STDC_WANT_IEC_60559_ATTRIBS_EXT__ 1
| #define __STDC_WANT_IEC_60559_BFP_EXT__ 1
| #define __STDC_WANT_IEC_60559_DFP_EXT__ 1
| #define __STDC_WANT_IEC_60559_EXT__ 1
| #define __STDC_WANT_IEC_60559_FUNCS_EXT__ 1
| #define __STDC_WANT_IEC_60559_TYPES_EXT__ 1
| #define __STDC_WANT_LIB_EXT2__ 1
| #define __STDC_WANT_MATH_SPEC_FUNCS__ 1
| #define _TANDEM_SOURCE 1
| #define __EXTENSIONS__ 1
| #define X86_64 1
| #define ENABLE_ARM_OABI 0
| #define HAVE_TYPEOF 1
| #define HAVE_ACCEPT4 1
| #define HAVE_FALLOCATE 1
| #define HAVE_FANOTIFY_MARK 1
| #define HAVE_FOPEN64 1
| #define HAVE_FORK 1
| #define HAVE_FPUTS_UNLOCKED 1
| #define HAVE_FSTATAT 1
| #define HAVE_FTRUNCATE 1
| #define HAVE_FUTIMENS 1
| #define HAVE_IF_INDEXTONAME 1
| #define HAVE_OPEN64 1
| #define HAVE_PRCTL 1
| #define HAVE_PREADV 1
| #define HAVE_PROCESS_VM_READV 1
| #define HAVE_PWRITEV 1
| #define HAVE_READAHEAD 1
| #define HAVE_SIGNALFD 1
| #define HAVE_STPCPY 1
| #define HAVE_STRERROR 1
| #define HAVE_STRSIGNAL 1
| #define HAVE_SYNC_FILE_RANGE 1
| #define HAVE_UTIMENSAT 1
| #define HAVE_SIG_ATOMIC_T 1
| #define HAVE_STRUCT_SIGCONTEXT 1
| #define HAVE_STRUCT_MMSGHDR 1
| #define HAVE___KERNEL_LONG_T 1
| #define HAVE___KERNEL_ULONG_T 1
| #define HAVE_STRUCT___OLD_KERNEL_STAT 1
| #define HAVE_STRUCT_USER_DESC 1
| #define HAVE_STRUCT_STAT_ST_MTIME_NSEC 1
| #define HAVE_STRUCT_FLOCK 1
| #define HAVE_STRUCT_FLOCK64 1
| #define HAVE_STRUCT_TIMEX_TAI 1
| #define HAVE_STRUCT_UTSNAME_DOMAINNAME 1
| #define HAVE_SIGINFO_T_SI_SYSCALL 1
| #define HAVE_SIGINFO_T_SI_TIMERID 1
| #define HAVE_SIGINFO_T_SI_OVERRUN 1
| #define HAVE_STRUCT_PERF_EVENT_ATTR_PRECISE_IP 1
| #define HAVE_STRUCT_PERF_EVENT_ATTR_MMAP_DATA 1
| #define HAVE_STRUCT_PERF_EVENT_ATTR_SAMPLE_ID_ALL 1
| #define HAVE_STRUCT_PERF_EVENT_ATTR_EXCLUDE_HOST 1
| #define HAVE_STRUCT_PERF_EVENT_ATTR_EXCLUDE_GUEST 1
| #define HAVE_STRUCT_PERF_EVENT_ATTR_EXCLUDE_CALLCHAIN_KERNEL 1
| #define HAVE_STRUCT_PERF_EVENT_ATTR_EXCLUDE_CALLCHAIN_USER 1
| #define HAVE_STRUCT_PERF_EVENT_ATTR_MMAP2 1
| #define HAVE_STRUCT_PERF_EVENT_ATTR_COMM_EXEC 1
| #define HAVE_STRUCT_PERF_EVENT_ATTR_USE_CLOCKID 1
| #define HAVE_STRUCT_PERF_EVENT_ATTR_CONTEXT_SWITCH 1
| #define HAVE_STRUCT_PERF_EVENT_ATTR_WRITE_BACKWARD 1
| #define HAVE_STRUCT_PERF_EVENT_ATTR_BP_TYPE 1
| #define HAVE_STRUCT_PERF_EVENT_ATTR_CONFIG1 1
| #define HAVE_STRUCT_PERF_EVENT_ATTR_CONFIG2 1
| #define HAVE_STRUCT_PERF_EVENT_ATTR_BRANCH_SAMPLE_TYPE 1
| #define HAVE_STRUCT_PERF_EVENT_ATTR_SAMPLE_REGS_USER 1
| #define HAVE_STRUCT_PERF_EVENT_ATTR_SAMPLE_STACK_USER 1
| #define HAVE_STRUCT_PERF_EVENT_ATTR_SAMPLE_REGS_INTR 1
| #define HAVE_STRUCT_PERF_EVENT_ATTR_AUX_WATERMARK 1
| #define HAVE_STRUCT_PERF_EVENT_ATTR_SAMPLE_MAX_STACK 1
| #define HAVE_ELF_H 1
| #define HAVE_INTTYPES_H 1
| #define HAVE_LINUX_BSG_H 1
| #define HAVE_LINUX_DM_IOCTL_H 1
| #define HAVE_LINUX_DQBLK_XFS_H 1
| #define HAVE_LINUX_FALLOC_H 1
| #define HAVE_LINUX_FIEMAP_H 1
| #define HAVE_LINUX_FILTER_H 1
| #define HAVE_LINUX_HIDDEV_H 1
| #define HAVE_LINUX_IP_VS_H 1
| #define HAVE_LINUX_IPC_H 1
| #define HAVE_LINUX_MMTIMER_H 1
| #define HAVE_LINUX_MSG_H 1
| #define HAVE_LINUX_PERF_EVENT_H 1
| #define HAVE_LINUX_QUOTA_H 1
| #define HAVE_LINUX_SECCOMP_H 1
| #define HAVE_LINUX_SECUREBITS_H 1
| #define HAVE_LINUX_SEM_H 1
| #define HAVE_LINUX_SHM_H 1
| #define HAVE_LINUX_USERFAULTFD_H 1
| #define HAVE_LINUX_UTSNAME_H 1
| #define HAVE_MQUEUE_H 1
| #define HAVE_NETIPX_IPX_H 1
| #define HAVE_SCSI_SG_H 1
| #define HAVE_SYS_EVENTFD_H 1
| #define HAVE_SYS_FANOTIFY_H 1
| #define HAVE_SYS_IPC_H 1
| #define HAVE_SYS_MSG_H 1
| #define HAVE_SYS_QUOTA_H 1
| #define HAVE_SYS_REG_H 1
| #define HAVE_SYS_SEM_H 1
| #define HAVE_SYS_SHM_H 1
| #define HAVE_SYS_SIGNALFD_H 1
| #define HAVE_SYS_XATTR_H 1
| #define HAVE_NETINET_TCP_H 1
| #define HAVE_NETINET_UDP_H 1
| #define HAVE_LINUX_MQUEUE_H 1
| #define HAVE_LINUX_NETFILTER_ARP_ARP_TABLES_H 1
| #define HAVE_LINUX_NETFILTER_BRIDGE_EBTABLES_H 1
| #define HAVE_LINUX_NETFILTER_IPV4_IP_TABLES_H 1
| #define HAVE_LINUX_NETFILTER_IPV6_IP6_TABLES_H 1
| #define HAVE_LINUX_INPUT_H 1
| #define HAVE_STRUCT_INPUT_ABSINFO_RESOLUTION 1
| #define HAVE_LINUX_BPF_H 1
| #define HAVE_UNION_BPF_ATTR_LOG_BUF 1
| #define HAVE_UNION_BPF_ATTR_BPF_FD 1
| #define HAVE_UNION_BPF_ATTR_ATTACH_FLAGS 1
| #define HAVE_STRUCT_STATFS 1
| #define HAVE_STRUCT_STATFS_F_FRSIZE 1
| #define HAVE_STRUCT_STATFS_F_FLAGS 1
| #define HAVE_STRUCT_STATFS_F_FSID_VAL 1
| #define HAVE_STRUCT_STATFS64 1
| #define HAVE_STRUCT_STATFS64_F_FRSIZE 1
| #define HAVE_STRUCT_STATFS64_F_FLAGS 1
| #define HAVE_STRUCT_STATFS64_F_FSID_VAL 1
| #define HAVE_STRUCT_BLK_USER_TRACE_SETUP 1
| #define HAVE_LINUX_BTRFS_H 1
| #define HAVE_STRUCT_BTRFS_IOCTL_FEATURE_FLAGS_COMPAT_FLAGS 1
| #define HAVE_STRUCT_BTRFS_IOCTL_FS_INFO_ARGS_NODESIZE 1
| #define HAVE_STRUCT_BTRFS_IOCTL_DEFRAG_RANGE_ARGS_START 1
| #define HAVE_STRUCT_BTRFS_IOCTL_SEARCH_ARGS_V2_BUF_SIZE 1
| #define HAVE_DECL_BTRFS_COMPRESS_NONE 0
| #define HAVE_DECL_BTRFS_COMPRESS_ZLIB 0
| #define HAVE_DECL_BTRFS_COMPRESS_LZO 0
| #define HAVE_DECL_SYS_ERRLIST 0
| #define HAVE_DECL_PTRACE_PEEKUSER 1
| #define HAVE_DECL_PTRACE_POKEUSER 1
| #define HAVE_DECL_P_PID 1
| #define HAVE_DECL_P_PPID 0
| #define HAVE_DECL_P_PGID 1
| #define HAVE_DECL_P_SID 0
| #define HAVE_DECL_P_CID 0
| #define HAVE_DECL_P_UID 0
| #define HAVE_DECL_P_GID 0
| #define HAVE_DECL_P_ALL 1
| #define HAVE_DECL_P_LWPID 0
| #define HAVE_DECL_LO_FLAGS_READ_ONLY 1
| /* end confdefs.h.  */
| #include <linux/loop.h>
| 
| int
| main (void)
| {
| #ifndef LO_FLAGS_USE_AOPS
| #ifdef __cplusplus
|   (void) LO_FLAGS_USE_AOPS;
| #else
|   (void) LO_FLAGS_USE_AOPS;
| #endif
| #endif
| 
|   ;
|   return 0;
| }
configure:12356: result: no
configure:12366: checking whether LO_FLAGS_AUTOCLEAR is declared
configure:12366: gcc -c -std=gnu17 -O2 -g   conftest.c >&5
configure:12366: $? = 0
configure:12366: result: yes
configure:12376: checking whether LO_FLAGS_PARTSCAN is declared
configure:12376: gcc -c -std=gnu17 -O2 -g   conftest.c >&5
configure:12376: $? = 0
configure:12376: result: yes
configure:12386: checking whether LO_FLAGS_DIRECT_IO is declared
configure:12386: gcc -c -std=gnu17 -O2 -g   conftest.c >&5
configure:12386: $? = 0
configure:12386: result: yes
configure:12398: checking whether CTL_PROC is declared
configure:12398: gcc -c -std=gnu17 -O2 -g   conftest.c >&5
configure:12398: $? = 0
configure:12398: result: yes
configure:12409: checking whether CTL_ARLAN is declared
configure:12409: gcc -c -std=gnu17 -O2 -g   conftest.c >&5
configure:12409: $? = 0
configure:12409: result: yes
configure:12420: checking whether CTL_S390DBF is declared
configure:12420: gcc -c -std=gnu17 -O2 -g   conftest.c >&5
configure:12420: $? = 0
configure:12420: result: yes
configure:12431: checking whether CTL_SUNRPC is declared
configure:12431: gcc -c -std=gnu17 -O2 -g   conftest.c >&5
configure:12431: $? = 0
configure:12431: result: yes
configure:12442: checking whether CTL_PM is declared
configure:12442: gcc -c -std=gnu17 -O2 -g   conftest.c >&5
configure:12442: $? = 0
configure:12442: result: yes
configure:12453: checking whether CTL_FRV is declared
configure:12453: gcc -c -std=gnu17 -O2 -g   conftest.c >&5
configure:12453: $? = 0
configure:12453: result: yes
configure:12464: checking whether KERN_PRINTK_RATELIMIT is declared
configure:12464: gcc -c -std=gnu17 -O2 -g   conftest.c >&5
configure:12464: $? = 0
configure:12464: result: yes
configure:12475: checking whether KERN_PRINTK_RATELIMIT_BURST is declared
configure:12475: gcc -c -std=gnu17 -O2 -g   conftest.c >&5
configure:12475: $? = 0
configure:12475: result: yes
configure:12486: checking whether KERN_PTY is declared
configure:12486: gcc -c -std=gnu17 -O2 -g   conftest.c >&5
configure:12486: $? = 0
configure:12486: result: yes
configure:12497: checking whether KERN_NGROUPS_MAX is declared
configure:12497: gcc -c -std=gnu17 -O2 -g   conftest.c >&5
configure:12497: $? = 0
configure:12497: result: yes
configure:12508: checking whether KERN_SPARC_SCONS_PWROFF is declared
configure:12508: gcc -c -std=gnu17 -O2 -g   conftest.c >&5
configure:12508: $? = 0
configure:12508: result: yes
configure:12519: checking whether KERN_HZ_TIMER is declared
configure:12519: gcc -c -std=gnu17 -O2 -g   conftest.c >&5
configure:12519: $? = 0
configure:12519: result: yes
configure:12530: checking whether KERN_UNKNOWN_NMI_PANIC is declared
configure:12530: gcc -c -std=gnu17 -O2 -g   conftest.c >&5
configure:12530: $? = 0
configure:12530: result: yes
configure:12541: checking whether KERN_BOOTLOADER_TYPE is declared
configure:12541: gcc -c -std=gnu17 -O2 -g   conftest.c >&5
configure:12541: $? = 0
configure:12541: result: yes
configure:12552: checking whether KERN_RANDOMIZE is declared
configure:12552: gcc -c -std=gnu17 -O2 -g   conftest.c >&5
configure:12552: $? = 0
configure:12552: result: yes
configure:12563: checking whether KERN_SETUID_DUMPABLE is declared
configure:12563: gcc -c -std=gnu17 -O2 -g   conftest.c >&5
configure:12563: $? = 0
configure:12563: result: yes
configure:12574: checking whether KERN_SPIN_RETRY is declared
configure:12574: gcc -c -std=gnu17 -O2 -g   conftest.c >&5
configure:12574: $? = 0
configure:12574: result: yes
configure:12585: checking whether KERN_ACPI_VIDEO_FLAGS is declared
configure:12585: gcc -c -std=gnu17 -O2 -g   conftest.c >&5
configure:12585: $? = 0
configure:12585: result: yes
configure:12596: checking whether KERN_IA64_UNALIGNED is declared
configure:12596: gcc -c -std=gnu17 -O2 -g   conftest.c >&5
configure:12596: $? = 0
configure:12596: result: yes
configure:12607: checking whether KERN_COMPAT_LOG is declared
configure:12607: gcc -c -std=gnu17 -O2 -g   conftest.c >&5
configure:12607: $? = 0
configure:12607: result: yes
configure:12618: checking whether KERN_MAX_LOCK_DEPTH is declared
configure:12618: gcc -c -std=gnu17 -O2 -g   conftest.c >&5
configure:12618: $? = 0
configure:12618: result: yes
configure:12629: checking whether KERN_NMI_WATCHDOG is declared
configure:12629: gcc -c -std=gnu17 -O2 -g   conftest.c >&5
configure:12629: $? = 0
configure:12629: result: yes
configure:12640: checking whether KERN_PANIC_ON_NMI is declared
configure:12640: gcc -c -std=gnu17 -O2 -g   conftest.c >&5
configure:12640: $? = 0
configure:12640: result: yes
configure:12651: checking whether NET_LLC is declared
configure:12651: gcc -c -std=gnu17 -O2 -g   conftest.c >&5
configure:12651: $? = 0
configure:12651: result: yes
configure:12662: checking whether NET_NETFILTER is declared
configure:12662: gcc -c -std=gnu17 -O2 -g   conftest.c >&5
configure:12662: $? = 0
configure:12662: result: yes
configure:12673: checking whether NET_DCCP is declared
configure:12673: gcc -c -std=gnu17 -O2 -g   conftest.c >&5
configure:12673: $? = 0
configure:12673: result: yes
configure:12684: checking whether NET_IRDA is declared
configure:12684: gcc -c -std=gnu17 -O2 -g   conftest.c >&5
configure:12684: $? = 0
configure:12684: result: yes
configure:12695: checking whether NET_CORE_DESTROY_DELAY is declared
configure:12695: gcc -c -std=gnu17 -O2 -g   conftest.c >&5
conftest.c: In function 'main':
conftest.c:219:10: error: 'NET_CORE_DESTROY_DELAY' undeclared (first use in this function); did you mean 'NET_UNIX_DESTROY_DELAY'?
  219 |   (void) NET_CORE_DESTROY_DELAY;
      |          ^~~~~~~~~~~~~~~~~~~~~~
      |          NET_UNIX_DESTROY_DELAY
conftest.c:219:10: note: each undeclared identifier is reported only once for each function it appears in
configure:12695: $? = 1
configure: failed program was:
| /* confdefs.h */
| #define PACKAGE_NAME "strace"
| #define PACKAGE_TARNAME "strace"
| #define PACKAGE_VERSION "UNKNOWN"
| #define PACKAGE_STRING "strace UNKNOWN"
| #define PACKAGE_BUGREPORT "strace-devel@lists.sourceforge.net"
| #define PACKAGE_URL "https://strace.io"
| #define PACKAGE "strace"
| #define VERSION "UNKNOWN"
| #define HAVE_STDIO_H 1
| #define HAVE_STDLIB_H 1
| #define HAVE_STRING_H 1
| #define HAVE_INTTYPES_H 1
| #define HAVE_STDINT_H 1
| #define HAVE_STRINGS_H 1
| #define HAVE_SYS_STAT_H 1
| #define HAVE_SYS_TYPES_H 1
| #define HAVE_UNISTD_H 1
| #define HAVE_WCHAR_H 1
| #define STDC_HEADERS 1
| #define _ALL_SOURCE 1
| #define _COSMO_SOURCE 1
| #define _DARWIN_C_SOURCE 1
| #define _GNU_SOURCE 1
| #define _HPUX_ALT_XOPEN_SOCKET_API 1
| #define _NETBSD_SOURCE 1
| #define _OPENBSD_SOURCE 1
| #define _POSIX_PTHREAD_SEMANTICS 1
| #define __STDC_WANT_IEC_60559_ATTRIBS_EXT__ 1
| #define __STDC_WANT_IEC_60559_BFP_EXT__ 1
| #define __STDC_WANT_IEC_60559_DFP_EXT__ 1
| #define __STDC_WANT_IEC_60559_EXT__ 1
| #define __STDC_WANT_IEC_60559_FUNCS_EXT__ 1
| #define __STDC_WANT_IEC_60559_TYPES_EXT__ 1
| #define __STDC_WANT_LIB_EXT2__ 1
| #define __STDC_WANT_MATH_SPEC_FUNCS__ 1
| #define _TANDEM_SOURCE 1
| #define __EXTENSIONS__ 1
| #define X86_64 1
| #define ENABLE_ARM_OABI 0
| #define HAVE_TYPEOF 1
| #define HAVE_ACCEPT4 1
| #define HAVE_FALLOCATE 1
| #define HAVE_FANOTIFY_MARK 1
| #define HAVE_FOPEN64 1
| #define HAVE_FORK 1
| #define HAVE_FPUTS_UNLOCKED 1
| #define HAVE_FSTATAT 1
| #define HAVE_FTRUNCATE 1
| #define HAVE_FUTIMENS 1
| #define HAVE_IF_INDEXTONAME 1
| #define HAVE_OPEN64 1
| #define HAVE_PRCTL 1
| #define HAVE_PREADV 1
| #define HAVE_PROCESS_VM_READV 1
| #define HAVE_PWRITEV 1
| #define HAVE_READAHEAD 1
| #define HAVE_SIGNALFD 1
| #define HAVE_STPCPY 1
| #define HAVE_STRERROR 1
| #define HAVE_STRSIGNAL 1
| #define HAVE_SYNC_FILE_RANGE 1
| #define HAVE_UTIMENSAT 1
| #define HAVE_SIG_ATOMIC_T 1
| #define HAVE_STRUCT_SIGCONTEXT 1
| #define HAVE_STRUCT_MMSGHDR 1
| #define HAVE___KERNEL_LONG_T 1
| #define HAVE___KERNEL_ULONG_T 1
| #define HAVE_STRUCT___OLD_KERNEL_STAT 1
| #define HAVE_STRUCT_USER_DESC 1
| #define HAVE_STRUCT_STAT_ST_MTIME_NSEC 1
| #define HAVE_STRUCT_FLOCK 1
| #define HAVE_STRUCT_FLOCK64 1
| #define HAVE_STRUCT_TIMEX_TAI 1
| #define HAVE_STRUCT_UTSNAME_DOMAINNAME 1
| #define HAVE_SIGINFO_T_SI_SYSCALL 1
| #define HAVE_SIGINFO_T_SI_TIMERID 1
| #define HAVE_SIGINFO_T_SI_OVERRUN 1
| #define HAVE_STRUCT_PERF_EVENT_ATTR_PRECISE_IP 1
| #define HAVE_STRUCT_PERF_EVENT_ATTR_MMAP_DATA 1
| #define HAVE_STRUCT_PERF_EVENT_ATTR_SAMPLE_ID_ALL 1
| #define HAVE_STRUCT_PERF_EVENT_ATTR_EXCLUDE_HOST 1
| #define HAVE_STRUCT_PERF_EVENT_ATTR_EXCLUDE_GUEST 1
| #define HAVE_STRUCT_PERF_EVENT_ATTR_EXCLUDE_CALLCHAIN_KERNEL 1
| #define HAVE_STRUCT_PERF_EVENT_ATTR_EXCLUDE_CALLCHAIN_USER 1
| #define HAVE_STRUCT_PERF_EVENT_ATTR_MMAP2 1
| #define HAVE_STRUCT_PERF_EVENT_ATTR_COMM_EXEC 1
| #define HAVE_STRUCT_PERF_EVENT_ATTR_USE_CLOCKID 1
| #define HAVE_STRUCT_PERF_EVENT_ATTR_CONTEXT_SWITCH 1
| #define HAVE_STRUCT_PERF_EVENT_ATTR_WRITE_BACKWARD 1
| #define HAVE_STRUCT_PERF_EVENT_ATTR_BP_TYPE 1
| #define HAVE_STRUCT_PERF_EVENT_ATTR_CONFIG1 1
| #define HAVE_STRUCT_PERF_EVENT_ATTR_CONFIG2 1
| #define HAVE_STRUCT_PERF_EVENT_ATTR_BRANCH_SAMPLE_TYPE 1
| #define HAVE_STRUCT_PERF_EVENT_ATTR_SAMPLE_REGS_USER 1
| #define HAVE_STRUCT_PERF_EVENT_ATTR_SAMPLE_STACK_USER 1
| #define HAVE_STRUCT_PERF_EVENT_ATTR_SAMPLE_REGS_INTR 1
| #define HAVE_STRUCT_PERF_EVENT_ATTR_AUX_WATERMARK 1
| #define HAVE_STRUCT_PERF_EVENT_ATTR_SAMPLE_MAX_STACK 1
| #define HAVE_ELF_H 1
| #define HAVE_INTTYPES_H 1
| #define HAVE_LINUX_BSG_H 1
| #define HAVE_LINUX_DM_IOCTL_H 1
| #define HAVE_LINUX_DQBLK_XFS_H 1
| #define HAVE_LINUX_FALLOC_H 1
| #define HAVE_LINUX_FIEMAP_H 1
| #define HAVE_LINUX_FILTER_H 1
| #define HAVE_LINUX_HIDDEV_H 1
| #define HAVE_LINUX_IP_VS_H 1
| #define HAVE_LINUX_IPC_H 1
| #define HAVE_LINUX_MMTIMER_H 1
| #define HAVE_LINUX_MSG_H 1
| #define HAVE_LINUX_PERF_EVENT_H 1
| #define HAVE_LINUX_QUOTA_H 1
| #define HAVE_LINUX_SECCOMP_H 1
| #define HAVE_LINUX_SECUREBITS_H 1
| #define HAVE_LINUX_SEM_H 1
| #define HAVE_LINUX_SHM_H 1
| #define HAVE_LINUX_USERFAULTFD_H 1
| #define HAVE_LINUX_UTSNAME_H 1
| #define HAVE_MQUEUE_H 1
| #define HAVE_NETIPX_IPX_H 1
| #define HAVE_SCSI_SG_H 1
| #define HAVE_SYS_EVENTFD_H 1
| #define HAVE_SYS_FANOTIFY_H 1
| #define HAVE_SYS_IPC_H 1
| #define HAVE_SYS_MSG_H 1
| #define HAVE_SYS_QUOTA_H 1
| #define HAVE_SYS_REG_H 1
| #define HAVE_SYS_SEM_H 1
| #define HAVE_SYS_SHM_H 1
| #define HAVE_SYS_SIGNALFD_H 1
| #define HAVE_SYS_XATTR_H 1
| #define HAVE_NETINET_TCP_H 1
| #define HAVE_NETINET_UDP_H 1
| #define HAVE_LINUX_MQUEUE_H 1
| #define HAVE_LINUX_NETFILTER_ARP_ARP_TABLES_H 1
| #define HAVE_LINUX_NETFILTER_BRIDGE_EBTABLES_H 1
| #define HAVE_LINUX_NETFILTER_IPV4_IP_TABLES_H 1
| #define HAVE_LINUX_NETFILTER_IPV6_IP6_TABLES_H 1
| #define HAVE_LINUX_INPUT_H 1
| #define HAVE_STRUCT_INPUT_ABSINFO_RESOLUTION 1
| #define HAVE_LINUX_BPF_H 1
| #define HAVE_UNION_BPF_ATTR_LOG_BUF 1
| #define HAVE_UNION_BPF_ATTR_BPF_FD 1
| #define HAVE_UNION_BPF_ATTR_ATTACH_FLAGS 1
| #define HAVE_STRUCT_STATFS 1
| #define HAVE_STRUCT_STATFS_F_FRSIZE 1
| #define HAVE_STRUCT_STATFS_F_FLAGS 1
| #define HAVE_STRUCT_STATFS_F_FSID_VAL 1
| #define HAVE_STRUCT_STATFS64 1
| #define HAVE_STRUCT_STATFS64_F_FRSIZE 1
| #define HAVE_STRUCT_STATFS64_F_FLAGS 1
| #define HAVE_STRUCT_STATFS64_F_FSID_VAL 1
| #define HAVE_STRUCT_BLK_USER_TRACE_SETUP 1
| #define HAVE_LINUX_BTRFS_H 1
| #define HAVE_STRUCT_BTRFS_IOCTL_FEATURE_FLAGS_COMPAT_FLAGS 1
| #define HAVE_STRUCT_BTRFS_IOCTL_FS_INFO_ARGS_NODESIZE 1
| #define HAVE_STRUCT_BTRFS_IOCTL_DEFRAG_RANGE_ARGS_START 1
| #define HAVE_STRUCT_BTRFS_IOCTL_SEARCH_ARGS_V2_BUF_SIZE 1
| #define HAVE_DECL_BTRFS_COMPRESS_NONE 0
| #define HAVE_DECL_BTRFS_COMPRESS_ZLIB 0
| #define HAVE_DECL_BTRFS_COMPRESS_LZO 0
| #define HAVE_DECL_SYS_ERRLIST 0
| #define HAVE_DECL_PTRACE_PEEKUSER 1
| #define HAVE_DECL_PTRACE_POKEUSER 1
| #define HAVE_DECL_P_PID 1
| #define HAVE_DECL_P_PPID 0
| #define HAVE_DECL_P_PGID 1
| #define HAVE_DECL_P_SID 0
| #define HAVE_DECL_P_CID 0
| #define HAVE_DECL_P_UID 0
| #define HAVE_DECL_P_GID 0
| #define HAVE_DECL_P_ALL 1
| #define HAVE_DECL_P_LWPID 0
| #define HAVE_DECL_LO_FLAGS_READ_ONLY 1
| #define HAVE_DECL_LO_FLAGS_USE_AOPS 0
| #define HAVE_DECL_LO_FLAGS_AUTOCLEAR 1
| #define HAVE_DECL_LO_FLAGS_PARTSCAN 1
| #define HAVE_DECL_LO_FLAGS_DIRECT_IO 1
| #define HAVE_DECL_CTL_PROC 1
| #define HAVE_DECL_CTL_ARLAN 1
| #define HAVE_DECL_CTL_S390DBF 1
| #define HAVE_DECL_CTL_SUNRPC 1
| #define HAVE_DECL_CTL_PM 1
| #define HAVE_DECL_CTL_FRV 1
| #define HAVE_DECL_KERN_PRINTK_RATELIMIT 1
| #define HAVE_DECL_KERN_PRINTK_RATELIMIT_BURST 1
| #define HAVE_DECL_KERN_PTY 1
| #define HAVE_DECL_KERN_NGROUPS_MAX 1
| #define HAVE_DECL_KERN_SPARC_SCONS_PWROFF 1
| #define HAVE_DECL_KERN_HZ_TIMER 1
| #define HAVE_DECL_KERN_UNKNOWN_NMI_PANIC 1
| #define HAVE_DECL_KERN_BOOTLOADER_TYPE 1
| #define HAVE_DECL_KERN_RANDOMIZE 1
| #define HAVE_DECL_KERN_SETUID_DUMPABLE 1
| #define HAVE_DECL_KERN_SPIN_RETRY 1
| #define HAVE_DECL_KERN_ACPI_VIDEO_FLAGS 1
| #define HAVE_DECL_KERN_IA64_UNALIGNED 1
| #define HAVE_DECL_KERN_COMPAT_LOG 1
| #define HAVE_DECL_KERN_MAX_LOCK_DEPTH 1
| #define HAVE_DECL_KERN_NMI_WATCHDOG 1
| #define HAVE_DECL_KERN_PANIC_ON_NMI 1
| #define HAVE_DECL_NET_LLC 1
| #define HAVE_DECL_NET_NETFILTER 1
| #define HAVE_DECL_NET_DCCP 1
| #define HAVE_DECL_NET_IRDA 1
| /* end confdefs.h.  */
| #include <sys/types.h>
| #include <linux/sysctl.h>
| 
| int
| main (void)
| {
| #ifndef NET_CORE_DESTROY_DELAY
| #ifdef __cplusplus
|   (void) NET_CORE_DESTROY_DELAY;
| #else
|   (void) NET_CORE_DESTROY_DELAY;
| #endif
| #endif
| 
|   ;
|   return 0;
| }
configure:12695: result: no
configure:12706: checking whether NET_CORE_BUDGET is declared
configure:12706: gcc -c -std=gnu17 -O2 -g   conftest.c >&5
configure:12706: $? = 0
configure:12706: result: yes
configure:12717: checking whether NET_CORE_AEVENT_ETIME is declared
configure:12717: gcc -c -std=gnu17 -O2 -g   conftest.c >&5
configure:12717: $? = 0
configure:12717: result: yes
configure:12728: checking whether NET_CORE_AEVENT_RSEQTH is declared
configure:12728: gcc -c -std=gnu17 -O2 -g   conftest.c >&5
configure:12728: $? = 0
configure:12728: result: yes
configure:12739: checking whether NET_CORE_WARNINGS is declared
configure:12739: gcc -c -std=gnu17 -O2 -g   conftest.c >&5
configure:12739: $? = 0
configure:12739: result: yes
configure:12750: checking whether NET_IPV4_IGMP_MAX_MSF is declared
configure:12750: gcc -c -std=gnu17 -O2 -g   conftest.c >&5
configure:12750: $? = 0
configure:12750: result: yes
configure:12761: checking whether NET_TCP_NO_METRICS_SAVE is declared
configure:12761: gcc -c -std=gnu17 -O2 -g   conftest.c >&5
configure:12761: $? = 0
configure:12761: result: yes
configure:12772: checking whether NET_TCP_DEFAULT_WIN_SCALE is declared
configure:12772: gcc -c -std=gnu17 -O2 -g   conftest.c >&5
configure:12772: $? = 0
configure:12772: result: yes
configure:12783: checking whether NET_TCP_MODERATE_RCVBUF is declared
configure:12783: gcc -c -std=gnu17 -O2 -g   conftest.c >&5
configure:12783: $? = 0
configure:12783: result: yes
configure:12794: checking whether NET_TCP_TSO_WIN_DIVISOR is declared
configure:12794: gcc -c -std=gnu17 -O2 -g   conftest.c >&5
configure:12794: $? = 0
configure:12794: result: yes
configure:12805: checking whether NET_TCP_BIC_BETA is declared
configure:12805: gcc -c -std=gnu17 -O2 -g   conftest.c >&5
configure:12805: $? = 0
configure:12805: result: yes
configure:12816: checking whether NET_IPV4_ICMP_ERRORS_USE_INBOUND_IFADDR is declared
configure:12816: gcc -c -std=gnu17 -O2 -g   conftest.c >&5
configure:12816: $? = 0
configure:12816: result: yes
configure:12827: checking whether NET_TCP_CONG_CONTROL is declared
configure:12827: gcc -c -std=gnu17 -O2 -g   conftest.c >&5
configure:12827: $? = 0
configure:12827: result: yes
configure:12838: checking whether NET_TCP_ABC is declared
configure:12838: gcc -c -std=gnu17 -O2 -g   conftest.c >&5
configure:12838: $? = 0
configure:12838: result: yes
configure:12849: checking whether NET_IPV4_IPFRAG_MAX_DIST is declared
configure:12849: gcc -c -std=gnu17 -O2 -g   conftest.c >&5
configure:12849: $? = 0
configure:12849: result: yes
configure:12860: checking whether NET_TCP_MTU_PROBING is declared
configure:12860: gcc -c -std=gnu17 -O2 -g   conftest.c >&5
configure:12860: $? = 0
configure:12860: result: yes
configure:12871: checking whether NET_TCP_BASE_MSS is declared
configure:12871: gcc -c -std=gnu17 -O2 -g   conftest.c >&5
configure:12871: $? = 0
configure:12871: result: yes
configure:12882: checking whether NET_IPV4_TCP_WORKAROUND_SIGNED_WINDOWS is declared
configure:12882: gcc -c -std=gnu17 -O2 -g   conftest.c >&5
configure:12882: $? = 0
configure:12882: result: yes
configure:12893: checking whether NET_TCP_DMA_COPYBREAK is declared
configure:12893: gcc -c -std=gnu17 -O2 -g   conftest.c >&5
configure:12893: $? = 0
configure:12893: result: yes
configure:12904: checking whether NET_TCP_SLOW_START_AFTER_IDLE is declared
configure:12904: gcc -c -std=gnu17 -O2 -g   conftest.c >&5
configure:12904: $? = 0
configure:12904: result: yes
configure:12915: checking whether NET_CIPSOV4_CACHE_ENABLE is declared
configure:12915: gcc -c -std=gnu17 -O2 -g   conftest.c >&5
configure:12915: $? = 0
configure:12915: result: yes
configure:12926: checking whether NET_CIPSOV4_CACHE_BUCKET_SIZE is declared
configure:12926: gcc -c -std=gnu17 -O2 -g   conftest.c >&5
configure:12926: $? = 0
configure:12926: result: yes
configure:12937: checking whether NET_CIPSOV4_RBM_OPTFMT is declared
configure:12937: gcc -c -std=gnu17 -O2 -g   conftest.c >&5
configure:12937: $? = 0
configure:12937: result: yes
configure:12948: checking whether NET_CIPSOV4_RBM_STRICTVALID is declared
configure:12948: gcc -c -std=gnu17 -O2 -g   conftest.c >&5
configure:12948: $? = 0
configure:12948: result: yes
configure:12959: checking whether NET_TCP_AVAIL_CONG_CONTROL is declared
configure:12959: gcc -c -std=gnu17 -O2 -g   conftest.c >&5
configure:12959: $? = 0
configure:12959: result: yes
configure:12970: checking whether NET_TCP_ALLOWED_CONG_CONTROL is declared
configure:12970: gcc -c -std=gnu17 -O2 -g   conftest.c >&5
configure:12970: $? = 0
configure:12970: result: yes
configure:12981: checking whether NET_TCP_MAX_SSTHRESH is declared
configure:12981: gcc -c -std=gnu17 -O2 -g   conftest.c >&5
configure:12981: $? = 0
configure:12981: result: yes
configure:12992: checking whether NET_TCP_FRTO_RESPONSE is declared
configure:12992: gcc -c -std=gnu17 -O2 -g   conftest.c >&5
configure:12992: $? = 0
configure:12992: result: yes
configure:13003: checking whether NET_IPV4_ROUTE_GC_MIN_INTERVAL_MS is declared
configure:13003: gcc -c -std=gnu17 -O2 -g   conftest.c >&5
configure:13003: $? = 0
configure:13003: result: yes
configure:13014: checking whether NET_IPV4_CONF_FORCE_IGMP_VERSION is declared
configure:13014: gcc -c -std=gnu17 -O2 -g   conftest.c >&5
configure:13014: $? = 0
configure:13014: result: yes
configure:13025: checking whether NET_IPV4_CONF_ARP_ANNOUNCE is declared
configure:13025: gcc -c -std=gnu17 -O2 -g   conftest.c >&5
configure:13025: $? = 0
configure:13025: result: yes
configure:13036: checking whether NET_IPV4_CONF_ARP_IGNORE is declared
configure:13036: gcc -c -std=gnu17 -O2 -g   conftest.c >&5
configure:13036: $? = 0
configure:13036: result: yes
configure:13047: checking whether NET_IPV4_CONF_PROMOTE_SECONDARIES is declared
configure:13047: gcc -c -std=gnu17 -O2 -g   conftest.c >&5
configure:13047: $? = 0
configure:13047: result: yes
configure:13058: checking whether NET_IPV4_CONF_ARP_ACCEPT is declared
configure:13058: gcc -c -std=gnu17 -O2 -g   conftest.c >&5
configure:13058: $? = 0
configure:13058: result: yes
configure:13069: checking whether NET_IPV4_CONF_ARP_NOTIFY is declared
configure:13069: gcc -c -std=gnu17 -O2 -g   conftest.c >&5
configure:13069: $? = 0
configure:13069: result: yes
configure:13080: checking whether NET_IPV6_MLD_MAX_MSF is declared
configure:13080: gcc -c -std=gnu17 -O2 -g   conftest.c >&5
configure:13080: $? = 0
configure:13080: result: yes
configure:13091: checking whether NET_IPV6_ROUTE_GC_MIN_INTERVAL_MS is declared
configure:13091: gcc -c -std=gnu17 -O2 -g   conftest.c >&5
configure:13091: $? = 0
configure:13091: result: yes
configure:13102: checking whether VM_MAX_MAP_COUNT is declared
configure:13102: gcc -c -std=gnu17 -O2 -g   conftest.c >&5
configure:13102: $? = 0
configure:13102: result: yes
configure:13113: checking whether VM_LAPTOP_MODE is declared
configure:13113: gcc -c -std=gnu17 -O2 -g   conftest.c >&5
configure:13113: $? = 0
configure:13113: result: yes
configure:13124: checking whether VM_BLOCK_DUMP is declared
configure:13124: gcc -c -std=gnu17 -O2 -g   conftest.c >&5
configure:13124: $? = 0
configure:13124: result: yes
configure:13135: checking whether VM_HUGETLB_GROUP is declared
configure:13135: gcc -c -std=gnu17 -O2 -g   conftest.c >&5
configure:13135: $? = 0
configure:13135: result: yes
configure:13146: checking whether VM_VFS_CACHE_PRESSURE is declared
configure:13146: gcc -c -std=gnu17 -O2 -g   conftest.c >&5
configure:13146: $? = 0
configure:13146: result: yes
configure:13157: checking whether VM_LEGACY_VA_LAYOUT is declared
configure:13157: gcc -c -std=gnu17 -O2 -g   conftest.c >&5
configure:13157: $? = 0
configure:13157: result: yes
configure:13168: checking whether VM_SWAP_TOKEN_TIMEOUT is declared
configure:13168: gcc -c -std=gnu17 -O2 -g   conftest.c >&5
configure:13168: $? = 0
configure:13168: result: yes
configure:13181: checking whether V4L2_FIELD_ANY is declared
configure:13181: gcc -c -std=gnu17 -O2 -g   conftest.c >&5
configure:13181: $? = 0
configure:13181: result: yes
configure:13194: checking whether V4L2_FIELD_NONE is declared
configure:13194: gcc -c -std=gnu17 -O2 -g   conftest.c >&5
configure:13194: $? = 0
configure:13194: result: yes
configure:13207: checking whether V4L2_FIELD_TOP is declared
configure:13207: gcc -c -std=gnu17 -O2 -g   conftest.c >&5
configure:13207: $? = 0
configure:13207: result: yes
configure:13220: checking whether V4L2_FIELD_BOTTOM is declared
configure:13220: gcc -c -std=gnu17 -O2 -g   conftest.c >&5
configure:13220: $? = 0
configure:13220: result: yes
configure:13233: checking whether V4L2_FIELD_INTERLACED is declared
configure:13233: gcc -c -std=gnu17 -O2 -g   conftest.c >&5
configure:13233: $? = 0
configure:13233: result: yes
configure:13246: checking whether V4L2_FIELD_SEQ_TB is declared
configure:13246: gcc -c -std=gnu17 -O2 -g   conftest.c >&5
configure:13246: $? = 0
configure:13246: result: yes
configure:13259: checking whether V4L2_FIELD_SEQ_BT is declared
configure:13259: gcc -c -std=gnu17 -O2 -g   conftest.c >&5
configure:13259: $? = 0
configure:13259: result: yes
configure:13272: checking whether V4L2_FIELD_ALTERNATE is declared
configure:13272: gcc -c -std=gnu17 -O2 -g   conftest.c >&5
configure:13272: $? = 0
configure:13272: result: yes
configure:13285: checking whether V4L2_FIELD_INTERLACED_TB is declared
configure:13285: gcc -c -std=gnu17 -O2 -g   conftest.c >&5
configure:13285: $? = 0
configure:13285: result: yes
configure:13298: checking whether V4L2_FIELD_INTERLACED_BT is declared
configure:13298: gcc -c -std=gnu17 -O2 -g   conftest.c >&5
configure:13298: $? = 0
configure:13298: result: yes
configure:13311: checking whether V4L2_BUF_TYPE_VIDEO_CAPTURE is declared
configure:13311: gcc -c -std=gnu17 -O2 -g   conftest.c >&5
configure:13311: $? = 0
configure:13311: result: yes
configure:13324: checking whether V4L2_BUF_TYPE_VIDEO_CAPTURE_MPLANE is declared
configure:13324: gcc -c -std=gnu17 -O2 -g   conftest.c >&5
configure:13324: $? = 0
configure:13324: result: yes
configure:13337: checking whether V4L2_BUF_TYPE_VIDEO_OUTPUT is declared
configure:13337: gcc -c -std=gnu17 -O2 -g   conftest.c >&5
configure:13337: $? = 0
configure:13337: result: yes
configure:13350: checking whether V4L2_BUF_TYPE_VIDEO_OUTPUT_MPLANE is declared
configure:13350: gcc -c -std=gnu17 -O2 -g   conftest.c >&5
configure:13350: $? = 0
configure:13350: result: yes
configure:13363: checking whether V4L2_BUF_TYPE_VIDEO_OVERLAY is declared
configure:13363: gcc -c -std=gnu17 -O2 -g   conftest.c >&5
configure:13363: $? = 0
configure:13363: result: yes
configure:13376: checking whether V4L2_BUF_TYPE_VBI_CAPTURE is declared
configure:13376: gcc -c -std=gnu17 -O2 -g   conftest.c >&5
configure:13376: $? = 0
configure:13376: result: yes
configure:13389: checking whether V4L2_BUF_TYPE_VBI_OUTPUT is declared
configure:13389: gcc -c -std=gnu17 -O2 -g   conftest.c >&5
configure:13389: $? = 0
configure:13389: result: yes
configure:13402: checking whether V4L2_BUF_TYPE_SLICED_VBI_CAPTURE is declared
configure:13402: gcc -c -std=gnu17 -O2 -g   conftest.c >&5
configure:13402: $? = 0
configure:13402: result: yes
configure:13415: checking whether V4L2_BUF_TYPE_SLICED_VBI_OUTPUT is declared
configure:13415: gcc -c -std=gnu17 -O2 -g   conftest.c >&5
configure:13415: $? = 0
configure:13415: result: yes
configure:13428: checking whether V4L2_BUF_TYPE_VIDEO_OUTPUT_OVERLAY is declared
configure:13428: gcc -c -std=gnu17 -O2 -g   conftest.c >&5
configure:13428: $? = 0
configure:13428: result: yes
configure:13441: checking whether V4L2_TUNER_RADIO is declared
configure:13441: gcc -c -std=gnu17 -O2 -g   conftest.c >&5
configure:13441: $? = 0
configure:13441: result: yes
configure:13454: checking whether V4L2_TUNER_ANALOG_TV is declared
configure:13454: gcc -c -std=gnu17 -O2 -g   conftest.c >&5
configure:13454: $? = 0
configure:13454: result: yes
configure:13467: checking whether V4L2_TUNER_DIGITAL_TV is declared
configure:13467: gcc -c -std=gnu17 -O2 -g   conftest.c >&5
configure:13467: $? = 0
configure:13467: result: yes
configure:13480: checking whether V4L2_MEMORY_MMAP is declared
configure:13480: gcc -c -std=gnu17 -O2 -g   conftest.c >&5
configure:13480: $? = 0
configure:13480: result: yes
configure:13493: checking whether V4L2_MEMORY_USERPTR is declared
configure:13493: gcc -c -std=gnu17 -O2 -g   conftest.c >&5
configure:13493: $? = 0
configure:13493: result: yes
configure:13506: checking whether V4L2_MEMORY_OVERLAY is declared
configure:13506: gcc -c -std=gnu17 -O2 -g   conftest.c >&5
configure:13506: $? = 0
configure:13506: result: yes
configure:13519: checking whether V4L2_MEMORY_DMABUF is declared
configure:13519: gcc -c -std=gnu17 -O2 -g   conftest.c >&5
configure:13519: $? = 0
configure:13519: result: yes
configure:13532: checking whether V4L2_COLORSPACE_SMPTE170M is declared
configure:13532: gcc -c -std=gnu17 -O2 -g   conftest.c >&5
configure:13532: $? = 0
configure:13532: result: yes
configure:13545: checking whether V4L2_COLORSPACE_SMPTE240M is declared
configure:13545: gcc -c -std=gnu17 -O2 -g   conftest.c >&5
configure:13545: $? = 0
configure:13545: result: yes
configure:13558: checking whether V4L2_COLORSPACE_REC709 is declared
configure:13558: gcc -c -std=gnu17 -O2 -g   conftest.c >&5
configure:13558: $? = 0
configure:13558: result: yes
configure:13571: checking whether V4L2_COLORSPACE_BT878 is declared
configure:13571: gcc -c -std=gnu17 -O2 -g   conftest.c >&5
configure:13571: $? = 0
configure:13571: result: yes
configure:13584: checking whether V4L2_COLORSPACE_470_SYSTEM_M is declared
configure:13584: gcc -c -std=gnu17 -O2 -g   conftest.c >&5
configure:13584: $? = 0
configure:13584: result: yes
configure:13597: checking whether V4L2_COLORSPACE_470_SYSTEM_BG is declared
configure:13597: gcc -c -std=gnu17 -O2 -g   conftest.c >&5
configure:13597: $? = 0
configure:13597: result: yes
configure:13610: checking whether V4L2_COLORSPACE_JPEG is declared
configure:13610: gcc -c -std=gnu17 -O2 -g   conftest.c >&5
configure:13610: $? = 0
configure:13610: result: yes
configure:13623: checking whether V4L2_COLORSPACE_SRGB is declared
configure:13623: gcc -c -std=gnu17 -O2 -g   conftest.c >&5
configure:13623: $? = 0
configure:13623: result: yes
configure:13636: checking whether V4L2_PRIORITY_UNSET is declared
configure:13636: gcc -c -std=gnu17 -O2 -g   conftest.c >&5
configure:13636: $? = 0
configure:13636: result: yes
configure:13649: checking whether V4L2_PRIORITY_BACKGROUND is declared
configure:13649: gcc -c -std=gnu17 -O2 -g   conftest.c >&5
configure:13649: $? = 0
configure:13649: result: yes
configure:13662: checking whether V4L2_PRIORITY_INTERACTIVE is declared
configure:13662: gcc -c -std=gnu17 -O2 -g   conftest.c >&5
configure:13662: $? = 0
configure:13662: result: yes
configure:13675: checking whether V4L2_PRIORITY_RECORD is declared
configure:13675: gcc -c -std=gnu17 -O2 -g   conftest.c >&5
configure:13675: $? = 0
configure:13675: result: yes
configure:13688: checking whether V4L2_FRMSIZE_TYPE_DISCRETE is declared
configure:13688: gcc -c -std=gnu17 -O2 -g   conftest.c >&5
configure:13688: $? = 0
configure:13688: result: yes
configure:13701: checking whether V4L2_FRMSIZE_TYPE_CONTINUOUS is declared
configure:13701: gcc -c -std=gnu17 -O2 -g   conftest.c >&5
configure:13701: $? = 0
configure:13701: result: yes
configure:13714: checking whether V4L2_FRMSIZE_TYPE_STEPWISE is declared
configure:13714: gcc -c -std=gnu17 -O2 -g   conftest.c >&5
configure:13714: $? = 0
configure:13714: result: yes
configure:13727: checking whether V4L2_FRMIVAL_TYPE_DISCRETE is declared
configure:13727: gcc -c -std=gnu17 -O2 -g   conftest.c >&5
configure:13727: $? = 0
configure:13727: result: yes
configure:13740: checking whether V4L2_FRMIVAL_TYPE_CONTINUOUS is declared
configure:13740: gcc -c -std=gnu17 -O2 -g   conftest.c >&5
configure:13740: $? = 0
configure:13740: result: yes
configure:13753: checking whether V4L2_FRMIVAL_TYPE_STEPWISE is declared
configure:13753: gcc -c -std=gnu17 -O2 -g   conftest.c >&5
configure:13753: $? = 0
configure:13753: result: yes
configure:13766: checking whether V4L2_CTRL_TYPE_INTEGER is declared
configure:13766: gcc -c -std=gnu17 -O2 -g   conftest.c >&5
configure:13766: $? = 0
configure:13766: result: yes
configure:13779: checking whether V4L2_CTRL_TYPE_BOOLEAN is declared
configure:13779: gcc -c -std=gnu17 -O2 -g   conftest.c >&5
configure:13779: $? = 0
configure:13779: result: yes
configure:13792: checking whether V4L2_CTRL_TYPE_MENU is declared
configure:13792: gcc -c -std=gnu17 -O2 -g   conftest.c >&5
configure:13792: $? = 0
configure:13792: result: yes
configure:13805: checking whether V4L2_CTRL_TYPE_BUTTON is declared
configure:13805: gcc -c -std=gnu17 -O2 -g   conftest.c >&5
configure:13805: $? = 0
configure:13805: result: yes
configure:13818: checking whether V4L2_CTRL_TYPE_INTEGER64 is declared
configure:13818: gcc -c -std=gnu17 -O2 -g   conftest.c >&5
configure:13818: $? = 0
configure:13818: result: yes
configure:13831: checking whether V4L2_CTRL_TYPE_CTRL_CLASS is declared
configure:13831: gcc -c -std=gnu17 -O2 -g   conftest.c >&5
configure:13831: $? = 0
configure:13831: result: yes
configure:13844: checking whether V4L2_CTRL_TYPE_STRING is declared
configure:13844: gcc -c -std=gnu17 -O2 -g   conftest.c >&5
configure:13844: $? = 0
configure:13844: result: yes
configure:13857: checking whether V4L2_CTRL_TYPE_BITMASK is declared
configure:13857: gcc -c -std=gnu17 -O2 -g   conftest.c >&5
configure:13857: $? = 0
configure:13857: result: yes
configure:13870: checking whether V4L2_CTRL_TYPE_INTEGER_MENU is declared
configure:13870: gcc -c -std=gnu17 -O2 -g   conftest.c >&5
configure:13870: $? = 0
configure:13870: result: yes
configure:13885: checking for BLKGETSIZE64
configure:13904: gcc -c -std=gnu17 -O2 -g  conftest.c >&5
configure:13904: $? = 0
configure:13919: result: yes
configure:13926: checking size of long
configure:13932: gcc -o conftest -std=gnu17 -O2 -g   conftest.c  >&5
configure:13932: $? = 0
configure:13932: ./conftest
configure:13932: $? = 0
configure:13942: result: 8
configure:13954: checking size of long long
configure:13960: gcc -o conftest -std=gnu17 -O2 -g   conftest.c  >&5
configure:13960: $? = 0
configure:13960: ./conftest
configure:13960: $? = 0
configure:13970: result: 8
configure:13982: checking size of off_t
configure:13988: gcc -o conftest -std=gnu17 -O2 -g   conftest.c  >&5
configure:13988: $? = 0
configure:13988: ./conftest
configure:13988: $? = 0
configure:13999: result: 8
configure:14011: checking size of kernel_long_t
configure:14017: gcc -o conftest -std=gnu17 -O2 -g   conftest.c  >&5
configure:14017: $? = 0
configure:14017: ./conftest
configure:14017: $? = 0
configure:14028: result: 8
configure:14040: checking size of struct i64_i32
configure:14046: gcc -o conftest -std=gnu17 -O2 -g   conftest.c  >&5
configure:14046: $? = 0
configure:14046: ./conftest
configure:14046: $? = 0
configure:14057: result: 16
configure:14066: checking for SIGRTMIN
configure:14078: result: 32
configure:14085: checking for SA_RESTORER
configure:14097: result: 0x04000000
configure:14105: checking for __builtin_popcount
configure:14122: gcc -o conftest -std=gnu17 -O2 -g   conftest.c  >&5
configure:14122: $? = 0
configure:14133: result: yes
configure:14141: checking for dladdr in -ldl
configure:14170: gcc -o conftest -std=gnu17 -O2 -g   conftest.c -ldl   >&5
configure:14170: $? = 0
configure:14182: result: yes
configure:14201: checking for perl
configure:14224: found /nix/store/nxw1xxfxkd6bm570nb6gv0g6pghp7i4c-perl-5.40.0/bin/perl
configure:14237: result: /nix/store/nxw1xxfxkd6bm570nb6gv0g6pghp7i4c-perl-5.40.0/bin/perl
configure:14274: checking for libunwind-ptrace.h
configure:14274: gcc -c -std=gnu17 -O2 -g   conftest.c >&5
conftest.c:345:10: fatal error: libunwind-ptrace.h: No such file or directory
  345 | #include <libunwind-ptrace.h>
      |          ^~~~~~~~~~~~~~~~~~~~
compilation terminated.
configure:14274: $? = 1
configure: failed program was:
| /* confdefs.h */
| #define PACKAGE_NAME "strace"
| #define PACKAGE_TARNAME "strace"
| #define PACKAGE_VERSION "UNKNOWN"
| #define PACKAGE_STRING "strace UNKNOWN"
| #define PACKAGE_BUGREPORT "strace-devel@lists.sourceforge.net"
| #define PACKAGE_URL "https://strace.io"
| #define PACKAGE "strace"
| #define VERSION "UNKNOWN"
| #define HAVE_STDIO_H 1
| #define HAVE_STDLIB_H 1
| #define HAVE_STRING_H 1
| #define HAVE_INTTYPES_H 1
| #define HAVE_STDINT_H 1
| #define HAVE_STRINGS_H 1
| #define HAVE_SYS_STAT_H 1
| #define HAVE_SYS_TYPES_H 1
| #define HAVE_UNISTD_H 1
| #define HAVE_WCHAR_H 1
| #define STDC_HEADERS 1
| #define _ALL_SOURCE 1
| #define _COSMO_SOURCE 1
| #define _DARWIN_C_SOURCE 1
| #define _GNU_SOURCE 1
| #define _HPUX_ALT_XOPEN_SOCKET_API 1
| #define _NETBSD_SOURCE 1
| #define _OPENBSD_SOURCE 1
| #define _POSIX_PTHREAD_SEMANTICS 1
| #define __STDC_WANT_IEC_60559_ATTRIBS_EXT__ 1
| #define __STDC_WANT_IEC_60559_BFP_EXT__ 1
| #define __STDC_WANT_IEC_60559_DFP_EXT__ 1
| #define __STDC_WANT_IEC_60559_EXT__ 1
| #define __STDC_WANT_IEC_60559_FUNCS_EXT__ 1
| #define __STDC_WANT_IEC_60559_TYPES_EXT__ 1
| #define __STDC_WANT_LIB_EXT2__ 1
| #define __STDC_WANT_MATH_SPEC_FUNCS__ 1
| #define _TANDEM_SOURCE 1
| #define __EXTENSIONS__ 1
| #define X86_64 1
| #define ENABLE_ARM_OABI 0
| #define HAVE_TYPEOF 1
| #define HAVE_ACCEPT4 1
| #define HAVE_FALLOCATE 1
| #define HAVE_FANOTIFY_MARK 1
| #define HAVE_FOPEN64 1
| #define HAVE_FORK 1
| #define HAVE_FPUTS_UNLOCKED 1
| #define HAVE_FSTATAT 1
| #define HAVE_FTRUNCATE 1
| #define HAVE_FUTIMENS 1
| #define HAVE_IF_INDEXTONAME 1
| #define HAVE_OPEN64 1
| #define HAVE_PRCTL 1
| #define HAVE_PREADV 1
| #define HAVE_PROCESS_VM_READV 1
| #define HAVE_PWRITEV 1
| #define HAVE_READAHEAD 1
| #define HAVE_SIGNALFD 1
| #define HAVE_STPCPY 1
| #define HAVE_STRERROR 1
| #define HAVE_STRSIGNAL 1
| #define HAVE_SYNC_FILE_RANGE 1
| #define HAVE_UTIMENSAT 1
| #define HAVE_SIG_ATOMIC_T 1
| #define HAVE_STRUCT_SIGCONTEXT 1
| #define HAVE_STRUCT_MMSGHDR 1
| #define HAVE___KERNEL_LONG_T 1
| #define HAVE___KERNEL_ULONG_T 1
| #define HAVE_STRUCT___OLD_KERNEL_STAT 1
| #define HAVE_STRUCT_USER_DESC 1
| #define HAVE_STRUCT_STAT_ST_MTIME_NSEC 1
| #define HAVE_STRUCT_FLOCK 1
| #define HAVE_STRUCT_FLOCK64 1
| #define HAVE_STRUCT_TIMEX_TAI 1
| #define HAVE_STRUCT_UTSNAME_DOMAINNAME 1
| #define HAVE_SIGINFO_T_SI_SYSCALL 1
| #define HAVE_SIGINFO_T_SI_TIMERID 1
| #define HAVE_SIGINFO_T_SI_OVERRUN 1
| #define HAVE_STRUCT_PERF_EVENT_ATTR_PRECISE_IP 1
| #define HAVE_STRUCT_PERF_EVENT_ATTR_MMAP_DATA 1
| #define HAVE_STRUCT_PERF_EVENT_ATTR_SAMPLE_ID_ALL 1
| #define HAVE_STRUCT_PERF_EVENT_ATTR_EXCLUDE_HOST 1
| #define HAVE_STRUCT_PERF_EVENT_ATTR_EXCLUDE_GUEST 1
| #define HAVE_STRUCT_PERF_EVENT_ATTR_EXCLUDE_CALLCHAIN_KERNEL 1
| #define HAVE_STRUCT_PERF_EVENT_ATTR_EXCLUDE_CALLCHAIN_USER 1
| #define HAVE_STRUCT_PERF_EVENT_ATTR_MMAP2 1
| #define HAVE_STRUCT_PERF_EVENT_ATTR_COMM_EXEC 1
| #define HAVE_STRUCT_PERF_EVENT_ATTR_USE_CLOCKID 1
| #define HAVE_STRUCT_PERF_EVENT_ATTR_CONTEXT_SWITCH 1
| #define HAVE_STRUCT_PERF_EVENT_ATTR_WRITE_BACKWARD 1
| #define HAVE_STRUCT_PERF_EVENT_ATTR_BP_TYPE 1
| #define HAVE_STRUCT_PERF_EVENT_ATTR_CONFIG1 1
| #define HAVE_STRUCT_PERF_EVENT_ATTR_CONFIG2 1
| #define HAVE_STRUCT_PERF_EVENT_ATTR_BRANCH_SAMPLE_TYPE 1
| #define HAVE_STRUCT_PERF_EVENT_ATTR_SAMPLE_REGS_USER 1
| #define HAVE_STRUCT_PERF_EVENT_ATTR_SAMPLE_STACK_USER 1
| #define HAVE_STRUCT_PERF_EVENT_ATTR_SAMPLE_REGS_INTR 1
| #define HAVE_STRUCT_PERF_EVENT_ATTR_AUX_WATERMARK 1
| #define HAVE_STRUCT_PERF_EVENT_ATTR_SAMPLE_MAX_STACK 1
| #define HAVE_ELF_H 1
| #define HAVE_INTTYPES_H 1
| #define HAVE_LINUX_BSG_H 1
| #define HAVE_LINUX_DM_IOCTL_H 1
| #define HAVE_LINUX_DQBLK_XFS_H 1
| #define HAVE_LINUX_FALLOC_H 1
| #define HAVE_LINUX_FIEMAP_H 1
| #define HAVE_LINUX_FILTER_H 1
| #define HAVE_LINUX_HIDDEV_H 1
| #define HAVE_LINUX_IP_VS_H 1
| #define HAVE_LINUX_IPC_H 1
| #define HAVE_LINUX_MMTIMER_H 1
| #define HAVE_LINUX_MSG_H 1
| #define HAVE_LINUX_PERF_EVENT_H 1
| #define HAVE_LINUX_QUOTA_H 1
| #define HAVE_LINUX_SECCOMP_H 1
| #define HAVE_LINUX_SECUREBITS_H 1
| #define HAVE_LINUX_SEM_H 1
| #define HAVE_LINUX_SHM_H 1
| #define HAVE_LINUX_USERFAULTFD_H 1
| #define HAVE_LINUX_UTSNAME_H 1
| #define HAVE_MQUEUE_H 1
| #define HAVE_NETIPX_IPX_H 1
| #define HAVE_SCSI_SG_H 1
| #define HAVE_SYS_EVENTFD_H 1
| #define HAVE_SYS_FANOTIFY_H 1
| #define HAVE_SYS_IPC_H 1
| #define HAVE_SYS_MSG_H 1
| #define HAVE_SYS_QUOTA_H 1
| #define HAVE_SYS_REG_H 1
| #define HAVE_SYS_SEM_H 1
| #define HAVE_SYS_SHM_H 1
| #define HAVE_SYS_SIGNALFD_H 1
| #define HAVE_SYS_XATTR_H 1
| #define HAVE_NETINET_TCP_H 1
| #define HAVE_NETINET_UDP_H 1
| #define HAVE_LINUX_MQUEUE_H 1
| #define HAVE_LINUX_NETFILTER_ARP_ARP_TABLES_H 1
| #define HAVE_LINUX_NETFILTER_BRIDGE_EBTABLES_H 1
| #define HAVE_LINUX_NETFILTER_IPV4_IP_TABLES_H 1
| #define HAVE_LINUX_NETFILTER_IPV6_IP6_TABLES_H 1
| #define HAVE_LINUX_INPUT_H 1
| #define HAVE_STRUCT_INPUT_ABSINFO_RESOLUTION 1
| #define HAVE_LINUX_BPF_H 1
| #define HAVE_UNION_BPF_ATTR_LOG_BUF 1
| #define HAVE_UNION_BPF_ATTR_BPF_FD 1
| #define HAVE_UNION_BPF_ATTR_ATTACH_FLAGS 1
| #define HAVE_STRUCT_STATFS 1
| #define HAVE_STRUCT_STATFS_F_FRSIZE 1
| #define HAVE_STRUCT_STATFS_F_FLAGS 1
| #define HAVE_STRUCT_STATFS_F_FSID_VAL 1
| #define HAVE_STRUCT_STATFS64 1
| #define HAVE_STRUCT_STATFS64_F_FRSIZE 1
| #define HAVE_STRUCT_STATFS64_F_FLAGS 1
| #define HAVE_STRUCT_STATFS64_F_FSID_VAL 1
| #define HAVE_STRUCT_BLK_USER_TRACE_SETUP 1
| #define HAVE_LINUX_BTRFS_H 1
| #define HAVE_STRUCT_BTRFS_IOCTL_FEATURE_FLAGS_COMPAT_FLAGS 1
| #define HAVE_STRUCT_BTRFS_IOCTL_FS_INFO_ARGS_NODESIZE 1
| #define HAVE_STRUCT_BTRFS_IOCTL_DEFRAG_RANGE_ARGS_START 1
| #define HAVE_STRUCT_BTRFS_IOCTL_SEARCH_ARGS_V2_BUF_SIZE 1
| #define HAVE_DECL_BTRFS_COMPRESS_NONE 0
| #define HAVE_DECL_BTRFS_COMPRESS_ZLIB 0
| #define HAVE_DECL_BTRFS_COMPRESS_LZO 0
| #define HAVE_DECL_SYS_ERRLIST 0
| #define HAVE_DECL_PTRACE_PEEKUSER 1
| #define HAVE_DECL_PTRACE_POKEUSER 1
| #define HAVE_DECL_P_PID 1
| #define HAVE_DECL_P_PPID 0
| #define HAVE_DECL_P_PGID 1
| #define HAVE_DECL_P_SID 0
| #define HAVE_DECL_P_CID 0
| #define HAVE_DECL_P_UID 0
| #define HAVE_DECL_P_GID 0
| #define HAVE_DECL_P_ALL 1
| #define HAVE_DECL_P_LWPID 0
| #define HAVE_DECL_LO_FLAGS_READ_ONLY 1
| #define HAVE_DECL_LO_FLAGS_USE_AOPS 0
| #define HAVE_DECL_LO_FLAGS_AUTOCLEAR 1
| #define HAVE_DECL_LO_FLAGS_PARTSCAN 1
| #define HAVE_DECL_LO_FLAGS_DIRECT_IO 1
| #define HAVE_DECL_CTL_PROC 1
| #define HAVE_DECL_CTL_ARLAN 1
| #define HAVE_DECL_CTL_S390DBF 1
| #define HAVE_DECL_CTL_SUNRPC 1
| #define HAVE_DECL_CTL_PM 1
| #define HAVE_DECL_CTL_FRV 1
| #define HAVE_DECL_KERN_PRINTK_RATELIMIT 1
| #define HAVE_DECL_KERN_PRINTK_RATELIMIT_BURST 1
| #define HAVE_DECL_KERN_PTY 1
| #define HAVE_DECL_KERN_NGROUPS_MAX 1
| #define HAVE_DECL_KERN_SPARC_SCONS_PWROFF 1
| #define HAVE_DECL_KERN_HZ_TIMER 1
| #define HAVE_DECL_KERN_UNKNOWN_NMI_PANIC 1
| #define HAVE_DECL_KERN_BOOTLOADER_TYPE 1
| #define HAVE_DECL_KERN_RANDOMIZE 1
| #define HAVE_DECL_KERN_SETUID_DUMPABLE 1
| #define HAVE_DECL_KERN_SPIN_RETRY 1
| #define HAVE_DECL_KERN_ACPI_VIDEO_FLAGS 1
| #define HAVE_DECL_KERN_IA64_UNALIGNED 1
| #define HAVE_DECL_KERN_COMPAT_LOG 1
| #define HAVE_DECL_KERN_MAX_LOCK_DEPTH 1
| #define HAVE_DECL_KERN_NMI_WATCHDOG 1
| #define HAVE_DECL_KERN_PANIC_ON_NMI 1
| #define HAVE_DECL_NET_LLC 1
| #define HAVE_DECL_NET_NETFILTER 1
| #define HAVE_DECL_NET_DCCP 1
| #define HAVE_DECL_NET_IRDA 1
| #define HAVE_DECL_NET_CORE_DESTROY_DELAY 0
| #define HAVE_DECL_NET_CORE_BUDGET 1
| #define HAVE_DECL_NET_CORE_AEVENT_ETIME 1
| #define HAVE_DECL_NET_CORE_AEVENT_RSEQTH 1
| #define HAVE_DECL_NET_CORE_WARNINGS 1
| #define HAVE_DECL_NET_IPV4_IGMP_MAX_MSF 1
| #define HAVE_DECL_NET_TCP_NO_METRICS_SAVE 1
| #define HAVE_DECL_NET_TCP_DEFAULT_WIN_SCALE 1
| #define HAVE_DECL_NET_TCP_MODERATE_RCVBUF 1
| #define HAVE_DECL_NET_TCP_TSO_WIN_DIVISOR 1
| #define HAVE_DECL_NET_TCP_BIC_BETA 1
| #define HAVE_DECL_NET_IPV4_ICMP_ERRORS_USE_INBOUND_IFADDR 1
| #define HAVE_DECL_NET_TCP_CONG_CONTROL 1
| #define HAVE_DECL_NET_TCP_ABC 1
| #define HAVE_DECL_NET_IPV4_IPFRAG_MAX_DIST 1
| #define HAVE_DECL_NET_TCP_MTU_PROBING 1
| #define HAVE_DECL_NET_TCP_BASE_MSS 1
| #define HAVE_DECL_NET_IPV4_TCP_WORKAROUND_SIGNED_WINDOWS 1
| #define HAVE_DECL_NET_TCP_DMA_COPYBREAK 1
| #define HAVE_DECL_NET_TCP_SLOW_START_AFTER_IDLE 1
| #define HAVE_DECL_NET_CIPSOV4_CACHE_ENABLE 1
| #define HAVE_DECL_NET_CIPSOV4_CACHE_BUCKET_SIZE 1
| #define HAVE_DECL_NET_CIPSOV4_RBM_OPTFMT 1
| #define HAVE_DECL_NET_CIPSOV4_RBM_STRICTVALID 1
| #define HAVE_DECL_NET_TCP_AVAIL_CONG_CONTROL 1
| #define HAVE_DECL_NET_TCP_ALLOWED_CONG_CONTROL 1
| #define HAVE_DECL_NET_TCP_MAX_SSTHRESH 1
| #define HAVE_DECL_NET_TCP_FRTO_RESPONSE 1
| #define HAVE_DECL_NET_IPV4_ROUTE_GC_MIN_INTERVAL_MS 1
| #define HAVE_DECL_NET_IPV4_CONF_FORCE_IGMP_VERSION 1
| #define HAVE_DECL_NET_IPV4_CONF_ARP_ANNOUNCE 1
| #define HAVE_DECL_NET_IPV4_CONF_ARP_IGNORE 1
| #define HAVE_DECL_NET_IPV4_CONF_PROMOTE_SECONDARIES 1
| #define HAVE_DECL_NET_IPV4_CONF_ARP_ACCEPT 1
| #define HAVE_DECL_NET_IPV4_CONF_ARP_NOTIFY 1
| #define HAVE_DECL_NET_IPV6_MLD_MAX_MSF 1
| #define HAVE_DECL_NET_IPV6_ROUTE_GC_MIN_INTERVAL_MS 1
| #define HAVE_DECL_VM_MAX_MAP_COUNT 1
| #define HAVE_DECL_VM_LAPTOP_MODE 1
| #define HAVE_DECL_VM_BLOCK_DUMP 1
| #define HAVE_DECL_VM_HUGETLB_GROUP 1
| #define HAVE_DECL_VM_VFS_CACHE_PRESSURE 1
| #define HAVE_DECL_VM_LEGACY_VA_LAYOUT 1
| #define HAVE_DECL_VM_SWAP_TOKEN_TIMEOUT 1
| #define HAVE_DECL_V4L2_FIELD_ANY 1
| #define HAVE_DECL_V4L2_FIELD_NONE 1
| #define HAVE_DECL_V4L2_FIELD_TOP 1
| #define HAVE_DECL_V4L2_FIELD_BOTTOM 1
| #define HAVE_DECL_V4L2_FIELD_INTERLACED 1
| #define HAVE_DECL_V4L2_FIELD_SEQ_TB 1
| #define HAVE_DECL_V4L2_FIELD_SEQ_BT 1
| #define HAVE_DECL_V4L2_FIELD_ALTERNATE 1
| #define HAVE_DECL_V4L2_FIELD_INTERLACED_TB 1
| #define HAVE_DECL_V4L2_FIELD_INTERLACED_BT 1
| #define HAVE_DECL_V4L2_BUF_TYPE_VIDEO_CAPTURE 1
| #define HAVE_DECL_V4L2_BUF_TYPE_VIDEO_CAPTURE_MPLANE 1
| #define HAVE_DECL_V4L2_BUF_TYPE_VIDEO_OUTPUT 1
| #define HAVE_DECL_V4L2_BUF_TYPE_VIDEO_OUTPUT_MPLANE 1
| #define HAVE_DECL_V4L2_BUF_TYPE_VIDEO_OVERLAY 1
| #define HAVE_DECL_V4L2_BUF_TYPE_VBI_CAPTURE 1
| #define HAVE_DECL_V4L2_BUF_TYPE_VBI_OUTPUT 1
| #define HAVE_DECL_V4L2_BUF_TYPE_SLICED_VBI_CAPTURE 1
| #define HAVE_DECL_V4L2_BUF_TYPE_SLICED_VBI_OUTPUT 1
| #define HAVE_DECL_V4L2_BUF_TYPE_VIDEO_OUTPUT_OVERLAY 1
| #define HAVE_DECL_V4L2_TUNER_RADIO 1
| #define HAVE_DECL_V4L2_TUNER_ANALOG_TV 1
| #define HAVE_DECL_V4L2_TUNER_DIGITAL_TV 1
| #define HAVE_DECL_V4L2_MEMORY_MMAP 1
| #define HAVE_DECL_V4L2_MEMORY_USERPTR 1
| #define HAVE_DECL_V4L2_MEMORY_OVERLAY 1
| #define HAVE_DECL_V4L2_MEMORY_DMABUF 1
| #define HAVE_DECL_V4L2_COLORSPACE_SMPTE170M 1
| #define HAVE_DECL_V4L2_COLORSPACE_SMPTE240M 1
| #define HAVE_DECL_V4L2_COLORSPACE_REC709 1
| #define HAVE_DECL_V4L2_COLORSPACE_BT878 1
| #define HAVE_DECL_V4L2_COLORSPACE_470_SYSTEM_M 1
| #define HAVE_DECL_V4L2_COLORSPACE_470_SYSTEM_BG 1
| #define HAVE_DECL_V4L2_COLORSPACE_JPEG 1
| #define HAVE_DECL_V4L2_COLORSPACE_SRGB 1
| #define HAVE_DECL_V4L2_PRIORITY_UNSET 1
| #define HAVE_DECL_V4L2_PRIORITY_BACKGROUND 1
| #define HAVE_DECL_V4L2_PRIORITY_INTERACTIVE 1
| #define HAVE_DECL_V4L2_PRIORITY_RECORD 1
| #define HAVE_DECL_V4L2_FRMSIZE_TYPE_DISCRETE 1
| #define HAVE_DECL_V4L2_FRMSIZE_TYPE_CONTINUOUS 1
| #define HAVE_DECL_V4L2_FRMSIZE_TYPE_STEPWISE 1
| #define HAVE_DECL_V4L2_FRMIVAL_TYPE_DISCRETE 1
| #define HAVE_DECL_V4L2_FRMIVAL_TYPE_CONTINUOUS 1
| #define HAVE_DECL_V4L2_FRMIVAL_TYPE_STEPWISE 1
| #define HAVE_DECL_V4L2_CTRL_TYPE_INTEGER 1
| #define HAVE_DECL_V4L2_CTRL_TYPE_BOOLEAN 1
| #define HAVE_DECL_V4L2_CTRL_TYPE_MENU 1
| #define HAVE_DECL_V4L2_CTRL_TYPE_BUTTON 1
| #define HAVE_DECL_V4L2_CTRL_TYPE_INTEGER64 1
| #define HAVE_DECL_V4L2_CTRL_TYPE_CTRL_CLASS 1
| #define HAVE_DECL_V4L2_CTRL_TYPE_STRING 1
| #define HAVE_DECL_V4L2_CTRL_TYPE_BITMASK 1
| #define HAVE_DECL_V4L2_CTRL_TYPE_INTEGER_MENU 1
| #define HAVE_BLKGETSIZE64 1
| #define SIZEOF_LONG 8
| #define SIZEOF_LONG_LONG 8
| #define SIZEOF_OFF_T 8
| #define SIZEOF_KERNEL_LONG_T 8
| #define SIZEOF_STRUCT_I64_I32 16
| #define ASM_SIGRTMIN 32
| #define ASM_SA_RESTORER 0x04000000
| #define HAVE___BUILTIN_POPCOUNT 1
| #define HAVE_DLADDR 1
| /* end confdefs.h.  */
| #include <stddef.h>
| #ifdef HAVE_STDIO_H
| # include <stdio.h>
| #endif
| #ifdef HAVE_STDLIB_H
| # include <stdlib.h>
| #endif
| #ifdef HAVE_STRING_H
| # include <string.h>
| #endif
| #ifdef HAVE_INTTYPES_H
| # include <inttypes.h>
| #endif
| #ifdef HAVE_STDINT_H
| # include <stdint.h>
| #endif
| #ifdef HAVE_STRINGS_H
| # include <strings.h>
| #endif
| #ifdef HAVE_SYS_TYPES_H
| # include <sys/types.h>
| #endif
| #ifdef HAVE_SYS_STAT_H
| # include <sys/stat.h>
| #endif
| #ifdef HAVE_UNISTD_H
| # include <unistd.h>
| #endif
| #include <libunwind-ptrace.h>
configure:14274: result: no
configure:14464: checking whether to enable stack tracing support using libunwind
configure:14482: result: no
configure:14516: checking for gnu/stubs-32.h
configure:14516: gcc -c -std=gnu17 -O2 -g  conftest.c >&5
conftest.c:345:10: fatal error: gnu/stubs-32.h: No such file or directory
  345 | #include <gnu/stubs-32.h>
      |          ^~~~~~~~~~~~~~~~
compilation terminated.
configure:14516: $? = 1
configure: failed program was:
| /* confdefs.h */
| #define PACKAGE_NAME "strace"
| #define PACKAGE_TARNAME "strace"
| #define PACKAGE_VERSION "UNKNOWN"
| #define PACKAGE_STRING "strace UNKNOWN"
| #define PACKAGE_BUGREPORT "strace-devel@lists.sourceforge.net"
| #define PACKAGE_URL "https://strace.io"
| #define PACKAGE "strace"
| #define VERSION "UNKNOWN"
| #define HAVE_STDIO_H 1
| #define HAVE_STDLIB_H 1
| #define HAVE_STRING_H 1
| #define HAVE_INTTYPES_H 1
| #define HAVE_STDINT_H 1
| #define HAVE_STRINGS_H 1
| #define HAVE_SYS_STAT_H 1
| #define HAVE_SYS_TYPES_H 1
| #define HAVE_UNISTD_H 1
| #define HAVE_WCHAR_H 1
| #define STDC_HEADERS 1
| #define _ALL_SOURCE 1
| #define _COSMO_SOURCE 1
| #define _DARWIN_C_SOURCE 1
| #define _GNU_SOURCE 1
| #define _HPUX_ALT_XOPEN_SOCKET_API 1
| #define _NETBSD_SOURCE 1
| #define _OPENBSD_SOURCE 1
| #define _POSIX_PTHREAD_SEMANTICS 1
| #define __STDC_WANT_IEC_60559_ATTRIBS_EXT__ 1
| #define __STDC_WANT_IEC_60559_BFP_EXT__ 1
| #define __STDC_WANT_IEC_60559_DFP_EXT__ 1
| #define __STDC_WANT_IEC_60559_EXT__ 1
| #define __STDC_WANT_IEC_60559_FUNCS_EXT__ 1
| #define __STDC_WANT_IEC_60559_TYPES_EXT__ 1
| #define __STDC_WANT_LIB_EXT2__ 1
| #define __STDC_WANT_MATH_SPEC_FUNCS__ 1
| #define _TANDEM_SOURCE 1
| #define __EXTENSIONS__ 1
| #define X86_64 1
| #define ENABLE_ARM_OABI 0
| #define HAVE_TYPEOF 1
| #define HAVE_ACCEPT4 1
| #define HAVE_FALLOCATE 1
| #define HAVE_FANOTIFY_MARK 1
| #define HAVE_FOPEN64 1
| #define HAVE_FORK 1
| #define HAVE_FPUTS_UNLOCKED 1
| #define HAVE_FSTATAT 1
| #define HAVE_FTRUNCATE 1
| #define HAVE_FUTIMENS 1
| #define HAVE_IF_INDEXTONAME 1
| #define HAVE_OPEN64 1
| #define HAVE_PRCTL 1
| #define HAVE_PREADV 1
| #define HAVE_PROCESS_VM_READV 1
| #define HAVE_PWRITEV 1
| #define HAVE_READAHEAD 1
| #define HAVE_SIGNALFD 1
| #define HAVE_STPCPY 1
| #define HAVE_STRERROR 1
| #define HAVE_STRSIGNAL 1
| #define HAVE_SYNC_FILE_RANGE 1
| #define HAVE_UTIMENSAT 1
| #define HAVE_SIG_ATOMIC_T 1
| #define HAVE_STRUCT_SIGCONTEXT 1
| #define HAVE_STRUCT_MMSGHDR 1
| #define HAVE___KERNEL_LONG_T 1
| #define HAVE___KERNEL_ULONG_T 1
| #define HAVE_STRUCT___OLD_KERNEL_STAT 1
| #define HAVE_STRUCT_USER_DESC 1
| #define HAVE_STRUCT_STAT_ST_MTIME_NSEC 1
| #define HAVE_STRUCT_FLOCK 1
| #define HAVE_STRUCT_FLOCK64 1
| #define HAVE_STRUCT_TIMEX_TAI 1
| #define HAVE_STRUCT_UTSNAME_DOMAINNAME 1
| #define HAVE_SIGINFO_T_SI_SYSCALL 1
| #define HAVE_SIGINFO_T_SI_TIMERID 1
| #define HAVE_SIGINFO_T_SI_OVERRUN 1
| #define HAVE_STRUCT_PERF_EVENT_ATTR_PRECISE_IP 1
| #define HAVE_STRUCT_PERF_EVENT_ATTR_MMAP_DATA 1
| #define HAVE_STRUCT_PERF_EVENT_ATTR_SAMPLE_ID_ALL 1
| #define HAVE_STRUCT_PERF_EVENT_ATTR_EXCLUDE_HOST 1
| #define HAVE_STRUCT_PERF_EVENT_ATTR_EXCLUDE_GUEST 1
| #define HAVE_STRUCT_PERF_EVENT_ATTR_EXCLUDE_CALLCHAIN_KERNEL 1
| #define HAVE_STRUCT_PERF_EVENT_ATTR_EXCLUDE_CALLCHAIN_USER 1
| #define HAVE_STRUCT_PERF_EVENT_ATTR_MMAP2 1
| #define HAVE_STRUCT_PERF_EVENT_ATTR_COMM_EXEC 1
| #define HAVE_STRUCT_PERF_EVENT_ATTR_USE_CLOCKID 1
| #define HAVE_STRUCT_PERF_EVENT_ATTR_CONTEXT_SWITCH 1
| #define HAVE_STRUCT_PERF_EVENT_ATTR_WRITE_BACKWARD 1
| #define HAVE_STRUCT_PERF_EVENT_ATTR_BP_TYPE 1
| #define HAVE_STRUCT_PERF_EVENT_ATTR_CONFIG1 1
| #define HAVE_STRUCT_PERF_EVENT_ATTR_CONFIG2 1
| #define HAVE_STRUCT_PERF_EVENT_ATTR_BRANCH_SAMPLE_TYPE 1
| #define HAVE_STRUCT_PERF_EVENT_ATTR_SAMPLE_REGS_USER 1
| #define HAVE_STRUCT_PERF_EVENT_ATTR_SAMPLE_STACK_USER 1
| #define HAVE_STRUCT_PERF_EVENT_ATTR_SAMPLE_REGS_INTR 1
| #define HAVE_STRUCT_PERF_EVENT_ATTR_AUX_WATERMARK 1
| #define HAVE_STRUCT_PERF_EVENT_ATTR_SAMPLE_MAX_STACK 1
| #define HAVE_ELF_H 1
| #define HAVE_INTTYPES_H 1
| #define HAVE_LINUX_BSG_H 1
| #define HAVE_LINUX_DM_IOCTL_H 1
| #define HAVE_LINUX_DQBLK_XFS_H 1
| #define HAVE_LINUX_FALLOC_H 1
| #define HAVE_LINUX_FIEMAP_H 1
| #define HAVE_LINUX_FILTER_H 1
| #define HAVE_LINUX_HIDDEV_H 1
| #define HAVE_LINUX_IP_VS_H 1
| #define HAVE_LINUX_IPC_H 1
| #define HAVE_LINUX_MMTIMER_H 1
| #define HAVE_LINUX_MSG_H 1
| #define HAVE_LINUX_PERF_EVENT_H 1
| #define HAVE_LINUX_QUOTA_H 1
| #define HAVE_LINUX_SECCOMP_H 1
| #define HAVE_LINUX_SECUREBITS_H 1
| #define HAVE_LINUX_SEM_H 1
| #define HAVE_LINUX_SHM_H 1
| #define HAVE_LINUX_USERFAULTFD_H 1
| #define HAVE_LINUX_UTSNAME_H 1
| #define HAVE_MQUEUE_H 1
| #define HAVE_NETIPX_IPX_H 1
| #define HAVE_SCSI_SG_H 1
| #define HAVE_SYS_EVENTFD_H 1
| #define HAVE_SYS_FANOTIFY_H 1
| #define HAVE_SYS_IPC_H 1
| #define HAVE_SYS_MSG_H 1
| #define HAVE_SYS_QUOTA_H 1
| #define HAVE_SYS_REG_H 1
| #define HAVE_SYS_SEM_H 1
| #define HAVE_SYS_SHM_H 1
| #define HAVE_SYS_SIGNALFD_H 1
| #define HAVE_SYS_XATTR_H 1
| #define HAVE_NETINET_TCP_H 1
| #define HAVE_NETINET_UDP_H 1
| #define HAVE_LINUX_MQUEUE_H 1
| #define HAVE_LINUX_NETFILTER_ARP_ARP_TABLES_H 1
| #define HAVE_LINUX_NETFILTER_BRIDGE_EBTABLES_H 1
| #define HAVE_LINUX_NETFILTER_IPV4_IP_TABLES_H 1
| #define HAVE_LINUX_NETFILTER_IPV6_IP6_TABLES_H 1
| #define HAVE_LINUX_INPUT_H 1
| #define HAVE_STRUCT_INPUT_ABSINFO_RESOLUTION 1
| #define HAVE_LINUX_BPF_H 1
| #define HAVE_UNION_BPF_ATTR_LOG_BUF 1
| #define HAVE_UNION_BPF_ATTR_BPF_FD 1
| #define HAVE_UNION_BPF_ATTR_ATTACH_FLAGS 1
| #define HAVE_STRUCT_STATFS 1
| #define HAVE_STRUCT_STATFS_F_FRSIZE 1
| #define HAVE_STRUCT_STATFS_F_FLAGS 1
| #define HAVE_STRUCT_STATFS_F_FSID_VAL 1
| #define HAVE_STRUCT_STATFS64 1
| #define HAVE_STRUCT_STATFS64_F_FRSIZE 1
| #define HAVE_STRUCT_STATFS64_F_FLAGS 1
| #define HAVE_STRUCT_STATFS64_F_FSID_VAL 1
| #define HAVE_STRUCT_BLK_USER_TRACE_SETUP 1
| #define HAVE_LINUX_BTRFS_H 1
| #define HAVE_STRUCT_BTRFS_IOCTL_FEATURE_FLAGS_COMPAT_FLAGS 1
| #define HAVE_STRUCT_BTRFS_IOCTL_FS_INFO_ARGS_NODESIZE 1
| #define HAVE_STRUCT_BTRFS_IOCTL_DEFRAG_RANGE_ARGS_START 1
| #define HAVE_STRUCT_BTRFS_IOCTL_SEARCH_ARGS_V2_BUF_SIZE 1
| #define HAVE_DECL_BTRFS_COMPRESS_NONE 0
| #define HAVE_DECL_BTRFS_COMPRESS_ZLIB 0
| #define HAVE_DECL_BTRFS_COMPRESS_LZO 0
| #define HAVE_DECL_SYS_ERRLIST 0
| #define HAVE_DECL_PTRACE_PEEKUSER 1
| #define HAVE_DECL_PTRACE_POKEUSER 1
| #define HAVE_DECL_P_PID 1
| #define HAVE_DECL_P_PPID 0
| #define HAVE_DECL_P_PGID 1
| #define HAVE_DECL_P_SID 0
| #define HAVE_DECL_P_CID 0
| #define HAVE_DECL_P_UID 0
| #define HAVE_DECL_P_GID 0
| #define HAVE_DECL_P_ALL 1
| #define HAVE_DECL_P_LWPID 0
| #define HAVE_DECL_LO_FLAGS_READ_ONLY 1
| #define HAVE_DECL_LO_FLAGS_USE_AOPS 0
| #define HAVE_DECL_LO_FLAGS_AUTOCLEAR 1
| #define HAVE_DECL_LO_FLAGS_PARTSCAN 1
| #define HAVE_DECL_LO_FLAGS_DIRECT_IO 1
| #define HAVE_DECL_CTL_PROC 1
| #define HAVE_DECL_CTL_ARLAN 1
| #define HAVE_DECL_CTL_S390DBF 1
| #define HAVE_DECL_CTL_SUNRPC 1
| #define HAVE_DECL_CTL_PM 1
| #define HAVE_DECL_CTL_FRV 1
| #define HAVE_DECL_KERN_PRINTK_RATELIMIT 1
| #define HAVE_DECL_KERN_PRINTK_RATELIMIT_BURST 1
| #define HAVE_DECL_KERN_PTY 1
| #define HAVE_DECL_KERN_NGROUPS_MAX 1
| #define HAVE_DECL_KERN_SPARC_SCONS_PWROFF 1
| #define HAVE_DECL_KERN_HZ_TIMER 1
| #define HAVE_DECL_KERN_UNKNOWN_NMI_PANIC 1
| #define HAVE_DECL_KERN_BOOTLOADER_TYPE 1
| #define HAVE_DECL_KERN_RANDOMIZE 1
| #define HAVE_DECL_KERN_SETUID_DUMPABLE 1
| #define HAVE_DECL_KERN_SPIN_RETRY 1
| #define HAVE_DECL_KERN_ACPI_VIDEO_FLAGS 1
| #define HAVE_DECL_KERN_IA64_UNALIGNED 1
| #define HAVE_DECL_KERN_COMPAT_LOG 1
| #define HAVE_DECL_KERN_MAX_LOCK_DEPTH 1
| #define HAVE_DECL_KERN_NMI_WATCHDOG 1
| #define HAVE_DECL_KERN_PANIC_ON_NMI 1
| #define HAVE_DECL_NET_LLC 1
| #define HAVE_DECL_NET_NETFILTER 1
| #define HAVE_DECL_NET_DCCP 1
| #define HAVE_DECL_NET_IRDA 1
| #define HAVE_DECL_NET_CORE_DESTROY_DELAY 0
| #define HAVE_DECL_NET_CORE_BUDGET 1
| #define HAVE_DECL_NET_CORE_AEVENT_ETIME 1
| #define HAVE_DECL_NET_CORE_AEVENT_RSEQTH 1
| #define HAVE_DECL_NET_CORE_WARNINGS 1
| #define HAVE_DECL_NET_IPV4_IGMP_MAX_MSF 1
| #define HAVE_DECL_NET_TCP_NO_METRICS_SAVE 1
| #define HAVE_DECL_NET_TCP_DEFAULT_WIN_SCALE 1
| #define HAVE_DECL_NET_TCP_MODERATE_RCVBUF 1
| #define HAVE_DECL_NET_TCP_TSO_WIN_DIVISOR 1
| #define HAVE_DECL_NET_TCP_BIC_BETA 1
| #define HAVE_DECL_NET_IPV4_ICMP_ERRORS_USE_INBOUND_IFADDR 1
| #define HAVE_DECL_NET_TCP_CONG_CONTROL 1
| #define HAVE_DECL_NET_TCP_ABC 1
| #define HAVE_DECL_NET_IPV4_IPFRAG_MAX_DIST 1
| #define HAVE_DECL_NET_TCP_MTU_PROBING 1
| #define HAVE_DECL_NET_TCP_BASE_MSS 1
| #define HAVE_DECL_NET_IPV4_TCP_WORKAROUND_SIGNED_WINDOWS 1
| #define HAVE_DECL_NET_TCP_DMA_COPYBREAK 1
| #define HAVE_DECL_NET_TCP_SLOW_START_AFTER_IDLE 1
| #define HAVE_DECL_NET_CIPSOV4_CACHE_ENABLE 1
| #define HAVE_DECL_NET_CIPSOV4_CACHE_BUCKET_SIZE 1
| #define HAVE_DECL_NET_CIPSOV4_RBM_OPTFMT 1
| #define HAVE_DECL_NET_CIPSOV4_RBM_STRICTVALID 1
| #define HAVE_DECL_NET_TCP_AVAIL_CONG_CONTROL 1
| #define HAVE_DECL_NET_TCP_ALLOWED_CONG_CONTROL 1
| #define HAVE_DECL_NET_TCP_MAX_SSTHRESH 1
| #define HAVE_DECL_NET_TCP_FRTO_RESPONSE 1
| #define HAVE_DECL_NET_IPV4_ROUTE_GC_MIN_INTERVAL_MS 1
| #define HAVE_DECL_NET_IPV4_CONF_FORCE_IGMP_VERSION 1
| #define HAVE_DECL_NET_IPV4_CONF_ARP_ANNOUNCE 1
| #define HAVE_DECL_NET_IPV4_CONF_ARP_IGNORE 1
| #define HAVE_DECL_NET_IPV4_CONF_PROMOTE_SECONDARIES 1
| #define HAVE_DECL_NET_IPV4_CONF_ARP_ACCEPT 1
| #define HAVE_DECL_NET_IPV4_CONF_ARP_NOTIFY 1
| #define HAVE_DECL_NET_IPV6_MLD_MAX_MSF 1
| #define HAVE_DECL_NET_IPV6_ROUTE_GC_MIN_INTERVAL_MS 1
| #define HAVE_DECL_VM_MAX_MAP_COUNT 1
| #define HAVE_DECL_VM_LAPTOP_MODE 1
| #define HAVE_DECL_VM_BLOCK_DUMP 1
| #define HAVE_DECL_VM_HUGETLB_GROUP 1
| #define HAVE_DECL_VM_VFS_CACHE_PRESSURE 1
| #define HAVE_DECL_VM_LEGACY_VA_LAYOUT 1
| #define HAVE_DECL_VM_SWAP_TOKEN_TIMEOUT 1
| #define HAVE_DECL_V4L2_FIELD_ANY 1
| #define HAVE_DECL_V4L2_FIELD_NONE 1
| #define HAVE_DECL_V4L2_FIELD_TOP 1
| #define HAVE_DECL_V4L2_FIELD_BOTTOM 1
| #define HAVE_DECL_V4L2_FIELD_INTERLACED 1
| #define HAVE_DECL_V4L2_FIELD_SEQ_TB 1
| #define HAVE_DECL_V4L2_FIELD_SEQ_BT 1
| #define HAVE_DECL_V4L2_FIELD_ALTERNATE 1
| #define HAVE_DECL_V4L2_FIELD_INTERLACED_TB 1
| #define HAVE_DECL_V4L2_FIELD_INTERLACED_BT 1
| #define HAVE_DECL_V4L2_BUF_TYPE_VIDEO_CAPTURE 1
| #define HAVE_DECL_V4L2_BUF_TYPE_VIDEO_CAPTURE_MPLANE 1
| #define HAVE_DECL_V4L2_BUF_TYPE_VIDEO_OUTPUT 1
| #define HAVE_DECL_V4L2_BUF_TYPE_VIDEO_OUTPUT_MPLANE 1
| #define HAVE_DECL_V4L2_BUF_TYPE_VIDEO_OVERLAY 1
| #define HAVE_DECL_V4L2_BUF_TYPE_VBI_CAPTURE 1
| #define HAVE_DECL_V4L2_BUF_TYPE_VBI_OUTPUT 1
| #define HAVE_DECL_V4L2_BUF_TYPE_SLICED_VBI_CAPTURE 1
| #define HAVE_DECL_V4L2_BUF_TYPE_SLICED_VBI_OUTPUT 1
| #define HAVE_DECL_V4L2_BUF_TYPE_VIDEO_OUTPUT_OVERLAY 1
| #define HAVE_DECL_V4L2_TUNER_RADIO 1
| #define HAVE_DECL_V4L2_TUNER_ANALOG_TV 1
| #define HAVE_DECL_V4L2_TUNER_DIGITAL_TV 1
| #define HAVE_DECL_V4L2_MEMORY_MMAP 1
| #define HAVE_DECL_V4L2_MEMORY_USERPTR 1
| #define HAVE_DECL_V4L2_MEMORY_OVERLAY 1
| #define HAVE_DECL_V4L2_MEMORY_DMABUF 1
| #define HAVE_DECL_V4L2_COLORSPACE_SMPTE170M 1
| #define HAVE_DECL_V4L2_COLORSPACE_SMPTE240M 1
| #define HAVE_DECL_V4L2_COLORSPACE_REC709 1
| #define HAVE_DECL_V4L2_COLORSPACE_BT878 1
| #define HAVE_DECL_V4L2_COLORSPACE_470_SYSTEM_M 1
| #define HAVE_DECL_V4L2_COLORSPACE_470_SYSTEM_BG 1
| #define HAVE_DECL_V4L2_COLORSPACE_JPEG 1
| #define HAVE_DECL_V4L2_COLORSPACE_SRGB 1
| #define HAVE_DECL_V4L2_PRIORITY_UNSET 1
| #define HAVE_DECL_V4L2_PRIORITY_BACKGROUND 1
| #define HAVE_DECL_V4L2_PRIORITY_INTERACTIVE 1
| #define HAVE_DECL_V4L2_PRIORITY_RECORD 1
| #define HAVE_DECL_V4L2_FRMSIZE_TYPE_DISCRETE 1
| #define HAVE_DECL_V4L2_FRMSIZE_TYPE_CONTINUOUS 1
| #define HAVE_DECL_V4L2_FRMSIZE_TYPE_STEPWISE 1
| #define HAVE_DECL_V4L2_FRMIVAL_TYPE_DISCRETE 1
| #define HAVE_DECL_V4L2_FRMIVAL_TYPE_CONTINUOUS 1
| #define HAVE_DECL_V4L2_FRMIVAL_TYPE_STEPWISE 1
| #define HAVE_DECL_V4L2_CTRL_TYPE_INTEGER 1
| #define HAVE_DECL_V4L2_CTRL_TYPE_BOOLEAN 1
| #define HAVE_DECL_V4L2_CTRL_TYPE_MENU 1
| #define HAVE_DECL_V4L2_CTRL_TYPE_BUTTON 1
| #define HAVE_DECL_V4L2_CTRL_TYPE_INTEGER64 1
| #define HAVE_DECL_V4L2_CTRL_TYPE_CTRL_CLASS 1
| #define HAVE_DECL_V4L2_CTRL_TYPE_STRING 1
| #define HAVE_DECL_V4L2_CTRL_TYPE_BITMASK 1
| #define HAVE_DECL_V4L2_CTRL_TYPE_INTEGER_MENU 1
| #define HAVE_BLKGETSIZE64 1
| #define SIZEOF_LONG 8
| #define SIZEOF_LONG_LONG 8
| #define SIZEOF_OFF_T 8
| #define SIZEOF_KERNEL_LONG_T 8
| #define SIZEOF_STRUCT_I64_I32 16
| #define ASM_SIGRTMIN 32
| #define ASM_SA_RESTORER 0x04000000
| #define HAVE___BUILTIN_POPCOUNT 1
| #define HAVE_DLADDR 1
| /* end confdefs.h.  */
| #include <stddef.h>
| #ifdef HAVE_STDIO_H
| # include <stdio.h>
| #endif
| #ifdef HAVE_STDLIB_H
| # include <stdlib.h>
| #endif
| #ifdef HAVE_STRING_H
| # include <string.h>
| #endif
| #ifdef HAVE_INTTYPES_H
| # include <inttypes.h>
| #endif
| #ifdef HAVE_STDINT_H
| # include <stdint.h>
| #endif
| #ifdef HAVE_STRINGS_H
| # include <strings.h>
| #endif
| #ifdef HAVE_SYS_TYPES_H
| # include <sys/types.h>
| #endif
| #ifdef HAVE_SYS_STAT_H
| # include <sys/stat.h>
| #endif
| #ifdef HAVE_UNISTD_H
| # include <unistd.h>
| #endif
| #include <gnu/stubs-32.h>
configure:14516: result: no
configure:14524: Created empty gnu/stubs-32.h
configure:14534: checking for -m32 compile support
configure:14545: gcc -c -std=gnu17 -O2 -g -m32 -I.  conftest.c >&5
configure:14545: $? = 0
configure:14555: result: yes
configure:14558: checking for -m32 runtime support
configure:14573: gcc -o conftest -std=gnu17 -O2 -g -m32 -I.   conftest.c  >&5
/nix/store/p2vkw5s89ff1fs2d2rxqxiqil9s0jpcm-binutils-2.46/bin/ld.bfd: skipping incompatible /nix/store/sanx9fg8mry8mq92zhlm5qvb83qlxrlx-gcc-15.2.0/lib/gcc/x86_64-unknown-linux-gnu/15.2.0/libgcc.a when searching for -lgcc
/nix/store/p2vkw5s89ff1fs2d2rxqxiqil9s0jpcm-binutils-2.46/bin/ld.bfd: skipping incompatible /nix/store/sanx9fg8mry8mq92zhlm5qvb83qlxrlx-gcc-15.2.0/lib/gcc/x86_64-unknown-linux-gnu/15.2.0/libgcc.a when searching for -lgcc
/nix/store/p2vkw5s89ff1fs2d2rxqxiqil9s0jpcm-binutils-2.46/bin/ld.bfd: cannot find -lgcc: No such file or directory
/nix/store/p2vkw5s89ff1fs2d2rxqxiqil9s0jpcm-binutils-2.46/bin/ld.bfd: skipping incompatible /nix/store/si4q3zks5mn5jhzzyri9hhd3cv789vlm-gcc-15.2.0-lib/lib/libgcc_s.so.1 when searching for libgcc_s.so.1
/nix/store/p2vkw5s89ff1fs2d2rxqxiqil9s0jpcm-binutils-2.46/bin/ld.bfd: skipping incompatible /nix/store/si4q3zks5mn5jhzzyri9hhd3cv789vlm-gcc-15.2.0-lib/lib/libgcc_s.so.1 when searching for libgcc_s.so.1
/nix/store/p2vkw5s89ff1fs2d2rxqxiqil9s0jpcm-binutils-2.46/bin/ld.bfd: skipping incompatible /nix/store/si4q3zks5mn5jhzzyri9hhd3cv789vlm-gcc-15.2.0-lib/lib/libgcc_s.so.1 when searching for libgcc_s.so.1
/nix/store/p2vkw5s89ff1fs2d2rxqxiqil9s0jpcm-binutils-2.46/bin/ld.bfd: skipping incompatible /nix/store/si4q3zks5mn5jhzzyri9hhd3cv789vlm-gcc-15.2.0-lib/lib/libgcc_s.so.1 when searching for libgcc_s.so.1
/nix/store/p2vkw5s89ff1fs2d2rxqxiqil9s0jpcm-binutils-2.46/bin/ld.bfd: cannot find libgcc_s.so.1: No such file or directory
/nix/store/p2vkw5s89ff1fs2d2rxqxiqil9s0jpcm-binutils-2.46/bin/ld.bfd: skipping incompatible /nix/store/si4q3zks5mn5jhzzyri9hhd3cv789vlm-gcc-15.2.0-lib/lib/libgcc_s.so.1 when searching for libgcc_s.so.1
/nix/store/p2vkw5s89ff1fs2d2rxqxiqil9s0jpcm-binutils-2.46/bin/ld.bfd: skipping incompatible /nix/store/si4q3zks5mn5jhzzyri9hhd3cv789vlm-gcc-15.2.0-lib/lib/libgcc_s.so.1 when searching for libgcc_s.so.1
/nix/store/p2vkw5s89ff1fs2d2rxqxiqil9s0jpcm-binutils-2.46/bin/ld.bfd: skipping incompatible /nix/store/si4q3zks5mn5jhzzyri9hhd3cv789vlm-gcc-15.2.0-lib/lib/libgcc_s.so.1 when searching for libgcc_s.so.1
/nix/store/p2vkw5s89ff1fs2d2rxqxiqil9s0jpcm-binutils-2.46/bin/ld.bfd: skipping incompatible /nix/store/sanx9fg8mry8mq92zhlm5qvb83qlxrlx-gcc-15.2.0/lib/gcc/x86_64-unknown-linux-gnu/15.2.0/libgcc.a when searching for -lgcc
/nix/store/p2vkw5s89ff1fs2d2rxqxiqil9s0jpcm-binutils-2.46/bin/ld.bfd: skipping incompatible /nix/store/sanx9fg8mry8mq92zhlm5qvb83qlxrlx-gcc-15.2.0/lib/gcc/x86_64-unknown-linux-gnu/15.2.0/libgcc.a when searching for -lgcc
/nix/store/p2vkw5s89ff1fs2d2rxqxiqil9s0jpcm-binutils-2.46/bin/ld.bfd: cannot find -lgcc: No such file or directory
collect2: error: ld returned 1 exit status
configure:14573: $? = 1
configure: program exited with status 1
configure: failed program was:
| /* confdefs.h */
| #define PACKAGE_NAME "strace"
| #define PACKAGE_TARNAME "strace"
| #define PACKAGE_VERSION "UNKNOWN"
| #define PACKAGE_STRING "strace UNKNOWN"
| #define PACKAGE_BUGREPORT "strace-devel@lists.sourceforge.net"
| #define PACKAGE_URL "https://strace.io"
| #define PACKAGE "strace"
| #define VERSION "UNKNOWN"
| #define HAVE_STDIO_H 1
| #define HAVE_STDLIB_H 1
| #define HAVE_STRING_H 1
| #define HAVE_INTTYPES_H 1
| #define HAVE_STDINT_H 1
| #define HAVE_STRINGS_H 1
| #define HAVE_SYS_STAT_H 1
| #define HAVE_SYS_TYPES_H 1
| #define HAVE_UNISTD_H 1
| #define HAVE_WCHAR_H 1
| #define STDC_HEADERS 1
| #define _ALL_SOURCE 1
| #define _COSMO_SOURCE 1
| #define _DARWIN_C_SOURCE 1
| #define _GNU_SOURCE 1
| #define _HPUX_ALT_XOPEN_SOCKET_API 1
| #define _NETBSD_SOURCE 1
| #define _OPENBSD_SOURCE 1
| #define _POSIX_PTHREAD_SEMANTICS 1
| #define __STDC_WANT_IEC_60559_ATTRIBS_EXT__ 1
| #define __STDC_WANT_IEC_60559_BFP_EXT__ 1
| #define __STDC_WANT_IEC_60559_DFP_EXT__ 1
| #define __STDC_WANT_IEC_60559_EXT__ 1
| #define __STDC_WANT_IEC_60559_FUNCS_EXT__ 1
| #define __STDC_WANT_IEC_60559_TYPES_EXT__ 1
| #define __STDC_WANT_LIB_EXT2__ 1
| #define __STDC_WANT_MATH_SPEC_FUNCS__ 1
| #define _TANDEM_SOURCE 1
| #define __EXTENSIONS__ 1
| #define X86_64 1
| #define ENABLE_ARM_OABI 0
| #define HAVE_TYPEOF 1
| #define HAVE_ACCEPT4 1
| #define HAVE_FALLOCATE 1
| #define HAVE_FANOTIFY_MARK 1
| #define HAVE_FOPEN64 1
| #define HAVE_FORK 1
| #define HAVE_FPUTS_UNLOCKED 1
| #define HAVE_FSTATAT 1
| #define HAVE_FTRUNCATE 1
| #define HAVE_FUTIMENS 1
| #define HAVE_IF_INDEXTONAME 1
| #define HAVE_OPEN64 1
| #define HAVE_PRCTL 1
| #define HAVE_PREADV 1
| #define HAVE_PROCESS_VM_READV 1
| #define HAVE_PWRITEV 1
| #define HAVE_READAHEAD 1
| #define HAVE_SIGNALFD 1
| #define HAVE_STPCPY 1
| #define HAVE_STRERROR 1
| #define HAVE_STRSIGNAL 1
| #define HAVE_SYNC_FILE_RANGE 1
| #define HAVE_UTIMENSAT 1
| #define HAVE_SIG_ATOMIC_T 1
| #define HAVE_STRUCT_SIGCONTEXT 1
| #define HAVE_STRUCT_MMSGHDR 1
| #define HAVE___KERNEL_LONG_T 1
| #define HAVE___KERNEL_ULONG_T 1
| #define HAVE_STRUCT___OLD_KERNEL_STAT 1
| #define HAVE_STRUCT_USER_DESC 1
| #define HAVE_STRUCT_STAT_ST_MTIME_NSEC 1
| #define HAVE_STRUCT_FLOCK 1
| #define HAVE_STRUCT_FLOCK64 1
| #define HAVE_STRUCT_TIMEX_TAI 1
| #define HAVE_STRUCT_UTSNAME_DOMAINNAME 1
| #define HAVE_SIGINFO_T_SI_SYSCALL 1
| #define HAVE_SIGINFO_T_SI_TIMERID 1
| #define HAVE_SIGINFO_T_SI_OVERRUN 1
| #define HAVE_STRUCT_PERF_EVENT_ATTR_PRECISE_IP 1
| #define HAVE_STRUCT_PERF_EVENT_ATTR_MMAP_DATA 1
| #define HAVE_STRUCT_PERF_EVENT_ATTR_SAMPLE_ID_ALL 1
| #define HAVE_STRUCT_PERF_EVENT_ATTR_EXCLUDE_HOST 1
| #define HAVE_STRUCT_PERF_EVENT_ATTR_EXCLUDE_GUEST 1
| #define HAVE_STRUCT_PERF_EVENT_ATTR_EXCLUDE_CALLCHAIN_KERNEL 1
| #define HAVE_STRUCT_PERF_EVENT_ATTR_EXCLUDE_CALLCHAIN_USER 1
| #define HAVE_STRUCT_PERF_EVENT_ATTR_MMAP2 1
| #define HAVE_STRUCT_PERF_EVENT_ATTR_COMM_EXEC 1
| #define HAVE_STRUCT_PERF_EVENT_ATTR_USE_CLOCKID 1
| #define HAVE_STRUCT_PERF_EVENT_ATTR_CONTEXT_SWITCH 1
| #define HAVE_STRUCT_PERF_EVENT_ATTR_WRITE_BACKWARD 1
| #define HAVE_STRUCT_PERF_EVENT_ATTR_BP_TYPE 1
| #define HAVE_STRUCT_PERF_EVENT_ATTR_CONFIG1 1
| #define HAVE_STRUCT_PERF_EVENT_ATTR_CONFIG2 1
| #define HAVE_STRUCT_PERF_EVENT_ATTR_BRANCH_SAMPLE_TYPE 1
| #define HAVE_STRUCT_PERF_EVENT_ATTR_SAMPLE_REGS_USER 1
| #define HAVE_STRUCT_PERF_EVENT_ATTR_SAMPLE_STACK_USER 1
| #define HAVE_STRUCT_PERF_EVENT_ATTR_SAMPLE_REGS_INTR 1
| #define HAVE_STRUCT_PERF_EVENT_ATTR_AUX_WATERMARK 1
| #define HAVE_STRUCT_PERF_EVENT_ATTR_SAMPLE_MAX_STACK 1
| #define HAVE_ELF_H 1
| #define HAVE_INTTYPES_H 1
| #define HAVE_LINUX_BSG_H 1
| #define HAVE_LINUX_DM_IOCTL_H 1
| #define HAVE_LINUX_DQBLK_XFS_H 1
| #define HAVE_LINUX_FALLOC_H 1
| #define HAVE_LINUX_FIEMAP_H 1
| #define HAVE_LINUX_FILTER_H 1
| #define HAVE_LINUX_HIDDEV_H 1
| #define HAVE_LINUX_IP_VS_H 1
| #define HAVE_LINUX_IPC_H 1
| #define HAVE_LINUX_MMTIMER_H 1
| #define HAVE_LINUX_MSG_H 1
| #define HAVE_LINUX_PERF_EVENT_H 1
| #define HAVE_LINUX_QUOTA_H 1
| #define HAVE_LINUX_SECCOMP_H 1
| #define HAVE_LINUX_SECUREBITS_H 1
| #define HAVE_LINUX_SEM_H 1
| #define HAVE_LINUX_SHM_H 1
| #define HAVE_LINUX_USERFAULTFD_H 1
| #define HAVE_LINUX_UTSNAME_H 1
| #define HAVE_MQUEUE_H 1
| #define HAVE_NETIPX_IPX_H 1
| #define HAVE_SCSI_SG_H 1
| #define HAVE_SYS_EVENTFD_H 1
| #define HAVE_SYS_FANOTIFY_H 1
| #define HAVE_SYS_IPC_H 1
| #define HAVE_SYS_MSG_H 1
| #define HAVE_SYS_QUOTA_H 1
| #define HAVE_SYS_REG_H 1
| #define HAVE_SYS_SEM_H 1
| #define HAVE_SYS_SHM_H 1
| #define HAVE_SYS_SIGNALFD_H 1
| #define HAVE_SYS_XATTR_H 1
| #define HAVE_NETINET_TCP_H 1
| #define HAVE_NETINET_UDP_H 1
| #define HAVE_LINUX_MQUEUE_H 1
| #define HAVE_LINUX_NETFILTER_ARP_ARP_TABLES_H 1
| #define HAVE_LINUX_NETFILTER_BRIDGE_EBTABLES_H 1
| #define HAVE_LINUX_NETFILTER_IPV4_IP_TABLES_H 1
| #define HAVE_LINUX_NETFILTER_IPV6_IP6_TABLES_H 1
| #define HAVE_LINUX_INPUT_H 1
| #define HAVE_STRUCT_INPUT_ABSINFO_RESOLUTION 1
| #define HAVE_LINUX_BPF_H 1
| #define HAVE_UNION_BPF_ATTR_LOG_BUF 1
| #define HAVE_UNION_BPF_ATTR_BPF_FD 1
| #define HAVE_UNION_BPF_ATTR_ATTACH_FLAGS 1
| #define HAVE_STRUCT_STATFS 1
| #define HAVE_STRUCT_STATFS_F_FRSIZE 1
| #define HAVE_STRUCT_STATFS_F_FLAGS 1
| #define HAVE_STRUCT_STATFS_F_FSID_VAL 1
| #define HAVE_STRUCT_STATFS64 1
| #define HAVE_STRUCT_STATFS64_F_FRSIZE 1
| #define HAVE_STRUCT_STATFS64_F_FLAGS 1
| #define HAVE_STRUCT_STATFS64_F_FSID_VAL 1
| #define HAVE_STRUCT_BLK_USER_TRACE_SETUP 1
| #define HAVE_LINUX_BTRFS_H 1
| #define HAVE_STRUCT_BTRFS_IOCTL_FEATURE_FLAGS_COMPAT_FLAGS 1
| #define HAVE_STRUCT_BTRFS_IOCTL_FS_INFO_ARGS_NODESIZE 1
| #define HAVE_STRUCT_BTRFS_IOCTL_DEFRAG_RANGE_ARGS_START 1
| #define HAVE_STRUCT_BTRFS_IOCTL_SEARCH_ARGS_V2_BUF_SIZE 1
| #define HAVE_DECL_BTRFS_COMPRESS_NONE 0
| #define HAVE_DECL_BTRFS_COMPRESS_ZLIB 0
| #define HAVE_DECL_BTRFS_COMPRESS_LZO 0
| #define HAVE_DECL_SYS_ERRLIST 0
| #define HAVE_DECL_PTRACE_PEEKUSER 1
| #define HAVE_DECL_PTRACE_POKEUSER 1
| #define HAVE_DECL_P_PID 1
| #define HAVE_DECL_P_PPID 0
| #define HAVE_DECL_P_PGID 1
| #define HAVE_DECL_P_SID 0
| #define HAVE_DECL_P_CID 0
| #define HAVE_DECL_P_UID 0
| #define HAVE_DECL_P_GID 0
| #define HAVE_DECL_P_ALL 1
| #define HAVE_DECL_P_LWPID 0
| #define HAVE_DECL_LO_FLAGS_READ_ONLY 1
| #define HAVE_DECL_LO_FLAGS_USE_AOPS 0
| #define HAVE_DECL_LO_FLAGS_AUTOCLEAR 1
| #define HAVE_DECL_LO_FLAGS_PARTSCAN 1
| #define HAVE_DECL_LO_FLAGS_DIRECT_IO 1
| #define HAVE_DECL_CTL_PROC 1
| #define HAVE_DECL_CTL_ARLAN 1
| #define HAVE_DECL_CTL_S390DBF 1
| #define HAVE_DECL_CTL_SUNRPC 1
| #define HAVE_DECL_CTL_PM 1
| #define HAVE_DECL_CTL_FRV 1
| #define HAVE_DECL_KERN_PRINTK_RATELIMIT 1
| #define HAVE_DECL_KERN_PRINTK_RATELIMIT_BURST 1
| #define HAVE_DECL_KERN_PTY 1
| #define HAVE_DECL_KERN_NGROUPS_MAX 1
| #define HAVE_DECL_KERN_SPARC_SCONS_PWROFF 1
| #define HAVE_DECL_KERN_HZ_TIMER 1
| #define HAVE_DECL_KERN_UNKNOWN_NMI_PANIC 1
| #define HAVE_DECL_KERN_BOOTLOADER_TYPE 1
| #define HAVE_DECL_KERN_RANDOMIZE 1
| #define HAVE_DECL_KERN_SETUID_DUMPABLE 1
| #define HAVE_DECL_KERN_SPIN_RETRY 1
| #define HAVE_DECL_KERN_ACPI_VIDEO_FLAGS 1
| #define HAVE_DECL_KERN_IA64_UNALIGNED 1
| #define HAVE_DECL_KERN_COMPAT_LOG 1
| #define HAVE_DECL_KERN_MAX_LOCK_DEPTH 1
| #define HAVE_DECL_KERN_NMI_WATCHDOG 1
| #define HAVE_DECL_KERN_PANIC_ON_NMI 1
| #define HAVE_DECL_NET_LLC 1
| #define HAVE_DECL_NET_NETFILTER 1
| #define HAVE_DECL_NET_DCCP 1
| #define HAVE_DECL_NET_IRDA 1
| #define HAVE_DECL_NET_CORE_DESTROY_DELAY 0
| #define HAVE_DECL_NET_CORE_BUDGET 1
| #define HAVE_DECL_NET_CORE_AEVENT_ETIME 1
| #define HAVE_DECL_NET_CORE_AEVENT_RSEQTH 1
| #define HAVE_DECL_NET_CORE_WARNINGS 1
| #define HAVE_DECL_NET_IPV4_IGMP_MAX_MSF 1
| #define HAVE_DECL_NET_TCP_NO_METRICS_SAVE 1
| #define HAVE_DECL_NET_TCP_DEFAULT_WIN_SCALE 1
| #define HAVE_DECL_NET_TCP_MODERATE_RCVBUF 1
| #define HAVE_DECL_NET_TCP_TSO_WIN_DIVISOR 1
| #define HAVE_DECL_NET_TCP_BIC_BETA 1
| #define HAVE_DECL_NET_IPV4_ICMP_ERRORS_USE_INBOUND_IFADDR 1
| #define HAVE_DECL_NET_TCP_CONG_CONTROL 1
| #define HAVE_DECL_NET_TCP_ABC 1
| #define HAVE_DECL_NET_IPV4_IPFRAG_MAX_DIST 1
| #define HAVE_DECL_NET_TCP_MTU_PROBING 1
| #define HAVE_DECL_NET_TCP_BASE_MSS 1
| #define HAVE_DECL_NET_IPV4_TCP_WORKAROUND_SIGNED_WINDOWS 1
| #define HAVE_DECL_NET_TCP_DMA_COPYBREAK 1
| #define HAVE_DECL_NET_TCP_SLOW_START_AFTER_IDLE 1
| #define HAVE_DECL_NET_CIPSOV4_CACHE_ENABLE 1
| #define HAVE_DECL_NET_CIPSOV4_CACHE_BUCKET_SIZE 1
| #define HAVE_DECL_NET_CIPSOV4_RBM_OPTFMT 1
| #define HAVE_DECL_NET_CIPSOV4_RBM_STRICTVALID 1
| #define HAVE_DECL_NET_TCP_AVAIL_CONG_CONTROL 1
| #define HAVE_DECL_NET_TCP_ALLOWED_CONG_CONTROL 1
| #define HAVE_DECL_NET_TCP_MAX_SSTHRESH 1
| #define HAVE_DECL_NET_TCP_FRTO_RESPONSE 1
| #define HAVE_DECL_NET_IPV4_ROUTE_GC_MIN_INTERVAL_MS 1
| #define HAVE_DECL_NET_IPV4_CONF_FORCE_IGMP_VERSION 1
| #define HAVE_DECL_NET_IPV4_CONF_ARP_ANNOUNCE 1
| #define HAVE_DECL_NET_IPV4_CONF_ARP_IGNORE 1
| #define HAVE_DECL_NET_IPV4_CONF_PROMOTE_SECONDARIES 1
| #define HAVE_DECL_NET_IPV4_CONF_ARP_ACCEPT 1
| #define HAVE_DECL_NET_IPV4_CONF_ARP_NOTIFY 1
| #define HAVE_DECL_NET_IPV6_MLD_MAX_MSF 1
| #define HAVE_DECL_NET_IPV6_ROUTE_GC_MIN_INTERVAL_MS 1
| #define HAVE_DECL_VM_MAX_MAP_COUNT 1
| #define HAVE_DECL_VM_LAPTOP_MODE 1
| #define HAVE_DECL_VM_BLOCK_DUMP 1
| #define HAVE_DECL_VM_HUGETLB_GROUP 1
| #define HAVE_DECL_VM_VFS_CACHE_PRESSURE 1
| #define HAVE_DECL_VM_LEGACY_VA_LAYOUT 1
| #define HAVE_DECL_VM_SWAP_TOKEN_TIMEOUT 1
| #define HAVE_DECL_V4L2_FIELD_ANY 1
| #define HAVE_DECL_V4L2_FIELD_NONE 1
| #define HAVE_DECL_V4L2_FIELD_TOP 1
| #define HAVE_DECL_V4L2_FIELD_BOTTOM 1
| #define HAVE_DECL_V4L2_FIELD_INTERLACED 1
| #define HAVE_DECL_V4L2_FIELD_SEQ_TB 1
| #define HAVE_DECL_V4L2_FIELD_SEQ_BT 1
| #define HAVE_DECL_V4L2_FIELD_ALTERNATE 1
| #define HAVE_DECL_V4L2_FIELD_INTERLACED_TB 1
| #define HAVE_DECL_V4L2_FIELD_INTERLACED_BT 1
| #define HAVE_DECL_V4L2_BUF_TYPE_VIDEO_CAPTURE 1
| #define HAVE_DECL_V4L2_BUF_TYPE_VIDEO_CAPTURE_MPLANE 1
| #define HAVE_DECL_V4L2_BUF_TYPE_VIDEO_OUTPUT 1
| #define HAVE_DECL_V4L2_BUF_TYPE_VIDEO_OUTPUT_MPLANE 1
| #define HAVE_DECL_V4L2_BUF_TYPE_VIDEO_OVERLAY 1
| #define HAVE_DECL_V4L2_BUF_TYPE_VBI_CAPTURE 1
| #define HAVE_DECL_V4L2_BUF_TYPE_VBI_OUTPUT 1
| #define HAVE_DECL_V4L2_BUF_TYPE_SLICED_VBI_CAPTURE 1
| #define HAVE_DECL_V4L2_BUF_TYPE_SLICED_VBI_OUTPUT 1
| #define HAVE_DECL_V4L2_BUF_TYPE_VIDEO_OUTPUT_OVERLAY 1
| #define HAVE_DECL_V4L2_TUNER_RADIO 1
| #define HAVE_DECL_V4L2_TUNER_ANALOG_TV 1
| #define HAVE_DECL_V4L2_TUNER_DIGITAL_TV 1
| #define HAVE_DECL_V4L2_MEMORY_MMAP 1
| #define HAVE_DECL_V4L2_MEMORY_USERPTR 1
| #define HAVE_DECL_V4L2_MEMORY_OVERLAY 1
| #define HAVE_DECL_V4L2_MEMORY_DMABUF 1
| #define HAVE_DECL_V4L2_COLORSPACE_SMPTE170M 1
| #define HAVE_DECL_V4L2_COLORSPACE_SMPTE240M 1
| #define HAVE_DECL_V4L2_COLORSPACE_REC709 1
| #define HAVE_DECL_V4L2_COLORSPACE_BT878 1
| #define HAVE_DECL_V4L2_COLORSPACE_470_SYSTEM_M 1
| #define HAVE_DECL_V4L2_COLORSPACE_470_SYSTEM_BG 1
| #define HAVE_DECL_V4L2_COLORSPACE_JPEG 1
| #define HAVE_DECL_V4L2_COLORSPACE_SRGB 1
| #define HAVE_DECL_V4L2_PRIORITY_UNSET 1
| #define HAVE_DECL_V4L2_PRIORITY_BACKGROUND 1
| #define HAVE_DECL_V4L2_PRIORITY_INTERACTIVE 1
| #define HAVE_DECL_V4L2_PRIORITY_RECORD 1
| #define HAVE_DECL_V4L2_FRMSIZE_TYPE_DISCRETE 1
| #define HAVE_DECL_V4L2_FRMSIZE_TYPE_CONTINUOUS 1
| #define HAVE_DECL_V4L2_FRMSIZE_TYPE_STEPWISE 1
| #define HAVE_DECL_V4L2_FRMIVAL_TYPE_DISCRETE 1
| #define HAVE_DECL_V4L2_FRMIVAL_TYPE_CONTINUOUS 1
| #define HAVE_DECL_V4L2_FRMIVAL_TYPE_STEPWISE 1
| #define HAVE_DECL_V4L2_CTRL_TYPE_INTEGER 1
| #define HAVE_DECL_V4L2_CTRL_TYPE_BOOLEAN 1
| #define HAVE_DECL_V4L2_CTRL_TYPE_MENU 1
| #define HAVE_DECL_V4L2_CTRL_TYPE_BUTTON 1
| #define HAVE_DECL_V4L2_CTRL_TYPE_INTEGER64 1
| #define HAVE_DECL_V4L2_CTRL_TYPE_CTRL_CLASS 1
| #define HAVE_DECL_V4L2_CTRL_TYPE_STRING 1
| #define HAVE_DECL_V4L2_CTRL_TYPE_BITMASK 1
| #define HAVE_DECL_V4L2_CTRL_TYPE_INTEGER_MENU 1
| #define HAVE_BLKGETSIZE64 1
| #define SIZEOF_LONG 8
| #define SIZEOF_LONG_LONG 8
| #define SIZEOF_OFF_T 8
| #define SIZEOF_KERNEL_LONG_T 8
| #define SIZEOF_STRUCT_I64_I32 16
| #define ASM_SIGRTMIN 32
| #define ASM_SA_RESTORER 0x04000000
| #define HAVE___BUILTIN_POPCOUNT 1
| #define HAVE_DLADDR 1
| /* end confdefs.h.  */
| #include <stdint.h>
| 							 int main(){return 0;}
configure:14587: result: no
configure:14589: checking whether mpers.sh -m32 works
configure:14603: result: yes
configure:14631: checking for struct stat
configure:14631: gcc -c -std=gnu17 -O2 -g -m32 -I.  conftest.c >&5
configure:14631: $? = 0
configure:14631: gcc -c -std=gnu17 -O2 -g -m32 -I.  conftest.c >&5
conftest.c: In function 'main':
conftest.c:324:26: error: expected expression before ')' token
  324 | if (sizeof ((struct stat)))
      |                          ^
configure:14631: $? = 1
configure: failed program was:
| /* confdefs.h */
| #define PACKAGE_NAME "strace"
| #define PACKAGE_TARNAME "strace"
| #define PACKAGE_VERSION "UNKNOWN"
| #define PACKAGE_STRING "strace UNKNOWN"
| #define PACKAGE_BUGREPORT "strace-devel@lists.sourceforge.net"
| #define PACKAGE_URL "https://strace.io"
| #define PACKAGE "strace"
| #define VERSION "UNKNOWN"
| #define HAVE_STDIO_H 1
| #define HAVE_STDLIB_H 1
| #define HAVE_STRING_H 1
| #define HAVE_INTTYPES_H 1
| #define HAVE_STDINT_H 1
| #define HAVE_STRINGS_H 1
| #define HAVE_SYS_STAT_H 1
| #define HAVE_SYS_TYPES_H 1
| #define HAVE_UNISTD_H 1
| #define HAVE_WCHAR_H 1
| #define STDC_HEADERS 1
| #define _ALL_SOURCE 1
| #define _COSMO_SOURCE 1
| #define _DARWIN_C_SOURCE 1
| #define _GNU_SOURCE 1
| #define _HPUX_ALT_XOPEN_SOCKET_API 1
| #define _NETBSD_SOURCE 1
| #define _OPENBSD_SOURCE 1
| #define _POSIX_PTHREAD_SEMANTICS 1
| #define __STDC_WANT_IEC_60559_ATTRIBS_EXT__ 1
| #define __STDC_WANT_IEC_60559_BFP_EXT__ 1
| #define __STDC_WANT_IEC_60559_DFP_EXT__ 1
| #define __STDC_WANT_IEC_60559_EXT__ 1
| #define __STDC_WANT_IEC_60559_FUNCS_EXT__ 1
| #define __STDC_WANT_IEC_60559_TYPES_EXT__ 1
| #define __STDC_WANT_LIB_EXT2__ 1
| #define __STDC_WANT_MATH_SPEC_FUNCS__ 1
| #define _TANDEM_SOURCE 1
| #define __EXTENSIONS__ 1
| #define X86_64 1
| #define ENABLE_ARM_OABI 0
| #define HAVE_TYPEOF 1
| #define HAVE_ACCEPT4 1
| #define HAVE_FALLOCATE 1
| #define HAVE_FANOTIFY_MARK 1
| #define HAVE_FOPEN64 1
| #define HAVE_FORK 1
| #define HAVE_FPUTS_UNLOCKED 1
| #define HAVE_FSTATAT 1
| #define HAVE_FTRUNCATE 1
| #define HAVE_FUTIMENS 1
| #define HAVE_IF_INDEXTONAME 1
| #define HAVE_OPEN64 1
| #define HAVE_PRCTL 1
| #define HAVE_PREADV 1
| #define HAVE_PROCESS_VM_READV 1
| #define HAVE_PWRITEV 1
| #define HAVE_READAHEAD 1
| #define HAVE_SIGNALFD 1
| #define HAVE_STPCPY 1
| #define HAVE_STRERROR 1
| #define HAVE_STRSIGNAL 1
| #define HAVE_SYNC_FILE_RANGE 1
| #define HAVE_UTIMENSAT 1
| #define HAVE_SIG_ATOMIC_T 1
| #define HAVE_STRUCT_SIGCONTEXT 1
| #define HAVE_STRUCT_MMSGHDR 1
| #define HAVE___KERNEL_LONG_T 1
| #define HAVE___KERNEL_ULONG_T 1
| #define HAVE_STRUCT___OLD_KERNEL_STAT 1
| #define HAVE_STRUCT_USER_DESC 1
| #define HAVE_STRUCT_STAT_ST_MTIME_NSEC 1
| #define HAVE_STRUCT_FLOCK 1
| #define HAVE_STRUCT_FLOCK64 1
| #define HAVE_STRUCT_TIMEX_TAI 1
| #define HAVE_STRUCT_UTSNAME_DOMAINNAME 1
| #define HAVE_SIGINFO_T_SI_SYSCALL 1
| #define HAVE_SIGINFO_T_SI_TIMERID 1
| #define HAVE_SIGINFO_T_SI_OVERRUN 1
| #define HAVE_STRUCT_PERF_EVENT_ATTR_PRECISE_IP 1
| #define HAVE_STRUCT_PERF_EVENT_ATTR_MMAP_DATA 1
| #define HAVE_STRUCT_PERF_EVENT_ATTR_SAMPLE_ID_ALL 1
| #define HAVE_STRUCT_PERF_EVENT_ATTR_EXCLUDE_HOST 1
| #define HAVE_STRUCT_PERF_EVENT_ATTR_EXCLUDE_GUEST 1
| #define HAVE_STRUCT_PERF_EVENT_ATTR_EXCLUDE_CALLCHAIN_KERNEL 1
| #define HAVE_STRUCT_PERF_EVENT_ATTR_EXCLUDE_CALLCHAIN_USER 1
| #define HAVE_STRUCT_PERF_EVENT_ATTR_MMAP2 1
| #define HAVE_STRUCT_PERF_EVENT_ATTR_COMM_EXEC 1
| #define HAVE_STRUCT_PERF_EVENT_ATTR_USE_CLOCKID 1
| #define HAVE_STRUCT_PERF_EVENT_ATTR_CONTEXT_SWITCH 1
| #define HAVE_STRUCT_PERF_EVENT_ATTR_WRITE_BACKWARD 1
| #define HAVE_STRUCT_PERF_EVENT_ATTR_BP_TYPE 1
| #define HAVE_STRUCT_PERF_EVENT_ATTR_CONFIG1 1
| #define HAVE_STRUCT_PERF_EVENT_ATTR_CONFIG2 1
| #define HAVE_STRUCT_PERF_EVENT_ATTR_BRANCH_SAMPLE_TYPE 1
| #define HAVE_STRUCT_PERF_EVENT_ATTR_SAMPLE_REGS_USER 1
| #define HAVE_STRUCT_PERF_EVENT_ATTR_SAMPLE_STACK_USER 1
| #define HAVE_STRUCT_PERF_EVENT_ATTR_SAMPLE_REGS_INTR 1
| #define HAVE_STRUCT_PERF_EVENT_ATTR_AUX_WATERMARK 1
| #define HAVE_STRUCT_PERF_EVENT_ATTR_SAMPLE_MAX_STACK 1
| #define HAVE_ELF_H 1
| #define HAVE_INTTYPES_H 1
| #define HAVE_LINUX_BSG_H 1
| #define HAVE_LINUX_DM_IOCTL_H 1
| #define HAVE_LINUX_DQBLK_XFS_H 1
| #define HAVE_LINUX_FALLOC_H 1
| #define HAVE_LINUX_FIEMAP_H 1
| #define HAVE_LINUX_FILTER_H 1
| #define HAVE_LINUX_HIDDEV_H 1
| #define HAVE_LINUX_IP_VS_H 1
| #define HAVE_LINUX_IPC_H 1
| #define HAVE_LINUX_MMTIMER_H 1
| #define HAVE_LINUX_MSG_H 1
| #define HAVE_LINUX_PERF_EVENT_H 1
| #define HAVE_LINUX_QUOTA_H 1
| #define HAVE_LINUX_SECCOMP_H 1
| #define HAVE_LINUX_SECUREBITS_H 1
| #define HAVE_LINUX_SEM_H 1
| #define HAVE_LINUX_SHM_H 1
| #define HAVE_LINUX_USERFAULTFD_H 1
| #define HAVE_LINUX_UTSNAME_H 1
| #define HAVE_MQUEUE_H 1
| #define HAVE_NETIPX_IPX_H 1
| #define HAVE_SCSI_SG_H 1
| #define HAVE_SYS_EVENTFD_H 1
| #define HAVE_SYS_FANOTIFY_H 1
| #define HAVE_SYS_IPC_H 1
| #define HAVE_SYS_MSG_H 1
| #define HAVE_SYS_QUOTA_H 1
| #define HAVE_SYS_REG_H 1
| #define HAVE_SYS_SEM_H 1
| #define HAVE_SYS_SHM_H 1
| #define HAVE_SYS_SIGNALFD_H 1
| #define HAVE_SYS_XATTR_H 1
| #define HAVE_NETINET_TCP_H 1
| #define HAVE_NETINET_UDP_H 1
| #define HAVE_LINUX_MQUEUE_H 1
| #define HAVE_LINUX_NETFILTER_ARP_ARP_TABLES_H 1
| #define HAVE_LINUX_NETFILTER_BRIDGE_EBTABLES_H 1
| #define HAVE_LINUX_NETFILTER_IPV4_IP_TABLES_H 1
| #define HAVE_LINUX_NETFILTER_IPV6_IP6_TABLES_H 1
| #define HAVE_LINUX_INPUT_H 1
| #define HAVE_STRUCT_INPUT_ABSINFO_RESOLUTION 1
| #define HAVE_LINUX_BPF_H 1
| #define HAVE_UNION_BPF_ATTR_LOG_BUF 1
| #define HAVE_UNION_BPF_ATTR_BPF_FD 1
| #define HAVE_UNION_BPF_ATTR_ATTACH_FLAGS 1
| #define HAVE_STRUCT_STATFS 1
| #define HAVE_STRUCT_STATFS_F_FRSIZE 1
| #define HAVE_STRUCT_STATFS_F_FLAGS 1
| #define HAVE_STRUCT_STATFS_F_FSID_VAL 1
| #define HAVE_STRUCT_STATFS64 1
| #define HAVE_STRUCT_STATFS64_F_FRSIZE 1
| #define HAVE_STRUCT_STATFS64_F_FLAGS 1
| #define HAVE_STRUCT_STATFS64_F_FSID_VAL 1
| #define HAVE_STRUCT_BLK_USER_TRACE_SETUP 1
| #define HAVE_LINUX_BTRFS_H 1
| #define HAVE_STRUCT_BTRFS_IOCTL_FEATURE_FLAGS_COMPAT_FLAGS 1
| #define HAVE_STRUCT_BTRFS_IOCTL_FS_INFO_ARGS_NODESIZE 1
| #define HAVE_STRUCT_BTRFS_IOCTL_DEFRAG_RANGE_ARGS_START 1
| #define HAVE_STRUCT_BTRFS_IOCTL_SEARCH_ARGS_V2_BUF_SIZE 1
| #define HAVE_DECL_BTRFS_COMPRESS_NONE 0
| #define HAVE_DECL_BTRFS_COMPRESS_ZLIB 0
| #define HAVE_DECL_BTRFS_COMPRESS_LZO 0
| #define HAVE_DECL_SYS_ERRLIST 0
| #define HAVE_DECL_PTRACE_PEEKUSER 1
| #define HAVE_DECL_PTRACE_POKEUSER 1
| #define HAVE_DECL_P_PID 1
| #define HAVE_DECL_P_PPID 0
| #define HAVE_DECL_P_PGID 1
| #define HAVE_DECL_P_SID 0
| #define HAVE_DECL_P_CID 0
| #define HAVE_DECL_P_UID 0
| #define HAVE_DECL_P_GID 0
| #define HAVE_DECL_P_ALL 1
| #define HAVE_DECL_P_LWPID 0
| #define HAVE_DECL_LO_FLAGS_READ_ONLY 1
| #define HAVE_DECL_LO_FLAGS_USE_AOPS 0
| #define HAVE_DECL_LO_FLAGS_AUTOCLEAR 1
| #define HAVE_DECL_LO_FLAGS_PARTSCAN 1
| #define HAVE_DECL_LO_FLAGS_DIRECT_IO 1
| #define HAVE_DECL_CTL_PROC 1
| #define HAVE_DECL_CTL_ARLAN 1
| #define HAVE_DECL_CTL_S390DBF 1
| #define HAVE_DECL_CTL_SUNRPC 1
| #define HAVE_DECL_CTL_PM 1
| #define HAVE_DECL_CTL_FRV 1
| #define HAVE_DECL_KERN_PRINTK_RATELIMIT 1
| #define HAVE_DECL_KERN_PRINTK_RATELIMIT_BURST 1
| #define HAVE_DECL_KERN_PTY 1
| #define HAVE_DECL_KERN_NGROUPS_MAX 1
| #define HAVE_DECL_KERN_SPARC_SCONS_PWROFF 1
| #define HAVE_DECL_KERN_HZ_TIMER 1
| #define HAVE_DECL_KERN_UNKNOWN_NMI_PANIC 1
| #define HAVE_DECL_KERN_BOOTLOADER_TYPE 1
| #define HAVE_DECL_KERN_RANDOMIZE 1
| #define HAVE_DECL_KERN_SETUID_DUMPABLE 1
| #define HAVE_DECL_KERN_SPIN_RETRY 1
| #define HAVE_DECL_KERN_ACPI_VIDEO_FLAGS 1
| #define HAVE_DECL_KERN_IA64_UNALIGNED 1
| #define HAVE_DECL_KERN_COMPAT_LOG 1
| #define HAVE_DECL_KERN_MAX_LOCK_DEPTH 1
| #define HAVE_DECL_KERN_NMI_WATCHDOG 1
| #define HAVE_DECL_KERN_PANIC_ON_NMI 1
| #define HAVE_DECL_NET_LLC 1
| #define HAVE_DECL_NET_NETFILTER 1
| #define HAVE_DECL_NET_DCCP 1
| #define HAVE_DECL_NET_IRDA 1
| #define HAVE_DECL_NET_CORE_DESTROY_DELAY 0
| #define HAVE_DECL_NET_CORE_BUDGET 1
| #define HAVE_DECL_NET_CORE_AEVENT_ETIME 1
| #define HAVE_DECL_NET_CORE_AEVENT_RSEQTH 1
| #define HAVE_DECL_NET_CORE_WARNINGS 1
| #define HAVE_DECL_NET_IPV4_IGMP_MAX_MSF 1
| #define HAVE_DECL_NET_TCP_NO_METRICS_SAVE 1
| #define HAVE_DECL_NET_TCP_DEFAULT_WIN_SCALE 1
| #define HAVE_DECL_NET_TCP_MODERATE_RCVBUF 1
| #define HAVE_DECL_NET_TCP_TSO_WIN_DIVISOR 1
| #define HAVE_DECL_NET_TCP_BIC_BETA 1
| #define HAVE_DECL_NET_IPV4_ICMP_ERRORS_USE_INBOUND_IFADDR 1
| #define HAVE_DECL_NET_TCP_CONG_CONTROL 1
| #define HAVE_DECL_NET_TCP_ABC 1
| #define HAVE_DECL_NET_IPV4_IPFRAG_MAX_DIST 1
| #define HAVE_DECL_NET_TCP_MTU_PROBING 1
| #define HAVE_DECL_NET_TCP_BASE_MSS 1
| #define HAVE_DECL_NET_IPV4_TCP_WORKAROUND_SIGNED_WINDOWS 1
| #define HAVE_DECL_NET_TCP_DMA_COPYBREAK 1
| #define HAVE_DECL_NET_TCP_SLOW_START_AFTER_IDLE 1
| #define HAVE_DECL_NET_CIPSOV4_CACHE_ENABLE 1
| #define HAVE_DECL_NET_CIPSOV4_CACHE_BUCKET_SIZE 1
| #define HAVE_DECL_NET_CIPSOV4_RBM_OPTFMT 1
| #define HAVE_DECL_NET_CIPSOV4_RBM_STRICTVALID 1
| #define HAVE_DECL_NET_TCP_AVAIL_CONG_CONTROL 1
| #define HAVE_DECL_NET_TCP_ALLOWED_CONG_CONTROL 1
| #define HAVE_DECL_NET_TCP_MAX_SSTHRESH 1
| #define HAVE_DECL_NET_TCP_FRTO_RESPONSE 1
| #define HAVE_DECL_NET_IPV4_ROUTE_GC_MIN_INTERVAL_MS 1
| #define HAVE_DECL_NET_IPV4_CONF_FORCE_IGMP_VERSION 1
| #define HAVE_DECL_NET_IPV4_CONF_ARP_ANNOUNCE 1
| #define HAVE_DECL_NET_IPV4_CONF_ARP_IGNORE 1
| #define HAVE_DECL_NET_IPV4_CONF_PROMOTE_SECONDARIES 1
| #define HAVE_DECL_NET_IPV4_CONF_ARP_ACCEPT 1
| #define HAVE_DECL_NET_IPV4_CONF_ARP_NOTIFY 1
| #define HAVE_DECL_NET_IPV6_MLD_MAX_MSF 1
| #define HAVE_DECL_NET_IPV6_ROUTE_GC_MIN_INTERVAL_MS 1
| #define HAVE_DECL_VM_MAX_MAP_COUNT 1
| #define HAVE_DECL_VM_LAPTOP_MODE 1
| #define HAVE_DECL_VM_BLOCK_DUMP 1
| #define HAVE_DECL_VM_HUGETLB_GROUP 1
| #define HAVE_DECL_VM_VFS_CACHE_PRESSURE 1
| #define HAVE_DECL_VM_LEGACY_VA_LAYOUT 1
| #define HAVE_DECL_VM_SWAP_TOKEN_TIMEOUT 1
| #define HAVE_DECL_V4L2_FIELD_ANY 1
| #define HAVE_DECL_V4L2_FIELD_NONE 1
| #define HAVE_DECL_V4L2_FIELD_TOP 1
| #define HAVE_DECL_V4L2_FIELD_BOTTOM 1
| #define HAVE_DECL_V4L2_FIELD_INTERLACED 1
| #define HAVE_DECL_V4L2_FIELD_SEQ_TB 1
| #define HAVE_DECL_V4L2_FIELD_SEQ_BT 1
| #define HAVE_DECL_V4L2_FIELD_ALTERNATE 1
| #define HAVE_DECL_V4L2_FIELD_INTERLACED_TB 1
| #define HAVE_DECL_V4L2_FIELD_INTERLACED_BT 1
| #define HAVE_DECL_V4L2_BUF_TYPE_VIDEO_CAPTURE 1
| #define HAVE_DECL_V4L2_BUF_TYPE_VIDEO_CAPTURE_MPLANE 1
| #define HAVE_DECL_V4L2_BUF_TYPE_VIDEO_OUTPUT 1
| #define HAVE_DECL_V4L2_BUF_TYPE_VIDEO_OUTPUT_MPLANE 1
| #define HAVE_DECL_V4L2_BUF_TYPE_VIDEO_OVERLAY 1
| #define HAVE_DECL_V4L2_BUF_TYPE_VBI_CAPTURE 1
| #define HAVE_DECL_V4L2_BUF_TYPE_VBI_OUTPUT 1
| #define HAVE_DECL_V4L2_BUF_TYPE_SLICED_VBI_CAPTURE 1
| #define HAVE_DECL_V4L2_BUF_TYPE_SLICED_VBI_OUTPUT 1
| #define HAVE_DECL_V4L2_BUF_TYPE_VIDEO_OUTPUT_OVERLAY 1
| #define HAVE_DECL_V4L2_TUNER_RADIO 1
| #define HAVE_DECL_V4L2_TUNER_ANALOG_TV 1
| #define HAVE_DECL_V4L2_TUNER_DIGITAL_TV 1
| #define HAVE_DECL_V4L2_MEMORY_MMAP 1
| #define HAVE_DECL_V4L2_MEMORY_USERPTR 1
| #define HAVE_DECL_V4L2_MEMORY_OVERLAY 1
| #define HAVE_DECL_V4L2_MEMORY_DMABUF 1
| #define HAVE_DECL_V4L2_COLORSPACE_SMPTE170M 1
| #define HAVE_DECL_V4L2_COLORSPACE_SMPTE240M 1
| #define HAVE_DECL_V4L2_COLORSPACE_REC709 1
| #define HAVE_DECL_V4L2_COLORSPACE_BT878 1
| #define HAVE_DECL_V4L2_COLORSPACE_470_SYSTEM_M 1
| #define HAVE_DECL_V4L2_COLORSPACE_470_SYSTEM_BG 1
| #define HAVE_DECL_V4L2_COLORSPACE_JPEG 1
| #define HAVE_DECL_V4L2_COLORSPACE_SRGB 1
| #define HAVE_DECL_V4L2_PRIORITY_UNSET 1
| #define HAVE_DECL_V4L2_PRIORITY_BACKGROUND 1
| #define HAVE_DECL_V4L2_PRIORITY_INTERACTIVE 1
| #define HAVE_DECL_V4L2_PRIORITY_RECORD 1
| #define HAVE_DECL_V4L2_FRMSIZE_TYPE_DISCRETE 1
| #define HAVE_DECL_V4L2_FRMSIZE_TYPE_CONTINUOUS 1
| #define HAVE_DECL_V4L2_FRMSIZE_TYPE_STEPWISE 1
| #define HAVE_DECL_V4L2_FRMIVAL_TYPE_DISCRETE 1
| #define HAVE_DECL_V4L2_FRMIVAL_TYPE_CONTINUOUS 1
| #define HAVE_DECL_V4L2_FRMIVAL_TYPE_STEPWISE 1
| #define HAVE_DECL_V4L2_CTRL_TYPE_INTEGER 1
| #define HAVE_DECL_V4L2_CTRL_TYPE_BOOLEAN 1
| #define HAVE_DECL_V4L2_CTRL_TYPE_MENU 1
| #define HAVE_DECL_V4L2_CTRL_TYPE_BUTTON 1
| #define HAVE_DECL_V4L2_CTRL_TYPE_INTEGER64 1
| #define HAVE_DECL_V4L2_CTRL_TYPE_CTRL_CLASS 1
| #define HAVE_DECL_V4L2_CTRL_TYPE_STRING 1
| #define HAVE_DECL_V4L2_CTRL_TYPE_BITMASK 1
| #define HAVE_DECL_V4L2_CTRL_TYPE_INTEGER_MENU 1
| #define HAVE_BLKGETSIZE64 1
| #define SIZEOF_LONG 8
| #define SIZEOF_LONG_LONG 8
| #define SIZEOF_OFF_T 8
| #define SIZEOF_KERNEL_LONG_T 8
| #define SIZEOF_STRUCT_I64_I32 16
| #define ASM_SIGRTMIN 32
| #define ASM_SA_RESTORER 0x04000000
| #define HAVE___BUILTIN_POPCOUNT 1
| #define HAVE_DLADDR 1
| #define HAVE_M32_MPERS 1
| /* end confdefs.h.  */
| #include <sys/types.h>
| #include <asm/stat.h>
| 
| int
| main (void)
| {
| if (sizeof ((struct stat)))
| 	    return 0;
|   ;
|   return 0;
| }
configure:14631: result: yes
configure:14682: checking for struct stat.st_mtime_nsec
configure:14682: gcc -c -std=gnu17 -O2 -g -m32 -I.  conftest.c >&5
configure:14682: $? = 0
configure:14682: result: yes
configure:14736: checking for struct stat64
configure:14736: gcc -c -std=gnu17 -O2 -g -m32 -I.  conftest.c >&5
configure:14736: $? = 0
configure:14736: gcc -c -std=gnu17 -O2 -g -m32 -I.  conftest.c >&5
conftest.c: In function 'main':
conftest.c:326:28: error: expected expression before ')' token
  326 | if (sizeof ((struct stat64)))
      |                            ^
configure:14736: $? = 1
configure: failed program was:
| /* confdefs.h */
| #define PACKAGE_NAME "strace"
| #define PACKAGE_TARNAME "strace"
| #define PACKAGE_VERSION "UNKNOWN"
| #define PACKAGE_STRING "strace UNKNOWN"
| #define PACKAGE_BUGREPORT "strace-devel@lists.sourceforge.net"
| #define PACKAGE_URL "https://strace.io"
| #define PACKAGE "strace"
| #define VERSION "UNKNOWN"
| #define HAVE_STDIO_H 1
| #define HAVE_STDLIB_H 1
| #define HAVE_STRING_H 1
| #define HAVE_INTTYPES_H 1
| #define HAVE_STDINT_H 1
| #define HAVE_STRINGS_H 1
| #define HAVE_SYS_STAT_H 1
| #define HAVE_SYS_TYPES_H 1
| #define HAVE_UNISTD_H 1
| #define HAVE_WCHAR_H 1
| #define STDC_HEADERS 1
| #define _ALL_SOURCE 1
| #define _COSMO_SOURCE 1
| #define _DARWIN_C_SOURCE 1
| #define _GNU_SOURCE 1
| #define _HPUX_ALT_XOPEN_SOCKET_API 1
| #define _NETBSD_SOURCE 1
| #define _OPENBSD_SOURCE 1
| #define _POSIX_PTHREAD_SEMANTICS 1
| #define __STDC_WANT_IEC_60559_ATTRIBS_EXT__ 1
| #define __STDC_WANT_IEC_60559_BFP_EXT__ 1
| #define __STDC_WANT_IEC_60559_DFP_EXT__ 1
| #define __STDC_WANT_IEC_60559_EXT__ 1
| #define __STDC_WANT_IEC_60559_FUNCS_EXT__ 1
| #define __STDC_WANT_IEC_60559_TYPES_EXT__ 1
| #define __STDC_WANT_LIB_EXT2__ 1
| #define __STDC_WANT_MATH_SPEC_FUNCS__ 1
| #define _TANDEM_SOURCE 1
| #define __EXTENSIONS__ 1
| #define X86_64 1
| #define ENABLE_ARM_OABI 0
| #define HAVE_TYPEOF 1
| #define HAVE_ACCEPT4 1
| #define HAVE_FALLOCATE 1
| #define HAVE_FANOTIFY_MARK 1
| #define HAVE_FOPEN64 1
| #define HAVE_FORK 1
| #define HAVE_FPUTS_UNLOCKED 1
| #define HAVE_FSTATAT 1
| #define HAVE_FTRUNCATE 1
| #define HAVE_FUTIMENS 1
| #define HAVE_IF_INDEXTONAME 1
| #define HAVE_OPEN64 1
| #define HAVE_PRCTL 1
| #define HAVE_PREADV 1
| #define HAVE_PROCESS_VM_READV 1
| #define HAVE_PWRITEV 1
| #define HAVE_READAHEAD 1
| #define HAVE_SIGNALFD 1
| #define HAVE_STPCPY 1
| #define HAVE_STRERROR 1
| #define HAVE_STRSIGNAL 1
| #define HAVE_SYNC_FILE_RANGE 1
| #define HAVE_UTIMENSAT 1
| #define HAVE_SIG_ATOMIC_T 1
| #define HAVE_STRUCT_SIGCONTEXT 1
| #define HAVE_STRUCT_MMSGHDR 1
| #define HAVE___KERNEL_LONG_T 1
| #define HAVE___KERNEL_ULONG_T 1
| #define HAVE_STRUCT___OLD_KERNEL_STAT 1
| #define HAVE_STRUCT_USER_DESC 1
| #define HAVE_STRUCT_STAT_ST_MTIME_NSEC 1
| #define HAVE_STRUCT_FLOCK 1
| #define HAVE_STRUCT_FLOCK64 1
| #define HAVE_STRUCT_TIMEX_TAI 1
| #define HAVE_STRUCT_UTSNAME_DOMAINNAME 1
| #define HAVE_SIGINFO_T_SI_SYSCALL 1
| #define HAVE_SIGINFO_T_SI_TIMERID 1
| #define HAVE_SIGINFO_T_SI_OVERRUN 1
| #define HAVE_STRUCT_PERF_EVENT_ATTR_PRECISE_IP 1
| #define HAVE_STRUCT_PERF_EVENT_ATTR_MMAP_DATA 1
| #define HAVE_STRUCT_PERF_EVENT_ATTR_SAMPLE_ID_ALL 1
| #define HAVE_STRUCT_PERF_EVENT_ATTR_EXCLUDE_HOST 1
| #define HAVE_STRUCT_PERF_EVENT_ATTR_EXCLUDE_GUEST 1
| #define HAVE_STRUCT_PERF_EVENT_ATTR_EXCLUDE_CALLCHAIN_KERNEL 1
| #define HAVE_STRUCT_PERF_EVENT_ATTR_EXCLUDE_CALLCHAIN_USER 1
| #define HAVE_STRUCT_PERF_EVENT_ATTR_MMAP2 1
| #define HAVE_STRUCT_PERF_EVENT_ATTR_COMM_EXEC 1
| #define HAVE_STRUCT_PERF_EVENT_ATTR_USE_CLOCKID 1
| #define HAVE_STRUCT_PERF_EVENT_ATTR_CONTEXT_SWITCH 1
| #define HAVE_STRUCT_PERF_EVENT_ATTR_WRITE_BACKWARD 1
| #define HAVE_STRUCT_PERF_EVENT_ATTR_BP_TYPE 1
| #define HAVE_STRUCT_PERF_EVENT_ATTR_CONFIG1 1
| #define HAVE_STRUCT_PERF_EVENT_ATTR_CONFIG2 1
| #define HAVE_STRUCT_PERF_EVENT_ATTR_BRANCH_SAMPLE_TYPE 1
| #define HAVE_STRUCT_PERF_EVENT_ATTR_SAMPLE_REGS_USER 1
| #define HAVE_STRUCT_PERF_EVENT_ATTR_SAMPLE_STACK_USER 1
| #define HAVE_STRUCT_PERF_EVENT_ATTR_SAMPLE_REGS_INTR 1
| #define HAVE_STRUCT_PERF_EVENT_ATTR_AUX_WATERMARK 1
| #define HAVE_STRUCT_PERF_EVENT_ATTR_SAMPLE_MAX_STACK 1
| #define HAVE_ELF_H 1
| #define HAVE_INTTYPES_H 1
| #define HAVE_LINUX_BSG_H 1
| #define HAVE_LINUX_DM_IOCTL_H 1
| #define HAVE_LINUX_DQBLK_XFS_H 1
| #define HAVE_LINUX_FALLOC_H 1
| #define HAVE_LINUX_FIEMAP_H 1
| #define HAVE_LINUX_FILTER_H 1
| #define HAVE_LINUX_HIDDEV_H 1
| #define HAVE_LINUX_IP_VS_H 1
| #define HAVE_LINUX_IPC_H 1
| #define HAVE_LINUX_MMTIMER_H 1
| #define HAVE_LINUX_MSG_H 1
| #define HAVE_LINUX_PERF_EVENT_H 1
| #define HAVE_LINUX_QUOTA_H 1
| #define HAVE_LINUX_SECCOMP_H 1
| #define HAVE_LINUX_SECUREBITS_H 1
| #define HAVE_LINUX_SEM_H 1
| #define HAVE_LINUX_SHM_H 1
| #define HAVE_LINUX_USERFAULTFD_H 1
| #define HAVE_LINUX_UTSNAME_H 1
| #define HAVE_MQUEUE_H 1
| #define HAVE_NETIPX_IPX_H 1
| #define HAVE_SCSI_SG_H 1
| #define HAVE_SYS_EVENTFD_H 1
| #define HAVE_SYS_FANOTIFY_H 1
| #define HAVE_SYS_IPC_H 1
| #define HAVE_SYS_MSG_H 1
| #define HAVE_SYS_QUOTA_H 1
| #define HAVE_SYS_REG_H 1
| #define HAVE_SYS_SEM_H 1
| #define HAVE_SYS_SHM_H 1
| #define HAVE_SYS_SIGNALFD_H 1
| #define HAVE_SYS_XATTR_H 1
| #define HAVE_NETINET_TCP_H 1
| #define HAVE_NETINET_UDP_H 1
| #define HAVE_LINUX_MQUEUE_H 1
| #define HAVE_LINUX_NETFILTER_ARP_ARP_TABLES_H 1
| #define HAVE_LINUX_NETFILTER_BRIDGE_EBTABLES_H 1
| #define HAVE_LINUX_NETFILTER_IPV4_IP_TABLES_H 1
| #define HAVE_LINUX_NETFILTER_IPV6_IP6_TABLES_H 1
| #define HAVE_LINUX_INPUT_H 1
| #define HAVE_STRUCT_INPUT_ABSINFO_RESOLUTION 1
| #define HAVE_LINUX_BPF_H 1
| #define HAVE_UNION_BPF_ATTR_LOG_BUF 1
| #define HAVE_UNION_BPF_ATTR_BPF_FD 1
| #define HAVE_UNION_BPF_ATTR_ATTACH_FLAGS 1
| #define HAVE_STRUCT_STATFS 1
| #define HAVE_STRUCT_STATFS_F_FRSIZE 1
| #define HAVE_STRUCT_STATFS_F_FLAGS 1
| #define HAVE_STRUCT_STATFS_F_FSID_VAL 1
| #define HAVE_STRUCT_STATFS64 1
| #define HAVE_STRUCT_STATFS64_F_FRSIZE 1
| #define HAVE_STRUCT_STATFS64_F_FLAGS 1
| #define HAVE_STRUCT_STATFS64_F_FSID_VAL 1
| #define HAVE_STRUCT_BLK_USER_TRACE_SETUP 1
| #define HAVE_LINUX_BTRFS_H 1
| #define HAVE_STRUCT_BTRFS_IOCTL_FEATURE_FLAGS_COMPAT_FLAGS 1
| #define HAVE_STRUCT_BTRFS_IOCTL_FS_INFO_ARGS_NODESIZE 1
| #define HAVE_STRUCT_BTRFS_IOCTL_DEFRAG_RANGE_ARGS_START 1
| #define HAVE_STRUCT_BTRFS_IOCTL_SEARCH_ARGS_V2_BUF_SIZE 1
| #define HAVE_DECL_BTRFS_COMPRESS_NONE 0
| #define HAVE_DECL_BTRFS_COMPRESS_ZLIB 0
| #define HAVE_DECL_BTRFS_COMPRESS_LZO 0
| #define HAVE_DECL_SYS_ERRLIST 0
| #define HAVE_DECL_PTRACE_PEEKUSER 1
| #define HAVE_DECL_PTRACE_POKEUSER 1
| #define HAVE_DECL_P_PID 1
| #define HAVE_DECL_P_PPID 0
| #define HAVE_DECL_P_PGID 1
| #define HAVE_DECL_P_SID 0
| #define HAVE_DECL_P_CID 0
| #define HAVE_DECL_P_UID 0
| #define HAVE_DECL_P_GID 0
| #define HAVE_DECL_P_ALL 1
| #define HAVE_DECL_P_LWPID 0
| #define HAVE_DECL_LO_FLAGS_READ_ONLY 1
| #define HAVE_DECL_LO_FLAGS_USE_AOPS 0
| #define HAVE_DECL_LO_FLAGS_AUTOCLEAR 1
| #define HAVE_DECL_LO_FLAGS_PARTSCAN 1
| #define HAVE_DECL_LO_FLAGS_DIRECT_IO 1
| #define HAVE_DECL_CTL_PROC 1
| #define HAVE_DECL_CTL_ARLAN 1
| #define HAVE_DECL_CTL_S390DBF 1
| #define HAVE_DECL_CTL_SUNRPC 1
| #define HAVE_DECL_CTL_PM 1
| #define HAVE_DECL_CTL_FRV 1
| #define HAVE_DECL_KERN_PRINTK_RATELIMIT 1
| #define HAVE_DECL_KERN_PRINTK_RATELIMIT_BURST 1
| #define HAVE_DECL_KERN_PTY 1
| #define HAVE_DECL_KERN_NGROUPS_MAX 1
| #define HAVE_DECL_KERN_SPARC_SCONS_PWROFF 1
| #define HAVE_DECL_KERN_HZ_TIMER 1
| #define HAVE_DECL_KERN_UNKNOWN_NMI_PANIC 1
| #define HAVE_DECL_KERN_BOOTLOADER_TYPE 1
| #define HAVE_DECL_KERN_RANDOMIZE 1
| #define HAVE_DECL_KERN_SETUID_DUMPABLE 1
| #define HAVE_DECL_KERN_SPIN_RETRY 1
| #define HAVE_DECL_KERN_ACPI_VIDEO_FLAGS 1
| #define HAVE_DECL_KERN_IA64_UNALIGNED 1
| #define HAVE_DECL_KERN_COMPAT_LOG 1
| #define HAVE_DECL_KERN_MAX_LOCK_DEPTH 1
| #define HAVE_DECL_KERN_NMI_WATCHDOG 1
| #define HAVE_DECL_KERN_PANIC_ON_NMI 1
| #define HAVE_DECL_NET_LLC 1
| #define HAVE_DECL_NET_NETFILTER 1
| #define HAVE_DECL_NET_DCCP 1
| #define HAVE_DECL_NET_IRDA 1
| #define HAVE_DECL_NET_CORE_DESTROY_DELAY 0
| #define HAVE_DECL_NET_CORE_BUDGET 1
| #define HAVE_DECL_NET_CORE_AEVENT_ETIME 1
| #define HAVE_DECL_NET_CORE_AEVENT_RSEQTH 1
| #define HAVE_DECL_NET_CORE_WARNINGS 1
| #define HAVE_DECL_NET_IPV4_IGMP_MAX_MSF 1
| #define HAVE_DECL_NET_TCP_NO_METRICS_SAVE 1
| #define HAVE_DECL_NET_TCP_DEFAULT_WIN_SCALE 1
| #define HAVE_DECL_NET_TCP_MODERATE_RCVBUF 1
| #define HAVE_DECL_NET_TCP_TSO_WIN_DIVISOR 1
| #define HAVE_DECL_NET_TCP_BIC_BETA 1
| #define HAVE_DECL_NET_IPV4_ICMP_ERRORS_USE_INBOUND_IFADDR 1
| #define HAVE_DECL_NET_TCP_CONG_CONTROL 1
| #define HAVE_DECL_NET_TCP_ABC 1
| #define HAVE_DECL_NET_IPV4_IPFRAG_MAX_DIST 1
| #define HAVE_DECL_NET_TCP_MTU_PROBING 1
| #define HAVE_DECL_NET_TCP_BASE_MSS 1
| #define HAVE_DECL_NET_IPV4_TCP_WORKAROUND_SIGNED_WINDOWS 1
| #define HAVE_DECL_NET_TCP_DMA_COPYBREAK 1
| #define HAVE_DECL_NET_TCP_SLOW_START_AFTER_IDLE 1
| #define HAVE_DECL_NET_CIPSOV4_CACHE_ENABLE 1
| #define HAVE_DECL_NET_CIPSOV4_CACHE_BUCKET_SIZE 1
| #define HAVE_DECL_NET_CIPSOV4_RBM_OPTFMT 1
| #define HAVE_DECL_NET_CIPSOV4_RBM_STRICTVALID 1
| #define HAVE_DECL_NET_TCP_AVAIL_CONG_CONTROL 1
| #define HAVE_DECL_NET_TCP_ALLOWED_CONG_CONTROL 1
| #define HAVE_DECL_NET_TCP_MAX_SSTHRESH 1
| #define HAVE_DECL_NET_TCP_FRTO_RESPONSE 1
| #define HAVE_DECL_NET_IPV4_ROUTE_GC_MIN_INTERVAL_MS 1
| #define HAVE_DECL_NET_IPV4_CONF_FORCE_IGMP_VERSION 1
| #define HAVE_DECL_NET_IPV4_CONF_ARP_ANNOUNCE 1
| #define HAVE_DECL_NET_IPV4_CONF_ARP_IGNORE 1
| #define HAVE_DECL_NET_IPV4_CONF_PROMOTE_SECONDARIES 1
| #define HAVE_DECL_NET_IPV4_CONF_ARP_ACCEPT 1
| #define HAVE_DECL_NET_IPV4_CONF_ARP_NOTIFY 1
| #define HAVE_DECL_NET_IPV6_MLD_MAX_MSF 1
| #define HAVE_DECL_NET_IPV6_ROUTE_GC_MIN_INTERVAL_MS 1
| #define HAVE_DECL_VM_MAX_MAP_COUNT 1
| #define HAVE_DECL_VM_LAPTOP_MODE 1
| #define HAVE_DECL_VM_BLOCK_DUMP 1
| #define HAVE_DECL_VM_HUGETLB_GROUP 1
| #define HAVE_DECL_VM_VFS_CACHE_PRESSURE 1
| #define HAVE_DECL_VM_LEGACY_VA_LAYOUT 1
| #define HAVE_DECL_VM_SWAP_TOKEN_TIMEOUT 1
| #define HAVE_DECL_V4L2_FIELD_ANY 1
| #define HAVE_DECL_V4L2_FIELD_NONE 1
| #define HAVE_DECL_V4L2_FIELD_TOP 1
| #define HAVE_DECL_V4L2_FIELD_BOTTOM 1
| #define HAVE_DECL_V4L2_FIELD_INTERLACED 1
| #define HAVE_DECL_V4L2_FIELD_SEQ_TB 1
| #define HAVE_DECL_V4L2_FIELD_SEQ_BT 1
| #define HAVE_DECL_V4L2_FIELD_ALTERNATE 1
| #define HAVE_DECL_V4L2_FIELD_INTERLACED_TB 1
| #define HAVE_DECL_V4L2_FIELD_INTERLACED_BT 1
| #define HAVE_DECL_V4L2_BUF_TYPE_VIDEO_CAPTURE 1
| #define HAVE_DECL_V4L2_BUF_TYPE_VIDEO_CAPTURE_MPLANE 1
| #define HAVE_DECL_V4L2_BUF_TYPE_VIDEO_OUTPUT 1
| #define HAVE_DECL_V4L2_BUF_TYPE_VIDEO_OUTPUT_MPLANE 1
| #define HAVE_DECL_V4L2_BUF_TYPE_VIDEO_OVERLAY 1
| #define HAVE_DECL_V4L2_BUF_TYPE_VBI_CAPTURE 1
| #define HAVE_DECL_V4L2_BUF_TYPE_VBI_OUTPUT 1
| #define HAVE_DECL_V4L2_BUF_TYPE_SLICED_VBI_CAPTURE 1
| #define HAVE_DECL_V4L2_BUF_TYPE_SLICED_VBI_OUTPUT 1
| #define HAVE_DECL_V4L2_BUF_TYPE_VIDEO_OUTPUT_OVERLAY 1
| #define HAVE_DECL_V4L2_TUNER_RADIO 1
| #define HAVE_DECL_V4L2_TUNER_ANALOG_TV 1
| #define HAVE_DECL_V4L2_TUNER_DIGITAL_TV 1
| #define HAVE_DECL_V4L2_MEMORY_MMAP 1
| #define HAVE_DECL_V4L2_MEMORY_USERPTR 1
| #define HAVE_DECL_V4L2_MEMORY_OVERLAY 1
| #define HAVE_DECL_V4L2_MEMORY_DMABUF 1
| #define HAVE_DECL_V4L2_COLORSPACE_SMPTE170M 1
| #define HAVE_DECL_V4L2_COLORSPACE_SMPTE240M 1
| #define HAVE_DECL_V4L2_COLORSPACE_REC709 1
| #define HAVE_DECL_V4L2_COLORSPACE_BT878 1
| #define HAVE_DECL_V4L2_COLORSPACE_470_SYSTEM_M 1
| #define HAVE_DECL_V4L2_COLORSPACE_470_SYSTEM_BG 1
| #define HAVE_DECL_V4L2_COLORSPACE_JPEG 1
| #define HAVE_DECL_V4L2_COLORSPACE_SRGB 1
| #define HAVE_DECL_V4L2_PRIORITY_UNSET 1
| #define HAVE_DECL_V4L2_PRIORITY_BACKGROUND 1
| #define HAVE_DECL_V4L2_PRIORITY_INTERACTIVE 1
| #define HAVE_DECL_V4L2_PRIORITY_RECORD 1
| #define HAVE_DECL_V4L2_FRMSIZE_TYPE_DISCRETE 1
| #define HAVE_DECL_V4L2_FRMSIZE_TYPE_CONTINUOUS 1
| #define HAVE_DECL_V4L2_FRMSIZE_TYPE_STEPWISE 1
| #define HAVE_DECL_V4L2_FRMIVAL_TYPE_DISCRETE 1
| #define HAVE_DECL_V4L2_FRMIVAL_TYPE_CONTINUOUS 1
| #define HAVE_DECL_V4L2_FRMIVAL_TYPE_STEPWISE 1
| #define HAVE_DECL_V4L2_CTRL_TYPE_INTEGER 1
| #define HAVE_DECL_V4L2_CTRL_TYPE_BOOLEAN 1
| #define HAVE_DECL_V4L2_CTRL_TYPE_MENU 1
| #define HAVE_DECL_V4L2_CTRL_TYPE_BUTTON 1
| #define HAVE_DECL_V4L2_CTRL_TYPE_INTEGER64 1
| #define HAVE_DECL_V4L2_CTRL_TYPE_CTRL_CLASS 1
| #define HAVE_DECL_V4L2_CTRL_TYPE_STRING 1
| #define HAVE_DECL_V4L2_CTRL_TYPE_BITMASK 1
| #define HAVE_DECL_V4L2_CTRL_TYPE_INTEGER_MENU 1
| #define HAVE_BLKGETSIZE64 1
| #define SIZEOF_LONG 8
| #define SIZEOF_LONG_LONG 8
| #define SIZEOF_OFF_T 8
| #define SIZEOF_KERNEL_LONG_T 8
| #define SIZEOF_STRUCT_I64_I32 16
| #define ASM_SIGRTMIN 32
| #define ASM_SA_RESTORER 0x04000000
| #define HAVE___BUILTIN_POPCOUNT 1
| #define HAVE_DLADDR 1
| #define HAVE_M32_MPERS 1
| #define HAVE_M32_STRUCT_STAT 1
| #define HAVE_M32_STRUCT_STAT_ST_MTIME_NSEC 1
| /* end confdefs.h.  */
| #include <sys/types.h>
| #include <asm/stat.h>
| 
| int
| main (void)
| {
| if (sizeof ((struct stat64)))
| 	    return 0;
|   ;
|   return 0;
| }
configure:14736: result: yes
configure:14787: checking for struct stat64.st_mtime_nsec
configure:14787: gcc -c -std=gnu17 -O2 -g -m32 -I.  conftest.c >&5
configure:14787: $? = 0
configure:14787: result: yes
configure:14875: checking for gnu/stubs-x32.h
configure:14875: gcc -c -std=gnu17 -O2 -g  conftest.c >&5
conftest.c:350:10: fatal error: gnu/stubs-x32.h: No such file or directory
  350 | #include <gnu/stubs-x32.h>
      |          ^~~~~~~~~~~~~~~~~
compilation terminated.
configure:14875: $? = 1
configure: failed program was:
| /* confdefs.h */
| #define PACKAGE_NAME "strace"
| #define PACKAGE_TARNAME "strace"
| #define PACKAGE_VERSION "UNKNOWN"
| #define PACKAGE_STRING "strace UNKNOWN"
| #define PACKAGE_BUGREPORT "strace-devel@lists.sourceforge.net"
| #define PACKAGE_URL "https://strace.io"
| #define PACKAGE "strace"
| #define VERSION "UNKNOWN"
| #define HAVE_STDIO_H 1
| #define HAVE_STDLIB_H 1
| #define HAVE_STRING_H 1
| #define HAVE_INTTYPES_H 1
| #define HAVE_STDINT_H 1
| #define HAVE_STRINGS_H 1
| #define HAVE_SYS_STAT_H 1
| #define HAVE_SYS_TYPES_H 1
| #define HAVE_UNISTD_H 1
| #define HAVE_WCHAR_H 1
| #define STDC_HEADERS 1
| #define _ALL_SOURCE 1
| #define _COSMO_SOURCE 1
| #define _DARWIN_C_SOURCE 1
| #define _GNU_SOURCE 1
| #define _HPUX_ALT_XOPEN_SOCKET_API 1
| #define _NETBSD_SOURCE 1
| #define _OPENBSD_SOURCE 1
| #define _POSIX_PTHREAD_SEMANTICS 1
| #define __STDC_WANT_IEC_60559_ATTRIBS_EXT__ 1
| #define __STDC_WANT_IEC_60559_BFP_EXT__ 1
| #define __STDC_WANT_IEC_60559_DFP_EXT__ 1
| #define __STDC_WANT_IEC_60559_EXT__ 1
| #define __STDC_WANT_IEC_60559_FUNCS_EXT__ 1
| #define __STDC_WANT_IEC_60559_TYPES_EXT__ 1
| #define __STDC_WANT_LIB_EXT2__ 1
| #define __STDC_WANT_MATH_SPEC_FUNCS__ 1
| #define _TANDEM_SOURCE 1
| #define __EXTENSIONS__ 1
| #define X86_64 1
| #define ENABLE_ARM_OABI 0
| #define HAVE_TYPEOF 1
| #define HAVE_ACCEPT4 1
| #define HAVE_FALLOCATE 1
| #define HAVE_FANOTIFY_MARK 1
| #define HAVE_FOPEN64 1
| #define HAVE_FORK 1
| #define HAVE_FPUTS_UNLOCKED 1
| #define HAVE_FSTATAT 1
| #define HAVE_FTRUNCATE 1
| #define HAVE_FUTIMENS 1
| #define HAVE_IF_INDEXTONAME 1
| #define HAVE_OPEN64 1
| #define HAVE_PRCTL 1
| #define HAVE_PREADV 1
| #define HAVE_PROCESS_VM_READV 1
| #define HAVE_PWRITEV 1
| #define HAVE_READAHEAD 1
| #define HAVE_SIGNALFD 1
| #define HAVE_STPCPY 1
| #define HAVE_STRERROR 1
| #define HAVE_STRSIGNAL 1
| #define HAVE_SYNC_FILE_RANGE 1
| #define HAVE_UTIMENSAT 1
| #define HAVE_SIG_ATOMIC_T 1
| #define HAVE_STRUCT_SIGCONTEXT 1
| #define HAVE_STRUCT_MMSGHDR 1
| #define HAVE___KERNEL_LONG_T 1
| #define HAVE___KERNEL_ULONG_T 1
| #define HAVE_STRUCT___OLD_KERNEL_STAT 1
| #define HAVE_STRUCT_USER_DESC 1
| #define HAVE_STRUCT_STAT_ST_MTIME_NSEC 1
| #define HAVE_STRUCT_FLOCK 1
| #define HAVE_STRUCT_FLOCK64 1
| #define HAVE_STRUCT_TIMEX_TAI 1
| #define HAVE_STRUCT_UTSNAME_DOMAINNAME 1
| #define HAVE_SIGINFO_T_SI_SYSCALL 1
| #define HAVE_SIGINFO_T_SI_TIMERID 1
| #define HAVE_SIGINFO_T_SI_OVERRUN 1
| #define HAVE_STRUCT_PERF_EVENT_ATTR_PRECISE_IP 1
| #define HAVE_STRUCT_PERF_EVENT_ATTR_MMAP_DATA 1
| #define HAVE_STRUCT_PERF_EVENT_ATTR_SAMPLE_ID_ALL 1
| #define HAVE_STRUCT_PERF_EVENT_ATTR_EXCLUDE_HOST 1
| #define HAVE_STRUCT_PERF_EVENT_ATTR_EXCLUDE_GUEST 1
| #define HAVE_STRUCT_PERF_EVENT_ATTR_EXCLUDE_CALLCHAIN_KERNEL 1
| #define HAVE_STRUCT_PERF_EVENT_ATTR_EXCLUDE_CALLCHAIN_USER 1
| #define HAVE_STRUCT_PERF_EVENT_ATTR_MMAP2 1
| #define HAVE_STRUCT_PERF_EVENT_ATTR_COMM_EXEC 1
| #define HAVE_STRUCT_PERF_EVENT_ATTR_USE_CLOCKID 1
| #define HAVE_STRUCT_PERF_EVENT_ATTR_CONTEXT_SWITCH 1
| #define HAVE_STRUCT_PERF_EVENT_ATTR_WRITE_BACKWARD 1
| #define HAVE_STRUCT_PERF_EVENT_ATTR_BP_TYPE 1
| #define HAVE_STRUCT_PERF_EVENT_ATTR_CONFIG1 1
| #define HAVE_STRUCT_PERF_EVENT_ATTR_CONFIG2 1
| #define HAVE_STRUCT_PERF_EVENT_ATTR_BRANCH_SAMPLE_TYPE 1
| #define HAVE_STRUCT_PERF_EVENT_ATTR_SAMPLE_REGS_USER 1
| #define HAVE_STRUCT_PERF_EVENT_ATTR_SAMPLE_STACK_USER 1
| #define HAVE_STRUCT_PERF_EVENT_ATTR_SAMPLE_REGS_INTR 1
| #define HAVE_STRUCT_PERF_EVENT_ATTR_AUX_WATERMARK 1
| #define HAVE_STRUCT_PERF_EVENT_ATTR_SAMPLE_MAX_STACK 1
| #define HAVE_ELF_H 1
| #define HAVE_INTTYPES_H 1
| #define HAVE_LINUX_BSG_H 1
| #define HAVE_LINUX_DM_IOCTL_H 1
| #define HAVE_LINUX_DQBLK_XFS_H 1
| #define HAVE_LINUX_FALLOC_H 1
| #define HAVE_LINUX_FIEMAP_H 1
| #define HAVE_LINUX_FILTER_H 1
| #define HAVE_LINUX_HIDDEV_H 1
| #define HAVE_LINUX_IP_VS_H 1
| #define HAVE_LINUX_IPC_H 1
| #define HAVE_LINUX_MMTIMER_H 1
| #define HAVE_LINUX_MSG_H 1
| #define HAVE_LINUX_PERF_EVENT_H 1
| #define HAVE_LINUX_QUOTA_H 1
| #define HAVE_LINUX_SECCOMP_H 1
| #define HAVE_LINUX_SECUREBITS_H 1
| #define HAVE_LINUX_SEM_H 1
| #define HAVE_LINUX_SHM_H 1
| #define HAVE_LINUX_USERFAULTFD_H 1
| #define HAVE_LINUX_UTSNAME_H 1
| #define HAVE_MQUEUE_H 1
| #define HAVE_NETIPX_IPX_H 1
| #define HAVE_SCSI_SG_H 1
| #define HAVE_SYS_EVENTFD_H 1
| #define HAVE_SYS_FANOTIFY_H 1
| #define HAVE_SYS_IPC_H 1
| #define HAVE_SYS_MSG_H 1
| #define HAVE_SYS_QUOTA_H 1
| #define HAVE_SYS_REG_H 1
| #define HAVE_SYS_SEM_H 1
| #define HAVE_SYS_SHM_H 1
| #define HAVE_SYS_SIGNALFD_H 1
| #define HAVE_SYS_XATTR_H 1
| #define HAVE_NETINET_TCP_H 1
| #define HAVE_NETINET_UDP_H 1
| #define HAVE_LINUX_MQUEUE_H 1
| #define HAVE_LINUX_NETFILTER_ARP_ARP_TABLES_H 1
| #define HAVE_LINUX_NETFILTER_BRIDGE_EBTABLES_H 1
| #define HAVE_LINUX_NETFILTER_IPV4_IP_TABLES_H 1
| #define HAVE_LINUX_NETFILTER_IPV6_IP6_TABLES_H 1
| #define HAVE_LINUX_INPUT_H 1
| #define HAVE_STRUCT_INPUT_ABSINFO_RESOLUTION 1
| #define HAVE_LINUX_BPF_H 1
| #define HAVE_UNION_BPF_ATTR_LOG_BUF 1
| #define HAVE_UNION_BPF_ATTR_BPF_FD 1
| #define HAVE_UNION_BPF_ATTR_ATTACH_FLAGS 1
| #define HAVE_STRUCT_STATFS 1
| #define HAVE_STRUCT_STATFS_F_FRSIZE 1
| #define HAVE_STRUCT_STATFS_F_FLAGS 1
| #define HAVE_STRUCT_STATFS_F_FSID_VAL 1
| #define HAVE_STRUCT_STATFS64 1
| #define HAVE_STRUCT_STATFS64_F_FRSIZE 1
| #define HAVE_STRUCT_STATFS64_F_FLAGS 1
| #define HAVE_STRUCT_STATFS64_F_FSID_VAL 1
| #define HAVE_STRUCT_BLK_USER_TRACE_SETUP 1
| #define HAVE_LINUX_BTRFS_H 1
| #define HAVE_STRUCT_BTRFS_IOCTL_FEATURE_FLAGS_COMPAT_FLAGS 1
| #define HAVE_STRUCT_BTRFS_IOCTL_FS_INFO_ARGS_NODESIZE 1
| #define HAVE_STRUCT_BTRFS_IOCTL_DEFRAG_RANGE_ARGS_START 1
| #define HAVE_STRUCT_BTRFS_IOCTL_SEARCH_ARGS_V2_BUF_SIZE 1
| #define HAVE_DECL_BTRFS_COMPRESS_NONE 0
| #define HAVE_DECL_BTRFS_COMPRESS_ZLIB 0
| #define HAVE_DECL_BTRFS_COMPRESS_LZO 0
| #define HAVE_DECL_SYS_ERRLIST 0
| #define HAVE_DECL_PTRACE_PEEKUSER 1
| #define HAVE_DECL_PTRACE_POKEUSER 1
| #define HAVE_DECL_P_PID 1
| #define HAVE_DECL_P_PPID 0
| #define HAVE_DECL_P_PGID 1
| #define HAVE_DECL_P_SID 0
| #define HAVE_DECL_P_CID 0
| #define HAVE_DECL_P_UID 0
| #define HAVE_DECL_P_GID 0
| #define HAVE_DECL_P_ALL 1
| #define HAVE_DECL_P_LWPID 0
| #define HAVE_DECL_LO_FLAGS_READ_ONLY 1
| #define HAVE_DECL_LO_FLAGS_USE_AOPS 0
| #define HAVE_DECL_LO_FLAGS_AUTOCLEAR 1
| #define HAVE_DECL_LO_FLAGS_PARTSCAN 1
| #define HAVE_DECL_LO_FLAGS_DIRECT_IO 1
| #define HAVE_DECL_CTL_PROC 1
| #define HAVE_DECL_CTL_ARLAN 1
| #define HAVE_DECL_CTL_S390DBF 1
| #define HAVE_DECL_CTL_SUNRPC 1
| #define HAVE_DECL_CTL_PM 1
| #define HAVE_DECL_CTL_FRV 1
| #define HAVE_DECL_KERN_PRINTK_RATELIMIT 1
| #define HAVE_DECL_KERN_PRINTK_RATELIMIT_BURST 1
| #define HAVE_DECL_KERN_PTY 1
| #define HAVE_DECL_KERN_NGROUPS_MAX 1
| #define HAVE_DECL_KERN_SPARC_SCONS_PWROFF 1
| #define HAVE_DECL_KERN_HZ_TIMER 1
| #define HAVE_DECL_KERN_UNKNOWN_NMI_PANIC 1
| #define HAVE_DECL_KERN_BOOTLOADER_TYPE 1
| #define HAVE_DECL_KERN_RANDOMIZE 1
| #define HAVE_DECL_KERN_SETUID_DUMPABLE 1
| #define HAVE_DECL_KERN_SPIN_RETRY 1
| #define HAVE_DECL_KERN_ACPI_VIDEO_FLAGS 1
| #define HAVE_DECL_KERN_IA64_UNALIGNED 1
| #define HAVE_DECL_KERN_COMPAT_LOG 1
| #define HAVE_DECL_KERN_MAX_LOCK_DEPTH 1
| #define HAVE_DECL_KERN_NMI_WATCHDOG 1
| #define HAVE_DECL_KERN_PANIC_ON_NMI 1
| #define HAVE_DECL_NET_LLC 1
| #define HAVE_DECL_NET_NETFILTER 1
| #define HAVE_DECL_NET_DCCP 1
| #define HAVE_DECL_NET_IRDA 1
| #define HAVE_DECL_NET_CORE_DESTROY_DELAY 0
| #define HAVE_DECL_NET_CORE_BUDGET 1
| #define HAVE_DECL_NET_CORE_AEVENT_ETIME 1
| #define HAVE_DECL_NET_CORE_AEVENT_RSEQTH 1
| #define HAVE_DECL_NET_CORE_WARNINGS 1
| #define HAVE_DECL_NET_IPV4_IGMP_MAX_MSF 1
| #define HAVE_DECL_NET_TCP_NO_METRICS_SAVE 1
| #define HAVE_DECL_NET_TCP_DEFAULT_WIN_SCALE 1
| #define HAVE_DECL_NET_TCP_MODERATE_RCVBUF 1
| #define HAVE_DECL_NET_TCP_TSO_WIN_DIVISOR 1
| #define HAVE_DECL_NET_TCP_BIC_BETA 1
| #define HAVE_DECL_NET_IPV4_ICMP_ERRORS_USE_INBOUND_IFADDR 1
| #define HAVE_DECL_NET_TCP_CONG_CONTROL 1
| #define HAVE_DECL_NET_TCP_ABC 1
| #define HAVE_DECL_NET_IPV4_IPFRAG_MAX_DIST 1
| #define HAVE_DECL_NET_TCP_MTU_PROBING 1
| #define HAVE_DECL_NET_TCP_BASE_MSS 1
| #define HAVE_DECL_NET_IPV4_TCP_WORKAROUND_SIGNED_WINDOWS 1
| #define HAVE_DECL_NET_TCP_DMA_COPYBREAK 1
| #define HAVE_DECL_NET_TCP_SLOW_START_AFTER_IDLE 1
| #define HAVE_DECL_NET_CIPSOV4_CACHE_ENABLE 1
| #define HAVE_DECL_NET_CIPSOV4_CACHE_BUCKET_SIZE 1
| #define HAVE_DECL_NET_CIPSOV4_RBM_OPTFMT 1
| #define HAVE_DECL_NET_CIPSOV4_RBM_STRICTVALID 1
| #define HAVE_DECL_NET_TCP_AVAIL_CONG_CONTROL 1
| #define HAVE_DECL_NET_TCP_ALLOWED_CONG_CONTROL 1
| #define HAVE_DECL_NET_TCP_MAX_SSTHRESH 1
| #define HAVE_DECL_NET_TCP_FRTO_RESPONSE 1
| #define HAVE_DECL_NET_IPV4_ROUTE_GC_MIN_INTERVAL_MS 1
| #define HAVE_DECL_NET_IPV4_CONF_FORCE_IGMP_VERSION 1
| #define HAVE_DECL_NET_IPV4_CONF_ARP_ANNOUNCE 1
| #define HAVE_DECL_NET_IPV4_CONF_ARP_IGNORE 1
| #define HAVE_DECL_NET_IPV4_CONF_PROMOTE_SECONDARIES 1
| #define HAVE_DECL_NET_IPV4_CONF_ARP_ACCEPT 1
| #define HAVE_DECL_NET_IPV4_CONF_ARP_NOTIFY 1
| #define HAVE_DECL_NET_IPV6_MLD_MAX_MSF 1
| #define HAVE_DECL_NET_IPV6_ROUTE_GC_MIN_INTERVAL_MS 1
| #define HAVE_DECL_VM_MAX_MAP_COUNT 1
| #define HAVE_DECL_VM_LAPTOP_MODE 1
| #define HAVE_DECL_VM_BLOCK_DUMP 1
| #define HAVE_DECL_VM_HUGETLB_GROUP 1
| #define HAVE_DECL_VM_VFS_CACHE_PRESSURE 1
| #define HAVE_DECL_VM_LEGACY_VA_LAYOUT 1
| #define HAVE_DECL_VM_SWAP_TOKEN_TIMEOUT 1
| #define HAVE_DECL_V4L2_FIELD_ANY 1
| #define HAVE_DECL_V4L2_FIELD_NONE 1
| #define HAVE_DECL_V4L2_FIELD_TOP 1
| #define HAVE_DECL_V4L2_FIELD_BOTTOM 1
| #define HAVE_DECL_V4L2_FIELD_INTERLACED 1
| #define HAVE_DECL_V4L2_FIELD_SEQ_TB 1
| #define HAVE_DECL_V4L2_FIELD_SEQ_BT 1
| #define HAVE_DECL_V4L2_FIELD_ALTERNATE 1
| #define HAVE_DECL_V4L2_FIELD_INTERLACED_TB 1
| #define HAVE_DECL_V4L2_FIELD_INTERLACED_BT 1
| #define HAVE_DECL_V4L2_BUF_TYPE_VIDEO_CAPTURE 1
| #define HAVE_DECL_V4L2_BUF_TYPE_VIDEO_CAPTURE_MPLANE 1
| #define HAVE_DECL_V4L2_BUF_TYPE_VIDEO_OUTPUT 1
| #define HAVE_DECL_V4L2_BUF_TYPE_VIDEO_OUTPUT_MPLANE 1
| #define HAVE_DECL_V4L2_BUF_TYPE_VIDEO_OVERLAY 1
| #define HAVE_DECL_V4L2_BUF_TYPE_VBI_CAPTURE 1
| #define HAVE_DECL_V4L2_BUF_TYPE_VBI_OUTPUT 1
| #define HAVE_DECL_V4L2_BUF_TYPE_SLICED_VBI_CAPTURE 1
| #define HAVE_DECL_V4L2_BUF_TYPE_SLICED_VBI_OUTPUT 1
| #define HAVE_DECL_V4L2_BUF_TYPE_VIDEO_OUTPUT_OVERLAY 1
| #define HAVE_DECL_V4L2_TUNER_RADIO 1
| #define HAVE_DECL_V4L2_TUNER_ANALOG_TV 1
| #define HAVE_DECL_V4L2_TUNER_DIGITAL_TV 1
| #define HAVE_DECL_V4L2_MEMORY_MMAP 1
| #define HAVE_DECL_V4L2_MEMORY_USERPTR 1
| #define HAVE_DECL_V4L2_MEMORY_OVERLAY 1
| #define HAVE_DECL_V4L2_MEMORY_DMABUF 1
| #define HAVE_DECL_V4L2_COLORSPACE_SMPTE170M 1
| #define HAVE_DECL_V4L2_COLORSPACE_SMPTE240M 1
| #define HAVE_DECL_V4L2_COLORSPACE_REC709 1
| #define HAVE_DECL_V4L2_COLORSPACE_BT878 1
| #define HAVE_DECL_V4L2_COLORSPACE_470_SYSTEM_M 1
| #define HAVE_DECL_V4L2_COLORSPACE_470_SYSTEM_BG 1
| #define HAVE_DECL_V4L2_COLORSPACE_JPEG 1
| #define HAVE_DECL_V4L2_COLORSPACE_SRGB 1
| #define HAVE_DECL_V4L2_PRIORITY_UNSET 1
| #define HAVE_DECL_V4L2_PRIORITY_BACKGROUND 1
| #define HAVE_DECL_V4L2_PRIORITY_INTERACTIVE 1
| #define HAVE_DECL_V4L2_PRIORITY_RECORD 1
| #define HAVE_DECL_V4L2_FRMSIZE_TYPE_DISCRETE 1
| #define HAVE_DECL_V4L2_FRMSIZE_TYPE_CONTINUOUS 1
| #define HAVE_DECL_V4L2_FRMSIZE_TYPE_STEPWISE 1
| #define HAVE_DECL_V4L2_FRMIVAL_TYPE_DISCRETE 1
| #define HAVE_DECL_V4L2_FRMIVAL_TYPE_CONTINUOUS 1
| #define HAVE_DECL_V4L2_FRMIVAL_TYPE_STEPWISE 1
| #define HAVE_DECL_V4L2_CTRL_TYPE_INTEGER 1
| #define HAVE_DECL_V4L2_CTRL_TYPE_BOOLEAN 1
| #define HAVE_DECL_V4L2_CTRL_TYPE_MENU 1
| #define HAVE_DECL_V4L2_CTRL_TYPE_BUTTON 1
| #define HAVE_DECL_V4L2_CTRL_TYPE_INTEGER64 1
| #define HAVE_DECL_V4L2_CTRL_TYPE_CTRL_CLASS 1
| #define HAVE_DECL_V4L2_CTRL_TYPE_STRING 1
| #define HAVE_DECL_V4L2_CTRL_TYPE_BITMASK 1
| #define HAVE_DECL_V4L2_CTRL_TYPE_INTEGER_MENU 1
| #define HAVE_BLKGETSIZE64 1
| #define SIZEOF_LONG 8
| #define SIZEOF_LONG_LONG 8
| #define SIZEOF_OFF_T 8
| #define SIZEOF_KERNEL_LONG_T 8
| #define SIZEOF_STRUCT_I64_I32 16
| #define ASM_SIGRTMIN 32
| #define ASM_SA_RESTORER 0x04000000
| #define HAVE___BUILTIN_POPCOUNT 1
| #define HAVE_DLADDR 1
| #define HAVE_M32_MPERS 1
| #define HAVE_M32_STRUCT_STAT 1
| #define HAVE_M32_STRUCT_STAT_ST_MTIME_NSEC 1
| #define HAVE_M32_STRUCT_STAT64 1
| #define HAVE_M32_STRUCT_STAT64_ST_MTIME_NSEC 1
| /* end confdefs.h.  */
| #include <stddef.h>
| #ifdef HAVE_STDIO_H
| # include <stdio.h>
| #endif
| #ifdef HAVE_STDLIB_H
| # include <stdlib.h>
| #endif
| #ifdef HAVE_STRING_H
| # include <string.h>
| #endif
| #ifdef HAVE_INTTYPES_H
| # include <inttypes.h>
| #endif
| #ifdef HAVE_STDINT_H
| # include <stdint.h>
| #endif
| #ifdef HAVE_STRINGS_H
| # include <strings.h>
| #endif
| #ifdef HAVE_SYS_TYPES_H
| # include <sys/types.h>
| #endif
| #ifdef HAVE_SYS_STAT_H
| # include <sys/stat.h>
| #endif
| #ifdef HAVE_UNISTD_H
| # include <unistd.h>
| #endif
| #include <gnu/stubs-x32.h>
configure:14875: result: no
configure:14883: Created empty gnu/stubs-x32.h
configure:14893: checking for -mx32 compile support
configure:14904: gcc -c -std=gnu17 -O2 -g -mx32 -I.  conftest.c >&5
configure:14904: $? = 0
configure:14914: result: yes
configure:14917: checking for -mx32 runtime support
configure:14932: gcc -o conftest -std=gnu17 -O2 -g -mx32 -I.   conftest.c  >&5
/nix/store/p2vkw5s89ff1fs2d2rxqxiqil9s0jpcm-binutils-2.46/bin/ld.bfd: skipping incompatible /nix/store/sanx9fg8mry8mq92zhlm5qvb83qlxrlx-gcc-15.2.0/lib/gcc/x86_64-unknown-linux-gnu/15.2.0/libgcc.a when searching for -lgcc
/nix/store/p2vkw5s89ff1fs2d2rxqxiqil9s0jpcm-binutils-2.46/bin/ld.bfd: skipping incompatible /nix/store/sanx9fg8mry8mq92zhlm5qvb83qlxrlx-gcc-15.2.0/lib/gcc/x86_64-unknown-linux-gnu/15.2.0/libgcc.a when searching for -lgcc
/nix/store/p2vkw5s89ff1fs2d2rxqxiqil9s0jpcm-binutils-2.46/bin/ld.bfd: cannot find -lgcc: No such file or directory
/nix/store/p2vkw5s89ff1fs2d2rxqxiqil9s0jpcm-binutils-2.46/bin/ld.bfd: skipping incompatible /nix/store/si4q3zks5mn5jhzzyri9hhd3cv789vlm-gcc-15.2.0-lib/lib/libgcc_s.so.1 when searching for libgcc_s.so.1
/nix/store/p2vkw5s89ff1fs2d2rxqxiqil9s0jpcm-binutils-2.46/bin/ld.bfd: skipping incompatible /nix/store/si4q3zks5mn5jhzzyri9hhd3cv789vlm-gcc-15.2.0-lib/lib/libgcc_s.so.1 when searching for libgcc_s.so.1
/nix/store/p2vkw5s89ff1fs2d2rxqxiqil9s0jpcm-binutils-2.46/bin/ld.bfd: skipping incompatible /nix/store/si4q3zks5mn5jhzzyri9hhd3cv789vlm-gcc-15.2.0-lib/lib/libgcc_s.so.1 when searching for libgcc_s.so.1
/nix/store/p2vkw5s89ff1fs2d2rxqxiqil9s0jpcm-binutils-2.46/bin/ld.bfd: skipping incompatible /nix/store/si4q3zks5mn5jhzzyri9hhd3cv789vlm-gcc-15.2.0-lib/lib/libgcc_s.so.1 when searching for libgcc_s.so.1
/nix/store/p2vkw5s89ff1fs2d2rxqxiqil9s0jpcm-binutils-2.46/bin/ld.bfd: cannot find libgcc_s.so.1: No such file or directory
/nix/store/p2vkw5s89ff1fs2d2rxqxiqil9s0jpcm-binutils-2.46/bin/ld.bfd: skipping incompatible /nix/store/si4q3zks5mn5jhzzyri9hhd3cv789vlm-gcc-15.2.0-lib/lib/libgcc_s.so.1 when searching for libgcc_s.so.1
/nix/store/p2vkw5s89ff1fs2d2rxqxiqil9s0jpcm-binutils-2.46/bin/ld.bfd: skipping incompatible /nix/store/si4q3zks5mn5jhzzyri9hhd3cv789vlm-gcc-15.2.0-lib/lib/libgcc_s.so.1 when searching for libgcc_s.so.1
/nix/store/p2vkw5s89ff1fs2d2rxqxiqil9s0jpcm-binutils-2.46/bin/ld.bfd: skipping incompatible /nix/store/si4q3zks5mn5jhzzyri9hhd3cv789vlm-gcc-15.2.0-lib/lib/libgcc_s.so.1 when searching for libgcc_s.so.1
/nix/store/p2vkw5s89ff1fs2d2rxqxiqil9s0jpcm-binutils-2.46/bin/ld.bfd: skipping incompatible /nix/store/sanx9fg8mry8mq92zhlm5qvb83qlxrlx-gcc-15.2.0/lib/gcc/x86_64-unknown-linux-gnu/15.2.0/libgcc.a when searching for -lgcc
/nix/store/p2vkw5s89ff1fs2d2rxqxiqil9s0jpcm-binutils-2.46/bin/ld.bfd: skipping incompatible /nix/store/sanx9fg8mry8mq92zhlm5qvb83qlxrlx-gcc-15.2.0/lib/gcc/x86_64-unknown-linux-gnu/15.2.0/libgcc.a when searching for -lgcc
/nix/store/p2vkw5s89ff1fs2d2rxqxiqil9s0jpcm-binutils-2.46/bin/ld.bfd: cannot find -lgcc: No such file or directory
collect2: error: ld returned 1 exit status
configure:14932: $? = 1
configure: program exited with status 1
configure: failed program was:
| /* confdefs.h */
| #define PACKAGE_NAME "strace"
| #define PACKAGE_TARNAME "strace"
| #define PACKAGE_VERSION "UNKNOWN"
| #define PACKAGE_STRING "strace UNKNOWN"
| #define PACKAGE_BUGREPORT "strace-devel@lists.sourceforge.net"
| #define PACKAGE_URL "https://strace.io"
| #define PACKAGE "strace"
| #define VERSION "UNKNOWN"
| #define HAVE_STDIO_H 1
| #define HAVE_STDLIB_H 1
| #define HAVE_STRING_H 1
| #define HAVE_INTTYPES_H 1
| #define HAVE_STDINT_H 1
| #define HAVE_STRINGS_H 1
| #define HAVE_SYS_STAT_H 1
| #define HAVE_SYS_TYPES_H 1
| #define HAVE_UNISTD_H 1
| #define HAVE_WCHAR_H 1
| #define STDC_HEADERS 1
| #define _ALL_SOURCE 1
| #define _COSMO_SOURCE 1
| #define _DARWIN_C_SOURCE 1
| #define _GNU_SOURCE 1
| #define _HPUX_ALT_XOPEN_SOCKET_API 1
| #define _NETBSD_SOURCE 1
| #define _OPENBSD_SOURCE 1
| #define _POSIX_PTHREAD_SEMANTICS 1
| #define __STDC_WANT_IEC_60559_ATTRIBS_EXT__ 1
| #define __STDC_WANT_IEC_60559_BFP_EXT__ 1
| #define __STDC_WANT_IEC_60559_DFP_EXT__ 1
| #define __STDC_WANT_IEC_60559_EXT__ 1
| #define __STDC_WANT_IEC_60559_FUNCS_EXT__ 1
| #define __STDC_WANT_IEC_60559_TYPES_EXT__ 1
| #define __STDC_WANT_LIB_EXT2__ 1
| #define __STDC_WANT_MATH_SPEC_FUNCS__ 1
| #define _TANDEM_SOURCE 1
| #define __EXTENSIONS__ 1
| #define X86_64 1
| #define ENABLE_ARM_OABI 0
| #define HAVE_TYPEOF 1
| #define HAVE_ACCEPT4 1
| #define HAVE_FALLOCATE 1
| #define HAVE_FANOTIFY_MARK 1
| #define HAVE_FOPEN64 1
| #define HAVE_FORK 1
| #define HAVE_FPUTS_UNLOCKED 1
| #define HAVE_FSTATAT 1
| #define HAVE_FTRUNCATE 1
| #define HAVE_FUTIMENS 1
| #define HAVE_IF_INDEXTONAME 1
| #define HAVE_OPEN64 1
| #define HAVE_PRCTL 1
| #define HAVE_PREADV 1
| #define HAVE_PROCESS_VM_READV 1
| #define HAVE_PWRITEV 1
| #define HAVE_READAHEAD 1
| #define HAVE_SIGNALFD 1
| #define HAVE_STPCPY 1
| #define HAVE_STRERROR 1
| #define HAVE_STRSIGNAL 1
| #define HAVE_SYNC_FILE_RANGE 1
| #define HAVE_UTIMENSAT 1
| #define HAVE_SIG_ATOMIC_T 1
| #define HAVE_STRUCT_SIGCONTEXT 1
| #define HAVE_STRUCT_MMSGHDR 1
| #define HAVE___KERNEL_LONG_T 1
| #define HAVE___KERNEL_ULONG_T 1
| #define HAVE_STRUCT___OLD_KERNEL_STAT 1
| #define HAVE_STRUCT_USER_DESC 1
| #define HAVE_STRUCT_STAT_ST_MTIME_NSEC 1
| #define HAVE_STRUCT_FLOCK 1
| #define HAVE_STRUCT_FLOCK64 1
| #define HAVE_STRUCT_TIMEX_TAI 1
| #define HAVE_STRUCT_UTSNAME_DOMAINNAME 1
| #define HAVE_SIGINFO_T_SI_SYSCALL 1
| #define HAVE_SIGINFO_T_SI_TIMERID 1
| #define HAVE_SIGINFO_T_SI_OVERRUN 1
| #define HAVE_STRUCT_PERF_EVENT_ATTR_PRECISE_IP 1
| #define HAVE_STRUCT_PERF_EVENT_ATTR_MMAP_DATA 1
| #define HAVE_STRUCT_PERF_EVENT_ATTR_SAMPLE_ID_ALL 1
| #define HAVE_STRUCT_PERF_EVENT_ATTR_EXCLUDE_HOST 1
| #define HAVE_STRUCT_PERF_EVENT_ATTR_EXCLUDE_GUEST 1
| #define HAVE_STRUCT_PERF_EVENT_ATTR_EXCLUDE_CALLCHAIN_KERNEL 1
| #define HAVE_STRUCT_PERF_EVENT_ATTR_EXCLUDE_CALLCHAIN_USER 1
| #define HAVE_STRUCT_PERF_EVENT_ATTR_MMAP2 1
| #define HAVE_STRUCT_PERF_EVENT_ATTR_COMM_EXEC 1
| #define HAVE_STRUCT_PERF_EVENT_ATTR_USE_CLOCKID 1
| #define HAVE_STRUCT_PERF_EVENT_ATTR_CONTEXT_SWITCH 1
| #define HAVE_STRUCT_PERF_EVENT_ATTR_WRITE_BACKWARD 1
| #define HAVE_STRUCT_PERF_EVENT_ATTR_BP_TYPE 1
| #define HAVE_STRUCT_PERF_EVENT_ATTR_CONFIG1 1
| #define HAVE_STRUCT_PERF_EVENT_ATTR_CONFIG2 1
| #define HAVE_STRUCT_PERF_EVENT_ATTR_BRANCH_SAMPLE_TYPE 1
| #define HAVE_STRUCT_PERF_EVENT_ATTR_SAMPLE_REGS_USER 1
| #define HAVE_STRUCT_PERF_EVENT_ATTR_SAMPLE_STACK_USER 1
| #define HAVE_STRUCT_PERF_EVENT_ATTR_SAMPLE_REGS_INTR 1
| #define HAVE_STRUCT_PERF_EVENT_ATTR_AUX_WATERMARK 1
| #define HAVE_STRUCT_PERF_EVENT_ATTR_SAMPLE_MAX_STACK 1
| #define HAVE_ELF_H 1
| #define HAVE_INTTYPES_H 1
| #define HAVE_LINUX_BSG_H 1
| #define HAVE_LINUX_DM_IOCTL_H 1
| #define HAVE_LINUX_DQBLK_XFS_H 1
| #define HAVE_LINUX_FALLOC_H 1
| #define HAVE_LINUX_FIEMAP_H 1
| #define HAVE_LINUX_FILTER_H 1
| #define HAVE_LINUX_HIDDEV_H 1
| #define HAVE_LINUX_IP_VS_H 1
| #define HAVE_LINUX_IPC_H 1
| #define HAVE_LINUX_MMTIMER_H 1
| #define HAVE_LINUX_MSG_H 1
| #define HAVE_LINUX_PERF_EVENT_H 1
| #define HAVE_LINUX_QUOTA_H 1
| #define HAVE_LINUX_SECCOMP_H 1
| #define HAVE_LINUX_SECUREBITS_H 1
| #define HAVE_LINUX_SEM_H 1
| #define HAVE_LINUX_SHM_H 1
| #define HAVE_LINUX_USERFAULTFD_H 1
| #define HAVE_LINUX_UTSNAME_H 1
| #define HAVE_MQUEUE_H 1
| #define HAVE_NETIPX_IPX_H 1
| #define HAVE_SCSI_SG_H 1
| #define HAVE_SYS_EVENTFD_H 1
| #define HAVE_SYS_FANOTIFY_H 1
| #define HAVE_SYS_IPC_H 1
| #define HAVE_SYS_MSG_H 1
| #define HAVE_SYS_QUOTA_H 1
| #define HAVE_SYS_REG_H 1
| #define HAVE_SYS_SEM_H 1
| #define HAVE_SYS_SHM_H 1
| #define HAVE_SYS_SIGNALFD_H 1
| #define HAVE_SYS_XATTR_H 1
| #define HAVE_NETINET_TCP_H 1
| #define HAVE_NETINET_UDP_H 1
| #define HAVE_LINUX_MQUEUE_H 1
| #define HAVE_LINUX_NETFILTER_ARP_ARP_TABLES_H 1
| #define HAVE_LINUX_NETFILTER_BRIDGE_EBTABLES_H 1
| #define HAVE_LINUX_NETFILTER_IPV4_IP_TABLES_H 1
| #define HAVE_LINUX_NETFILTER_IPV6_IP6_TABLES_H 1
| #define HAVE_LINUX_INPUT_H 1
| #define HAVE_STRUCT_INPUT_ABSINFO_RESOLUTION 1
| #define HAVE_LINUX_BPF_H 1
| #define HAVE_UNION_BPF_ATTR_LOG_BUF 1
| #define HAVE_UNION_BPF_ATTR_BPF_FD 1
| #define HAVE_UNION_BPF_ATTR_ATTACH_FLAGS 1
| #define HAVE_STRUCT_STATFS 1
| #define HAVE_STRUCT_STATFS_F_FRSIZE 1
| #define HAVE_STRUCT_STATFS_F_FLAGS 1
| #define HAVE_STRUCT_STATFS_F_FSID_VAL 1
| #define HAVE_STRUCT_STATFS64 1
| #define HAVE_STRUCT_STATFS64_F_FRSIZE 1
| #define HAVE_STRUCT_STATFS64_F_FLAGS 1
| #define HAVE_STRUCT_STATFS64_F_FSID_VAL 1
| #define HAVE_STRUCT_BLK_USER_TRACE_SETUP 1
| #define HAVE_LINUX_BTRFS_H 1
| #define HAVE_STRUCT_BTRFS_IOCTL_FEATURE_FLAGS_COMPAT_FLAGS 1
| #define HAVE_STRUCT_BTRFS_IOCTL_FS_INFO_ARGS_NODESIZE 1
| #define HAVE_STRUCT_BTRFS_IOCTL_DEFRAG_RANGE_ARGS_START 1
| #define HAVE_STRUCT_BTRFS_IOCTL_SEARCH_ARGS_V2_BUF_SIZE 1
| #define HAVE_DECL_BTRFS_COMPRESS_NONE 0
| #define HAVE_DECL_BTRFS_COMPRESS_ZLIB 0
| #define HAVE_DECL_BTRFS_COMPRESS_LZO 0
| #define HAVE_DECL_SYS_ERRLIST 0
| #define HAVE_DECL_PTRACE_PEEKUSER 1
| #define HAVE_DECL_PTRACE_POKEUSER 1
| #define HAVE_DECL_P_PID 1
| #define HAVE_DECL_P_PPID 0
| #define HAVE_DECL_P_PGID 1
| #define HAVE_DECL_P_SID 0
| #define HAVE_DECL_P_CID 0
| #define HAVE_DECL_P_UID 0
| #define HAVE_DECL_P_GID 0
| #define HAVE_DECL_P_ALL 1
| #define HAVE_DECL_P_LWPID 0
| #define HAVE_DECL_LO_FLAGS_READ_ONLY 1
| #define HAVE_DECL_LO_FLAGS_USE_AOPS 0
| #define HAVE_DECL_LO_FLAGS_AUTOCLEAR 1
| #define HAVE_DECL_LO_FLAGS_PARTSCAN 1
| #define HAVE_DECL_LO_FLAGS_DIRECT_IO 1
| #define HAVE_DECL_CTL_PROC 1
| #define HAVE_DECL_CTL_ARLAN 1
| #define HAVE_DECL_CTL_S390DBF 1
| #define HAVE_DECL_CTL_SUNRPC 1
| #define HAVE_DECL_CTL_PM 1
| #define HAVE_DECL_CTL_FRV 1
| #define HAVE_DECL_KERN_PRINTK_RATELIMIT 1
| #define HAVE_DECL_KERN_PRINTK_RATELIMIT_BURST 1
| #define HAVE_DECL_KERN_PTY 1
| #define HAVE_DECL_KERN_NGROUPS_MAX 1
| #define HAVE_DECL_KERN_SPARC_SCONS_PWROFF 1
| #define HAVE_DECL_KERN_HZ_TIMER 1
| #define HAVE_DECL_KERN_UNKNOWN_NMI_PANIC 1
| #define HAVE_DECL_KERN_BOOTLOADER_TYPE 1
| #define HAVE_DECL_KERN_RANDOMIZE 1
| #define HAVE_DECL_KERN_SETUID_DUMPABLE 1
| #define HAVE_DECL_KERN_SPIN_RETRY 1
| #define HAVE_DECL_KERN_ACPI_VIDEO_FLAGS 1
| #define HAVE_DECL_KERN_IA64_UNALIGNED 1
| #define HAVE_DECL_KERN_COMPAT_LOG 1
| #define HAVE_DECL_KERN_MAX_LOCK_DEPTH 1
| #define HAVE_DECL_KERN_NMI_WATCHDOG 1
| #define HAVE_DECL_KERN_PANIC_ON_NMI 1
| #define HAVE_DECL_NET_LLC 1
| #define HAVE_DECL_NET_NETFILTER 1
| #define HAVE_DECL_NET_DCCP 1
| #define HAVE_DECL_NET_IRDA 1
| #define HAVE_DECL_NET_CORE_DESTROY_DELAY 0
| #define HAVE_DECL_NET_CORE_BUDGET 1
| #define HAVE_DECL_NET_CORE_AEVENT_ETIME 1
| #define HAVE_DECL_NET_CORE_AEVENT_RSEQTH 1
| #define HAVE_DECL_NET_CORE_WARNINGS 1
| #define HAVE_DECL_NET_IPV4_IGMP_MAX_MSF 1
| #define HAVE_DECL_NET_TCP_NO_METRICS_SAVE 1
| #define HAVE_DECL_NET_TCP_DEFAULT_WIN_SCALE 1
| #define HAVE_DECL_NET_TCP_MODERATE_RCVBUF 1
| #define HAVE_DECL_NET_TCP_TSO_WIN_DIVISOR 1
| #define HAVE_DECL_NET_TCP_BIC_BETA 1
| #define HAVE_DECL_NET_IPV4_ICMP_ERRORS_USE_INBOUND_IFADDR 1
| #define HAVE_DECL_NET_TCP_CONG_CONTROL 1
| #define HAVE_DECL_NET_TCP_ABC 1
| #define HAVE_DECL_NET_IPV4_IPFRAG_MAX_DIST 1
| #define HAVE_DECL_NET_TCP_MTU_PROBING 1
| #define HAVE_DECL_NET_TCP_BASE_MSS 1
| #define HAVE_DECL_NET_IPV4_TCP_WORKAROUND_SIGNED_WINDOWS 1
| #define HAVE_DECL_NET_TCP_DMA_COPYBREAK 1
| #define HAVE_DECL_NET_TCP_SLOW_START_AFTER_IDLE 1
| #define HAVE_DECL_NET_CIPSOV4_CACHE_ENABLE 1
| #define HAVE_DECL_NET_CIPSOV4_CACHE_BUCKET_SIZE 1
| #define HAVE_DECL_NET_CIPSOV4_RBM_OPTFMT 1
| #define HAVE_DECL_NET_CIPSOV4_RBM_STRICTVALID 1
| #define HAVE_DECL_NET_TCP_AVAIL_CONG_CONTROL 1
| #define HAVE_DECL_NET_TCP_ALLOWED_CONG_CONTROL 1
| #define HAVE_DECL_NET_TCP_MAX_SSTHRESH 1
| #define HAVE_DECL_NET_TCP_FRTO_RESPONSE 1
| #define HAVE_DECL_NET_IPV4_ROUTE_GC_MIN_INTERVAL_MS 1
| #define HAVE_DECL_NET_IPV4_CONF_FORCE_IGMP_VERSION 1
| #define HAVE_DECL_NET_IPV4_CONF_ARP_ANNOUNCE 1
| #define HAVE_DECL_NET_IPV4_CONF_ARP_IGNORE 1
| #define HAVE_DECL_NET_IPV4_CONF_PROMOTE_SECONDARIES 1
| #define HAVE_DECL_NET_IPV4_CONF_ARP_ACCEPT 1
| #define HAVE_DECL_NET_IPV4_CONF_ARP_NOTIFY 1
| #define HAVE_DECL_NET_IPV6_MLD_MAX_MSF 1
| #define HAVE_DECL_NET_IPV6_ROUTE_GC_MIN_INTERVAL_MS 1
| #define HAVE_DECL_VM_MAX_MAP_COUNT 1
| #define HAVE_DECL_VM_LAPTOP_MODE 1
| #define HAVE_DECL_VM_BLOCK_DUMP 1
| #define HAVE_DECL_VM_HUGETLB_GROUP 1
| #define HAVE_DECL_VM_VFS_CACHE_PRESSURE 1
| #define HAVE_DECL_VM_LEGACY_VA_LAYOUT 1
| #define HAVE_DECL_VM_SWAP_TOKEN_TIMEOUT 1
| #define HAVE_DECL_V4L2_FIELD_ANY 1
| #define HAVE_DECL_V4L2_FIELD_NONE 1
| #define HAVE_DECL_V4L2_FIELD_TOP 1
| #define HAVE_DECL_V4L2_FIELD_BOTTOM 1
| #define HAVE_DECL_V4L2_FIELD_INTERLACED 1
| #define HAVE_DECL_V4L2_FIELD_SEQ_TB 1
| #define HAVE_DECL_V4L2_FIELD_SEQ_BT 1
| #define HAVE_DECL_V4L2_FIELD_ALTERNATE 1
| #define HAVE_DECL_V4L2_FIELD_INTERLACED_TB 1
| #define HAVE_DECL_V4L2_FIELD_INTERLACED_BT 1
| #define HAVE_DECL_V4L2_BUF_TYPE_VIDEO_CAPTURE 1
| #define HAVE_DECL_V4L2_BUF_TYPE_VIDEO_CAPTURE_MPLANE 1
| #define HAVE_DECL_V4L2_BUF_TYPE_VIDEO_OUTPUT 1
| #define HAVE_DECL_V4L2_BUF_TYPE_VIDEO_OUTPUT_MPLANE 1
| #define HAVE_DECL_V4L2_BUF_TYPE_VIDEO_OVERLAY 1
| #define HAVE_DECL_V4L2_BUF_TYPE_VBI_CAPTURE 1
| #define HAVE_DECL_V4L2_BUF_TYPE_VBI_OUTPUT 1
| #define HAVE_DECL_V4L2_BUF_TYPE_SLICED_VBI_CAPTURE 1
| #define HAVE_DECL_V4L2_BUF_TYPE_SLICED_VBI_OUTPUT 1
| #define HAVE_DECL_V4L2_BUF_TYPE_VIDEO_OUTPUT_OVERLAY 1
| #define HAVE_DECL_V4L2_TUNER_RADIO 1
| #define HAVE_DECL_V4L2_TUNER_ANALOG_TV 1
| #define HAVE_DECL_V4L2_TUNER_DIGITAL_TV 1
| #define HAVE_DECL_V4L2_MEMORY_MMAP 1
| #define HAVE_DECL_V4L2_MEMORY_USERPTR 1
| #define HAVE_DECL_V4L2_MEMORY_OVERLAY 1
| #define HAVE_DECL_V4L2_MEMORY_DMABUF 1
| #define HAVE_DECL_V4L2_COLORSPACE_SMPTE170M 1
| #define HAVE_DECL_V4L2_COLORSPACE_SMPTE240M 1
| #define HAVE_DECL_V4L2_COLORSPACE_REC709 1
| #define HAVE_DECL_V4L2_COLORSPACE_BT878 1
| #define HAVE_DECL_V4L2_COLORSPACE_470_SYSTEM_M 1
| #define HAVE_DECL_V4L2_COLORSPACE_470_SYSTEM_BG 1
| #define HAVE_DECL_V4L2_COLORSPACE_JPEG 1
| #define HAVE_DECL_V4L2_COLORSPACE_SRGB 1
| #define HAVE_DECL_V4L2_PRIORITY_UNSET 1
| #define HAVE_DECL_V4L2_PRIORITY_BACKGROUND 1
| #define HAVE_DECL_V4L2_PRIORITY_INTERACTIVE 1
| #define HAVE_DECL_V4L2_PRIORITY_RECORD 1
| #define HAVE_DECL_V4L2_FRMSIZE_TYPE_DISCRETE 1
| #define HAVE_DECL_V4L2_FRMSIZE_TYPE_CONTINUOUS 1
| #define HAVE_DECL_V4L2_FRMSIZE_TYPE_STEPWISE 1
| #define HAVE_DECL_V4L2_FRMIVAL_TYPE_DISCRETE 1
| #define HAVE_DECL_V4L2_FRMIVAL_TYPE_CONTINUOUS 1
| #define HAVE_DECL_V4L2_FRMIVAL_TYPE_STEPWISE 1
| #define HAVE_DECL_V4L2_CTRL_TYPE_INTEGER 1
| #define HAVE_DECL_V4L2_CTRL_TYPE_BOOLEAN 1
| #define HAVE_DECL_V4L2_CTRL_TYPE_MENU 1
| #define HAVE_DECL_V4L2_CTRL_TYPE_BUTTON 1
| #define HAVE_DECL_V4L2_CTRL_TYPE_INTEGER64 1
| #define HAVE_DECL_V4L2_CTRL_TYPE_CTRL_CLASS 1
| #define HAVE_DECL_V4L2_CTRL_TYPE_STRING 1
| #define HAVE_DECL_V4L2_CTRL_TYPE_BITMASK 1
| #define HAVE_DECL_V4L2_CTRL_TYPE_INTEGER_MENU 1
| #define HAVE_BLKGETSIZE64 1
| #define SIZEOF_LONG 8
| #define SIZEOF_LONG_LONG 8
| #define SIZEOF_OFF_T 8
| #define SIZEOF_KERNEL_LONG_T 8
| #define SIZEOF_STRUCT_I64_I32 16
| #define ASM_SIGRTMIN 32
| #define ASM_SA_RESTORER 0x04000000
| #define HAVE___BUILTIN_POPCOUNT 1
| #define HAVE_DLADDR 1
| #define HAVE_M32_MPERS 1
| #define HAVE_M32_STRUCT_STAT 1
| #define HAVE_M32_STRUCT_STAT_ST_MTIME_NSEC 1
| #define HAVE_M32_STRUCT_STAT64 1
| #define HAVE_M32_STRUCT_STAT64_ST_MTIME_NSEC 1
| /* end confdefs.h.  */
| #include <stdint.h>
| 							 int main(){return 0;}
configure:14946: result: no
configure:14948: checking whether mpers.sh -mx32 works
configure:14962: result: yes
configure:14990: checking for struct stat
configure:14990: gcc -c -std=gnu17 -O2 -g -mx32 -I.  conftest.c >&5
configure:14990: $? = 0
configure:14990: gcc -c -std=gnu17 -O2 -g -mx32 -I.  conftest.c >&5
conftest.c: In function 'main':
conftest.c:329:26: error: expected expression before ')' token
  329 | if (sizeof ((struct stat)))
      |                          ^
configure:14990: $? = 1
configure: failed program was:
| /* confdefs.h */
| #define PACKAGE_NAME "strace"
| #define PACKAGE_TARNAME "strace"
| #define PACKAGE_VERSION "UNKNOWN"
| #define PACKAGE_STRING "strace UNKNOWN"
| #define PACKAGE_BUGREPORT "strace-devel@lists.sourceforge.net"
| #define PACKAGE_URL "https://strace.io"
| #define PACKAGE "strace"
| #define VERSION "UNKNOWN"
| #define HAVE_STDIO_H 1
| #define HAVE_STDLIB_H 1
| #define HAVE_STRING_H 1
| #define HAVE_INTTYPES_H 1
| #define HAVE_STDINT_H 1
| #define HAVE_STRINGS_H 1
| #define HAVE_SYS_STAT_H 1
| #define HAVE_SYS_TYPES_H 1
| #define HAVE_UNISTD_H 1
| #define HAVE_WCHAR_H 1
| #define STDC_HEADERS 1
| #define _ALL_SOURCE 1
| #define _COSMO_SOURCE 1
| #define _DARWIN_C_SOURCE 1
| #define _GNU_SOURCE 1
| #define _HPUX_ALT_XOPEN_SOCKET_API 1
| #define _NETBSD_SOURCE 1
| #define _OPENBSD_SOURCE 1
| #define _POSIX_PTHREAD_SEMANTICS 1
| #define __STDC_WANT_IEC_60559_ATTRIBS_EXT__ 1
| #define __STDC_WANT_IEC_60559_BFP_EXT__ 1
| #define __STDC_WANT_IEC_60559_DFP_EXT__ 1
| #define __STDC_WANT_IEC_60559_EXT__ 1
| #define __STDC_WANT_IEC_60559_FUNCS_EXT__ 1
| #define __STDC_WANT_IEC_60559_TYPES_EXT__ 1
| #define __STDC_WANT_LIB_EXT2__ 1
| #define __STDC_WANT_MATH_SPEC_FUNCS__ 1
| #define _TANDEM_SOURCE 1
| #define __EXTENSIONS__ 1
| #define X86_64 1
| #define ENABLE_ARM_OABI 0
| #define HAVE_TYPEOF 1
| #define HAVE_ACCEPT4 1
| #define HAVE_FALLOCATE 1
| #define HAVE_FANOTIFY_MARK 1
| #define HAVE_FOPEN64 1
| #define HAVE_FORK 1
| #define HAVE_FPUTS_UNLOCKED 1
| #define HAVE_FSTATAT 1
| #define HAVE_FTRUNCATE 1
| #define HAVE_FUTIMENS 1
| #define HAVE_IF_INDEXTONAME 1
| #define HAVE_OPEN64 1
| #define HAVE_PRCTL 1
| #define HAVE_PREADV 1
| #define HAVE_PROCESS_VM_READV 1
| #define HAVE_PWRITEV 1
| #define HAVE_READAHEAD 1
| #define HAVE_SIGNALFD 1
| #define HAVE_STPCPY 1
| #define HAVE_STRERROR 1
| #define HAVE_STRSIGNAL 1
| #define HAVE_SYNC_FILE_RANGE 1
| #define HAVE_UTIMENSAT 1
| #define HAVE_SIG_ATOMIC_T 1
| #define HAVE_STRUCT_SIGCONTEXT 1
| #define HAVE_STRUCT_MMSGHDR 1
| #define HAVE___KERNEL_LONG_T 1
| #define HAVE___KERNEL_ULONG_T 1
| #define HAVE_STRUCT___OLD_KERNEL_STAT 1
| #define HAVE_STRUCT_USER_DESC 1
| #define HAVE_STRUCT_STAT_ST_MTIME_NSEC 1
| #define HAVE_STRUCT_FLOCK 1
| #define HAVE_STRUCT_FLOCK64 1
| #define HAVE_STRUCT_TIMEX_TAI 1
| #define HAVE_STRUCT_UTSNAME_DOMAINNAME 1
| #define HAVE_SIGINFO_T_SI_SYSCALL 1
| #define HAVE_SIGINFO_T_SI_TIMERID 1
| #define HAVE_SIGINFO_T_SI_OVERRUN 1
| #define HAVE_STRUCT_PERF_EVENT_ATTR_PRECISE_IP 1
| #define HAVE_STRUCT_PERF_EVENT_ATTR_MMAP_DATA 1
| #define HAVE_STRUCT_PERF_EVENT_ATTR_SAMPLE_ID_ALL 1
| #define HAVE_STRUCT_PERF_EVENT_ATTR_EXCLUDE_HOST 1
| #define HAVE_STRUCT_PERF_EVENT_ATTR_EXCLUDE_GUEST 1
| #define HAVE_STRUCT_PERF_EVENT_ATTR_EXCLUDE_CALLCHAIN_KERNEL 1
| #define HAVE_STRUCT_PERF_EVENT_ATTR_EXCLUDE_CALLCHAIN_USER 1
| #define HAVE_STRUCT_PERF_EVENT_ATTR_MMAP2 1
| #define HAVE_STRUCT_PERF_EVENT_ATTR_COMM_EXEC 1
| #define HAVE_STRUCT_PERF_EVENT_ATTR_USE_CLOCKID 1
| #define HAVE_STRUCT_PERF_EVENT_ATTR_CONTEXT_SWITCH 1
| #define HAVE_STRUCT_PERF_EVENT_ATTR_WRITE_BACKWARD 1
| #define HAVE_STRUCT_PERF_EVENT_ATTR_BP_TYPE 1
| #define HAVE_STRUCT_PERF_EVENT_ATTR_CONFIG1 1
| #define HAVE_STRUCT_PERF_EVENT_ATTR_CONFIG2 1
| #define HAVE_STRUCT_PERF_EVENT_ATTR_BRANCH_SAMPLE_TYPE 1
| #define HAVE_STRUCT_PERF_EVENT_ATTR_SAMPLE_REGS_USER 1
| #define HAVE_STRUCT_PERF_EVENT_ATTR_SAMPLE_STACK_USER 1
| #define HAVE_STRUCT_PERF_EVENT_ATTR_SAMPLE_REGS_INTR 1
| #define HAVE_STRUCT_PERF_EVENT_ATTR_AUX_WATERMARK 1
| #define HAVE_STRUCT_PERF_EVENT_ATTR_SAMPLE_MAX_STACK 1
| #define HAVE_ELF_H 1
| #define HAVE_INTTYPES_H 1
| #define HAVE_LINUX_BSG_H 1
| #define HAVE_LINUX_DM_IOCTL_H 1
| #define HAVE_LINUX_DQBLK_XFS_H 1
| #define HAVE_LINUX_FALLOC_H 1
| #define HAVE_LINUX_FIEMAP_H 1
| #define HAVE_LINUX_FILTER_H 1
| #define HAVE_LINUX_HIDDEV_H 1
| #define HAVE_LINUX_IP_VS_H 1
| #define HAVE_LINUX_IPC_H 1
| #define HAVE_LINUX_MMTIMER_H 1
| #define HAVE_LINUX_MSG_H 1
| #define HAVE_LINUX_PERF_EVENT_H 1
| #define HAVE_LINUX_QUOTA_H 1
| #define HAVE_LINUX_SECCOMP_H 1
| #define HAVE_LINUX_SECUREBITS_H 1
| #define HAVE_LINUX_SEM_H 1
| #define HAVE_LINUX_SHM_H 1
| #define HAVE_LINUX_USERFAULTFD_H 1
| #define HAVE_LINUX_UTSNAME_H 1
| #define HAVE_MQUEUE_H 1
| #define HAVE_NETIPX_IPX_H 1
| #define HAVE_SCSI_SG_H 1
| #define HAVE_SYS_EVENTFD_H 1
| #define HAVE_SYS_FANOTIFY_H 1
| #define HAVE_SYS_IPC_H 1
| #define HAVE_SYS_MSG_H 1
| #define HAVE_SYS_QUOTA_H 1
| #define HAVE_SYS_REG_H 1
| #define HAVE_SYS_SEM_H 1
| #define HAVE_SYS_SHM_H 1
| #define HAVE_SYS_SIGNALFD_H 1
| #define HAVE_SYS_XATTR_H 1
| #define HAVE_NETINET_TCP_H 1
| #define HAVE_NETINET_UDP_H 1
| #define HAVE_LINUX_MQUEUE_H 1
| #define HAVE_LINUX_NETFILTER_ARP_ARP_TABLES_H 1
| #define HAVE_LINUX_NETFILTER_BRIDGE_EBTABLES_H 1
| #define HAVE_LINUX_NETFILTER_IPV4_IP_TABLES_H 1
| #define HAVE_LINUX_NETFILTER_IPV6_IP6_TABLES_H 1
| #define HAVE_LINUX_INPUT_H 1
| #define HAVE_STRUCT_INPUT_ABSINFO_RESOLUTION 1
| #define HAVE_LINUX_BPF_H 1
| #define HAVE_UNION_BPF_ATTR_LOG_BUF 1
| #define HAVE_UNION_BPF_ATTR_BPF_FD 1
| #define HAVE_UNION_BPF_ATTR_ATTACH_FLAGS 1
| #define HAVE_STRUCT_STATFS 1
| #define HAVE_STRUCT_STATFS_F_FRSIZE 1
| #define HAVE_STRUCT_STATFS_F_FLAGS 1
| #define HAVE_STRUCT_STATFS_F_FSID_VAL 1
| #define HAVE_STRUCT_STATFS64 1
| #define HAVE_STRUCT_STATFS64_F_FRSIZE 1
| #define HAVE_STRUCT_STATFS64_F_FLAGS 1
| #define HAVE_STRUCT_STATFS64_F_FSID_VAL 1
| #define HAVE_STRUCT_BLK_USER_TRACE_SETUP 1
| #define HAVE_LINUX_BTRFS_H 1
| #define HAVE_STRUCT_BTRFS_IOCTL_FEATURE_FLAGS_COMPAT_FLAGS 1
| #define HAVE_STRUCT_BTRFS_IOCTL_FS_INFO_ARGS_NODESIZE 1
| #define HAVE_STRUCT_BTRFS_IOCTL_DEFRAG_RANGE_ARGS_START 1
| #define HAVE_STRUCT_BTRFS_IOCTL_SEARCH_ARGS_V2_BUF_SIZE 1
| #define HAVE_DECL_BTRFS_COMPRESS_NONE 0
| #define HAVE_DECL_BTRFS_COMPRESS_ZLIB 0
| #define HAVE_DECL_BTRFS_COMPRESS_LZO 0
| #define HAVE_DECL_SYS_ERRLIST 0
| #define HAVE_DECL_PTRACE_PEEKUSER 1
| #define HAVE_DECL_PTRACE_POKEUSER 1
| #define HAVE_DECL_P_PID 1
| #define HAVE_DECL_P_PPID 0
| #define HAVE_DECL_P_PGID 1
| #define HAVE_DECL_P_SID 0
| #define HAVE_DECL_P_CID 0
| #define HAVE_DECL_P_UID 0
| #define HAVE_DECL_P_GID 0
| #define HAVE_DECL_P_ALL 1
| #define HAVE_DECL_P_LWPID 0
| #define HAVE_DECL_LO_FLAGS_READ_ONLY 1
| #define HAVE_DECL_LO_FLAGS_USE_AOPS 0
| #define HAVE_DECL_LO_FLAGS_AUTOCLEAR 1
| #define HAVE_DECL_LO_FLAGS_PARTSCAN 1
| #define HAVE_DECL_LO_FLAGS_DIRECT_IO 1
| #define HAVE_DECL_CTL_PROC 1
| #define HAVE_DECL_CTL_ARLAN 1
| #define HAVE_DECL_CTL_S390DBF 1
| #define HAVE_DECL_CTL_SUNRPC 1
| #define HAVE_DECL_CTL_PM 1
| #define HAVE_DECL_CTL_FRV 1
| #define HAVE_DECL_KERN_PRINTK_RATELIMIT 1
| #define HAVE_DECL_KERN_PRINTK_RATELIMIT_BURST 1
| #define HAVE_DECL_KERN_PTY 1
| #define HAVE_DECL_KERN_NGROUPS_MAX 1
| #define HAVE_DECL_KERN_SPARC_SCONS_PWROFF 1
| #define HAVE_DECL_KERN_HZ_TIMER 1
| #define HAVE_DECL_KERN_UNKNOWN_NMI_PANIC 1
| #define HAVE_DECL_KERN_BOOTLOADER_TYPE 1
| #define HAVE_DECL_KERN_RANDOMIZE 1
| #define HAVE_DECL_KERN_SETUID_DUMPABLE 1
| #define HAVE_DECL_KERN_SPIN_RETRY 1
| #define HAVE_DECL_KERN_ACPI_VIDEO_FLAGS 1
| #define HAVE_DECL_KERN_IA64_UNALIGNED 1
| #define HAVE_DECL_KERN_COMPAT_LOG 1
| #define HAVE_DECL_KERN_MAX_LOCK_DEPTH 1
| #define HAVE_DECL_KERN_NMI_WATCHDOG 1
| #define HAVE_DECL_KERN_PANIC_ON_NMI 1
| #define HAVE_DECL_NET_LLC 1
| #define HAVE_DECL_NET_NETFILTER 1
| #define HAVE_DECL_NET_DCCP 1
| #define HAVE_DECL_NET_IRDA 1
| #define HAVE_DECL_NET_CORE_DESTROY_DELAY 0
| #define HAVE_DECL_NET_CORE_BUDGET 1
| #define HAVE_DECL_NET_CORE_AEVENT_ETIME 1
| #define HAVE_DECL_NET_CORE_AEVENT_RSEQTH 1
| #define HAVE_DECL_NET_CORE_WARNINGS 1
| #define HAVE_DECL_NET_IPV4_IGMP_MAX_MSF 1
| #define HAVE_DECL_NET_TCP_NO_METRICS_SAVE 1
| #define HAVE_DECL_NET_TCP_DEFAULT_WIN_SCALE 1
| #define HAVE_DECL_NET_TCP_MODERATE_RCVBUF 1
| #define HAVE_DECL_NET_TCP_TSO_WIN_DIVISOR 1
| #define HAVE_DECL_NET_TCP_BIC_BETA 1
| #define HAVE_DECL_NET_IPV4_ICMP_ERRORS_USE_INBOUND_IFADDR 1
| #define HAVE_DECL_NET_TCP_CONG_CONTROL 1
| #define HAVE_DECL_NET_TCP_ABC 1
| #define HAVE_DECL_NET_IPV4_IPFRAG_MAX_DIST 1
| #define HAVE_DECL_NET_TCP_MTU_PROBING 1
| #define HAVE_DECL_NET_TCP_BASE_MSS 1
| #define HAVE_DECL_NET_IPV4_TCP_WORKAROUND_SIGNED_WINDOWS 1
| #define HAVE_DECL_NET_TCP_DMA_COPYBREAK 1
| #define HAVE_DECL_NET_TCP_SLOW_START_AFTER_IDLE 1
| #define HAVE_DECL_NET_CIPSOV4_CACHE_ENABLE 1
| #define HAVE_DECL_NET_CIPSOV4_CACHE_BUCKET_SIZE 1
| #define HAVE_DECL_NET_CIPSOV4_RBM_OPTFMT 1
| #define HAVE_DECL_NET_CIPSOV4_RBM_STRICTVALID 1
| #define HAVE_DECL_NET_TCP_AVAIL_CONG_CONTROL 1
| #define HAVE_DECL_NET_TCP_ALLOWED_CONG_CONTROL 1
| #define HAVE_DECL_NET_TCP_MAX_SSTHRESH 1
| #define HAVE_DECL_NET_TCP_FRTO_RESPONSE 1
| #define HAVE_DECL_NET_IPV4_ROUTE_GC_MIN_INTERVAL_MS 1
| #define HAVE_DECL_NET_IPV4_CONF_FORCE_IGMP_VERSION 1
| #define HAVE_DECL_NET_IPV4_CONF_ARP_ANNOUNCE 1
| #define HAVE_DECL_NET_IPV4_CONF_ARP_IGNORE 1
| #define HAVE_DECL_NET_IPV4_CONF_PROMOTE_SECONDARIES 1
| #define HAVE_DECL_NET_IPV4_CONF_ARP_ACCEPT 1
| #define HAVE_DECL_NET_IPV4_CONF_ARP_NOTIFY 1
| #define HAVE_DECL_NET_IPV6_MLD_MAX_MSF 1
| #define HAVE_DECL_NET_IPV6_ROUTE_GC_MIN_INTERVAL_MS 1
| #define HAVE_DECL_VM_MAX_MAP_COUNT 1
| #define HAVE_DECL_VM_LAPTOP_MODE 1
| #define HAVE_DECL_VM_BLOCK_DUMP 1
| #define HAVE_DECL_VM_HUGETLB_GROUP 1
| #define HAVE_DECL_VM_VFS_CACHE_PRESSURE 1
| #define HAVE_DECL_VM_LEGACY_VA_LAYOUT 1
| #define HAVE_DECL_VM_SWAP_TOKEN_TIMEOUT 1
| #define HAVE_DECL_V4L2_FIELD_ANY 1
| #define HAVE_DECL_V4L2_FIELD_NONE 1
| #define HAVE_DECL_V4L2_FIELD_TOP 1
| #define HAVE_DECL_V4L2_FIELD_BOTTOM 1
| #define HAVE_DECL_V4L2_FIELD_INTERLACED 1
| #define HAVE_DECL_V4L2_FIELD_SEQ_TB 1
| #define HAVE_DECL_V4L2_FIELD_SEQ_BT 1
| #define HAVE_DECL_V4L2_FIELD_ALTERNATE 1
| #define HAVE_DECL_V4L2_FIELD_INTERLACED_TB 1
| #define HAVE_DECL_V4L2_FIELD_INTERLACED_BT 1
| #define HAVE_DECL_V4L2_BUF_TYPE_VIDEO_CAPTURE 1
| #define HAVE_DECL_V4L2_BUF_TYPE_VIDEO_CAPTURE_MPLANE 1
| #define HAVE_DECL_V4L2_BUF_TYPE_VIDEO_OUTPUT 1
| #define HAVE_DECL_V4L2_BUF_TYPE_VIDEO_OUTPUT_MPLANE 1
| #define HAVE_DECL_V4L2_BUF_TYPE_VIDEO_OVERLAY 1
| #define HAVE_DECL_V4L2_BUF_TYPE_VBI_CAPTURE 1
| #define HAVE_DECL_V4L2_BUF_TYPE_VBI_OUTPUT 1
| #define HAVE_DECL_V4L2_BUF_TYPE_SLICED_VBI_CAPTURE 1
| #define HAVE_DECL_V4L2_BUF_TYPE_SLICED_VBI_OUTPUT 1
| #define HAVE_DECL_V4L2_BUF_TYPE_VIDEO_OUTPUT_OVERLAY 1
| #define HAVE_DECL_V4L2_TUNER_RADIO 1
| #define HAVE_DECL_V4L2_TUNER_ANALOG_TV 1
| #define HAVE_DECL_V4L2_TUNER_DIGITAL_TV 1
| #define HAVE_DECL_V4L2_MEMORY_MMAP 1
| #define HAVE_DECL_V4L2_MEMORY_USERPTR 1
| #define HAVE_DECL_V4L2_MEMORY_OVERLAY 1
| #define HAVE_DECL_V4L2_MEMORY_DMABUF 1
| #define HAVE_DECL_V4L2_COLORSPACE_SMPTE170M 1
| #define HAVE_DECL_V4L2_COLORSPACE_SMPTE240M 1
| #define HAVE_DECL_V4L2_COLORSPACE_REC709 1
| #define HAVE_DECL_V4L2_COLORSPACE_BT878 1
| #define HAVE_DECL_V4L2_COLORSPACE_470_SYSTEM_M 1
| #define HAVE_DECL_V4L2_COLORSPACE_470_SYSTEM_BG 1
| #define HAVE_DECL_V4L2_COLORSPACE_JPEG 1
| #define HAVE_DECL_V4L2_COLORSPACE_SRGB 1
| #define HAVE_DECL_V4L2_PRIORITY_UNSET 1
| #define HAVE_DECL_V4L2_PRIORITY_BACKGROUND 1
| #define HAVE_DECL_V4L2_PRIORITY_INTERACTIVE 1
| #define HAVE_DECL_V4L2_PRIORITY_RECORD 1
| #define HAVE_DECL_V4L2_FRMSIZE_TYPE_DISCRETE 1
| #define HAVE_DECL_V4L2_FRMSIZE_TYPE_CONTINUOUS 1
| #define HAVE_DECL_V4L2_FRMSIZE_TYPE_STEPWISE 1
| #define HAVE_DECL_V4L2_FRMIVAL_TYPE_DISCRETE 1
| #define HAVE_DECL_V4L2_FRMIVAL_TYPE_CONTINUOUS 1
| #define HAVE_DECL_V4L2_FRMIVAL_TYPE_STEPWISE 1
| #define HAVE_DECL_V4L2_CTRL_TYPE_INTEGER 1
| #define HAVE_DECL_V4L2_CTRL_TYPE_BOOLEAN 1
| #define HAVE_DECL_V4L2_CTRL_TYPE_MENU 1
| #define HAVE_DECL_V4L2_CTRL_TYPE_BUTTON 1
| #define HAVE_DECL_V4L2_CTRL_TYPE_INTEGER64 1
| #define HAVE_DECL_V4L2_CTRL_TYPE_CTRL_CLASS 1
| #define HAVE_DECL_V4L2_CTRL_TYPE_STRING 1
| #define HAVE_DECL_V4L2_CTRL_TYPE_BITMASK 1
| #define HAVE_DECL_V4L2_CTRL_TYPE_INTEGER_MENU 1
| #define HAVE_BLKGETSIZE64 1
| #define SIZEOF_LONG 8
| #define SIZEOF_LONG_LONG 8
| #define SIZEOF_OFF_T 8
| #define SIZEOF_KERNEL_LONG_T 8
| #define SIZEOF_STRUCT_I64_I32 16
| #define ASM_SIGRTMIN 32
| #define ASM_SA_RESTORER 0x04000000
| #define HAVE___BUILTIN_POPCOUNT 1
| #define HAVE_DLADDR 1
| #define HAVE_M32_MPERS 1
| #define HAVE_M32_STRUCT_STAT 1
| #define HAVE_M32_STRUCT_STAT_ST_MTIME_NSEC 1
| #define HAVE_M32_STRUCT_STAT64 1
| #define HAVE_M32_STRUCT_STAT64_ST_MTIME_NSEC 1
| #define HAVE_MX32_MPERS 1
| /* end confdefs.h.  */
| #include <sys/types.h>
| #include <asm/stat.h>
| 
| int
| main (void)
| {
| if (sizeof ((struct stat)))
| 	    return 0;
|   ;
|   return 0;
| }
configure:14990: result: yes
configure:15041: checking for struct stat.st_mtime_nsec
configure:15041: gcc -c -std=gnu17 -O2 -g -mx32 -I.  conftest.c >&5
configure:15041: $? = 0
configure:15041: result: yes
configure:15095: checking for struct stat64
configure:15095: gcc -c -std=gnu17 -O2 -g -mx32 -I.  conftest.c >&5
conftest.c: In function 'main':
conftest.c:331:13: error: invalid application of 'sizeof' to incomplete type 'struct stat64'
  331 | if (sizeof (struct stat64))
      |             ^~~~~~
configure:15095: $? = 1
configure: failed program was:
| /* confdefs.h */
| #define PACKAGE_NAME "strace"
| #define PACKAGE_TARNAME "strace"
| #define PACKAGE_VERSION "UNKNOWN"
| #define PACKAGE_STRING "strace UNKNOWN"
| #define PACKAGE_BUGREPORT "strace-devel@lists.sourceforge.net"
| #define PACKAGE_URL "https://strace.io"
| #define PACKAGE "strace"
| #define VERSION "UNKNOWN"
| #define HAVE_STDIO_H 1
| #define HAVE_STDLIB_H 1
| #define HAVE_STRING_H 1
| #define HAVE_INTTYPES_H 1
| #define HAVE_STDINT_H 1
| #define HAVE_STRINGS_H 1
| #define HAVE_SYS_STAT_H 1
| #define HAVE_SYS_TYPES_H 1
| #define HAVE_UNISTD_H 1
| #define HAVE_WCHAR_H 1
| #define STDC_HEADERS 1
| #define _ALL_SOURCE 1
| #define _COSMO_SOURCE 1
| #define _DARWIN_C_SOURCE 1
| #define _GNU_SOURCE 1
| #define _HPUX_ALT_XOPEN_SOCKET_API 1
| #define _NETBSD_SOURCE 1
| #define _OPENBSD_SOURCE 1
| #define _POSIX_PTHREAD_SEMANTICS 1
| #define __STDC_WANT_IEC_60559_ATTRIBS_EXT__ 1
| #define __STDC_WANT_IEC_60559_BFP_EXT__ 1
| #define __STDC_WANT_IEC_60559_DFP_EXT__ 1
| #define __STDC_WANT_IEC_60559_EXT__ 1
| #define __STDC_WANT_IEC_60559_FUNCS_EXT__ 1
| #define __STDC_WANT_IEC_60559_TYPES_EXT__ 1
| #define __STDC_WANT_LIB_EXT2__ 1
| #define __STDC_WANT_MATH_SPEC_FUNCS__ 1
| #define _TANDEM_SOURCE 1
| #define __EXTENSIONS__ 1
| #define X86_64 1
| #define ENABLE_ARM_OABI 0
| #define HAVE_TYPEOF 1
| #define HAVE_ACCEPT4 1
| #define HAVE_FALLOCATE 1
| #define HAVE_FANOTIFY_MARK 1
| #define HAVE_FOPEN64 1
| #define HAVE_FORK 1
| #define HAVE_FPUTS_UNLOCKED 1
| #define HAVE_FSTATAT 1
| #define HAVE_FTRUNCATE 1
| #define HAVE_FUTIMENS 1
| #define HAVE_IF_INDEXTONAME 1
| #define HAVE_OPEN64 1
| #define HAVE_PRCTL 1
| #define HAVE_PREADV 1
| #define HAVE_PROCESS_VM_READV 1
| #define HAVE_PWRITEV 1
| #define HAVE_READAHEAD 1
| #define HAVE_SIGNALFD 1
| #define HAVE_STPCPY 1
| #define HAVE_STRERROR 1
| #define HAVE_STRSIGNAL 1
| #define HAVE_SYNC_FILE_RANGE 1
| #define HAVE_UTIMENSAT 1
| #define HAVE_SIG_ATOMIC_T 1
| #define HAVE_STRUCT_SIGCONTEXT 1
| #define HAVE_STRUCT_MMSGHDR 1
| #define HAVE___KERNEL_LONG_T 1
| #define HAVE___KERNEL_ULONG_T 1
| #define HAVE_STRUCT___OLD_KERNEL_STAT 1
| #define HAVE_STRUCT_USER_DESC 1
| #define HAVE_STRUCT_STAT_ST_MTIME_NSEC 1
| #define HAVE_STRUCT_FLOCK 1
| #define HAVE_STRUCT_FLOCK64 1
| #define HAVE_STRUCT_TIMEX_TAI 1
| #define HAVE_STRUCT_UTSNAME_DOMAINNAME 1
| #define HAVE_SIGINFO_T_SI_SYSCALL 1
| #define HAVE_SIGINFO_T_SI_TIMERID 1
| #define HAVE_SIGINFO_T_SI_OVERRUN 1
| #define HAVE_STRUCT_PERF_EVENT_ATTR_PRECISE_IP 1
| #define HAVE_STRUCT_PERF_EVENT_ATTR_MMAP_DATA 1
| #define HAVE_STRUCT_PERF_EVENT_ATTR_SAMPLE_ID_ALL 1
| #define HAVE_STRUCT_PERF_EVENT_ATTR_EXCLUDE_HOST 1
| #define HAVE_STRUCT_PERF_EVENT_ATTR_EXCLUDE_GUEST 1
| #define HAVE_STRUCT_PERF_EVENT_ATTR_EXCLUDE_CALLCHAIN_KERNEL 1
| #define HAVE_STRUCT_PERF_EVENT_ATTR_EXCLUDE_CALLCHAIN_USER 1
| #define HAVE_STRUCT_PERF_EVENT_ATTR_MMAP2 1
| #define HAVE_STRUCT_PERF_EVENT_ATTR_COMM_EXEC 1
| #define HAVE_STRUCT_PERF_EVENT_ATTR_USE_CLOCKID 1
| #define HAVE_STRUCT_PERF_EVENT_ATTR_CONTEXT_SWITCH 1
| #define HAVE_STRUCT_PERF_EVENT_ATTR_WRITE_BACKWARD 1
| #define HAVE_STRUCT_PERF_EVENT_ATTR_BP_TYPE 1
| #define HAVE_STRUCT_PERF_EVENT_ATTR_CONFIG1 1
| #define HAVE_STRUCT_PERF_EVENT_ATTR_CONFIG2 1
| #define HAVE_STRUCT_PERF_EVENT_ATTR_BRANCH_SAMPLE_TYPE 1
| #define HAVE_STRUCT_PERF_EVENT_ATTR_SAMPLE_REGS_USER 1
| #define HAVE_STRUCT_PERF_EVENT_ATTR_SAMPLE_STACK_USER 1
| #define HAVE_STRUCT_PERF_EVENT_ATTR_SAMPLE_REGS_INTR 1
| #define HAVE_STRUCT_PERF_EVENT_ATTR_AUX_WATERMARK 1
| #define HAVE_STRUCT_PERF_EVENT_ATTR_SAMPLE_MAX_STACK 1
| #define HAVE_ELF_H 1
| #define HAVE_INTTYPES_H 1
| #define HAVE_LINUX_BSG_H 1
| #define HAVE_LINUX_DM_IOCTL_H 1
| #define HAVE_LINUX_DQBLK_XFS_H 1
| #define HAVE_LINUX_FALLOC_H 1
| #define HAVE_LINUX_FIEMAP_H 1
| #define HAVE_LINUX_FILTER_H 1
| #define HAVE_LINUX_HIDDEV_H 1
| #define HAVE_LINUX_IP_VS_H 1
| #define HAVE_LINUX_IPC_H 1
| #define HAVE_LINUX_MMTIMER_H 1
| #define HAVE_LINUX_MSG_H 1
| #define HAVE_LINUX_PERF_EVENT_H 1
| #define HAVE_LINUX_QUOTA_H 1
| #define HAVE_LINUX_SECCOMP_H 1
| #define HAVE_LINUX_SECUREBITS_H 1
| #define HAVE_LINUX_SEM_H 1
| #define HAVE_LINUX_SHM_H 1
| #define HAVE_LINUX_USERFAULTFD_H 1
| #define HAVE_LINUX_UTSNAME_H 1
| #define HAVE_MQUEUE_H 1
| #define HAVE_NETIPX_IPX_H 1
| #define HAVE_SCSI_SG_H 1
| #define HAVE_SYS_EVENTFD_H 1
| #define HAVE_SYS_FANOTIFY_H 1
| #define HAVE_SYS_IPC_H 1
| #define HAVE_SYS_MSG_H 1
| #define HAVE_SYS_QUOTA_H 1
| #define HAVE_SYS_REG_H 1
| #define HAVE_SYS_SEM_H 1
| #define HAVE_SYS_SHM_H 1
| #define HAVE_SYS_SIGNALFD_H 1
| #define HAVE_SYS_XATTR_H 1
| #define HAVE_NETINET_TCP_H 1
| #define HAVE_NETINET_UDP_H 1
| #define HAVE_LINUX_MQUEUE_H 1
| #define HAVE_LINUX_NETFILTER_ARP_ARP_TABLES_H 1
| #define HAVE_LINUX_NETFILTER_BRIDGE_EBTABLES_H 1
| #define HAVE_LINUX_NETFILTER_IPV4_IP_TABLES_H 1
| #define HAVE_LINUX_NETFILTER_IPV6_IP6_TABLES_H 1
| #define HAVE_LINUX_INPUT_H 1
| #define HAVE_STRUCT_INPUT_ABSINFO_RESOLUTION 1
| #define HAVE_LINUX_BPF_H 1
| #define HAVE_UNION_BPF_ATTR_LOG_BUF 1
| #define HAVE_UNION_BPF_ATTR_BPF_FD 1
| #define HAVE_UNION_BPF_ATTR_ATTACH_FLAGS 1
| #define HAVE_STRUCT_STATFS 1
| #define HAVE_STRUCT_STATFS_F_FRSIZE 1
| #define HAVE_STRUCT_STATFS_F_FLAGS 1
| #define HAVE_STRUCT_STATFS_F_FSID_VAL 1
| #define HAVE_STRUCT_STATFS64 1
| #define HAVE_STRUCT_STATFS64_F_FRSIZE 1
| #define HAVE_STRUCT_STATFS64_F_FLAGS 1
| #define HAVE_STRUCT_STATFS64_F_FSID_VAL 1
| #define HAVE_STRUCT_BLK_USER_TRACE_SETUP 1
| #define HAVE_LINUX_BTRFS_H 1
| #define HAVE_STRUCT_BTRFS_IOCTL_FEATURE_FLAGS_COMPAT_FLAGS 1
| #define HAVE_STRUCT_BTRFS_IOCTL_FS_INFO_ARGS_NODESIZE 1
| #define HAVE_STRUCT_BTRFS_IOCTL_DEFRAG_RANGE_ARGS_START 1
| #define HAVE_STRUCT_BTRFS_IOCTL_SEARCH_ARGS_V2_BUF_SIZE 1
| #define HAVE_DECL_BTRFS_COMPRESS_NONE 0
| #define HAVE_DECL_BTRFS_COMPRESS_ZLIB 0
| #define HAVE_DECL_BTRFS_COMPRESS_LZO 0
| #define HAVE_DECL_SYS_ERRLIST 0
| #define HAVE_DECL_PTRACE_PEEKUSER 1
| #define HAVE_DECL_PTRACE_POKEUSER 1
| #define HAVE_DECL_P_PID 1
| #define HAVE_DECL_P_PPID 0
| #define HAVE_DECL_P_PGID 1
| #define HAVE_DECL_P_SID 0
| #define HAVE_DECL_P_CID 0
| #define HAVE_DECL_P_UID 0
| #define HAVE_DECL_P_GID 0
| #define HAVE_DECL_P_ALL 1
| #define HAVE_DECL_P_LWPID 0
| #define HAVE_DECL_LO_FLAGS_READ_ONLY 1
| #define HAVE_DECL_LO_FLAGS_USE_AOPS 0
| #define HAVE_DECL_LO_FLAGS_AUTOCLEAR 1
| #define HAVE_DECL_LO_FLAGS_PARTSCAN 1
| #define HAVE_DECL_LO_FLAGS_DIRECT_IO 1
| #define HAVE_DECL_CTL_PROC 1
| #define HAVE_DECL_CTL_ARLAN 1
| #define HAVE_DECL_CTL_S390DBF 1
| #define HAVE_DECL_CTL_SUNRPC 1
| #define HAVE_DECL_CTL_PM 1
| #define HAVE_DECL_CTL_FRV 1
| #define HAVE_DECL_KERN_PRINTK_RATELIMIT 1
| #define HAVE_DECL_KERN_PRINTK_RATELIMIT_BURST 1
| #define HAVE_DECL_KERN_PTY 1
| #define HAVE_DECL_KERN_NGROUPS_MAX 1
| #define HAVE_DECL_KERN_SPARC_SCONS_PWROFF 1
| #define HAVE_DECL_KERN_HZ_TIMER 1
| #define HAVE_DECL_KERN_UNKNOWN_NMI_PANIC 1
| #define HAVE_DECL_KERN_BOOTLOADER_TYPE 1
| #define HAVE_DECL_KERN_RANDOMIZE 1
| #define HAVE_DECL_KERN_SETUID_DUMPABLE 1
| #define HAVE_DECL_KERN_SPIN_RETRY 1
| #define HAVE_DECL_KERN_ACPI_VIDEO_FLAGS 1
| #define HAVE_DECL_KERN_IA64_UNALIGNED 1
| #define HAVE_DECL_KERN_COMPAT_LOG 1
| #define HAVE_DECL_KERN_MAX_LOCK_DEPTH 1
| #define HAVE_DECL_KERN_NMI_WATCHDOG 1
| #define HAVE_DECL_KERN_PANIC_ON_NMI 1
| #define HAVE_DECL_NET_LLC 1
| #define HAVE_DECL_NET_NETFILTER 1
| #define HAVE_DECL_NET_DCCP 1
| #define HAVE_DECL_NET_IRDA 1
| #define HAVE_DECL_NET_CORE_DESTROY_DELAY 0
| #define HAVE_DECL_NET_CORE_BUDGET 1
| #define HAVE_DECL_NET_CORE_AEVENT_ETIME 1
| #define HAVE_DECL_NET_CORE_AEVENT_RSEQTH 1
| #define HAVE_DECL_NET_CORE_WARNINGS 1
| #define HAVE_DECL_NET_IPV4_IGMP_MAX_MSF 1
| #define HAVE_DECL_NET_TCP_NO_METRICS_SAVE 1
| #define HAVE_DECL_NET_TCP_DEFAULT_WIN_SCALE 1
| #define HAVE_DECL_NET_TCP_MODERATE_RCVBUF 1
| #define HAVE_DECL_NET_TCP_TSO_WIN_DIVISOR 1
| #define HAVE_DECL_NET_TCP_BIC_BETA 1
| #define HAVE_DECL_NET_IPV4_ICMP_ERRORS_USE_INBOUND_IFADDR 1
| #define HAVE_DECL_NET_TCP_CONG_CONTROL 1
| #define HAVE_DECL_NET_TCP_ABC 1
| #define HAVE_DECL_NET_IPV4_IPFRAG_MAX_DIST 1
| #define HAVE_DECL_NET_TCP_MTU_PROBING 1
| #define HAVE_DECL_NET_TCP_BASE_MSS 1
| #define HAVE_DECL_NET_IPV4_TCP_WORKAROUND_SIGNED_WINDOWS 1
| #define HAVE_DECL_NET_TCP_DMA_COPYBREAK 1
| #define HAVE_DECL_NET_TCP_SLOW_START_AFTER_IDLE 1
| #define HAVE_DECL_NET_CIPSOV4_CACHE_ENABLE 1
| #define HAVE_DECL_NET_CIPSOV4_CACHE_BUCKET_SIZE 1
| #define HAVE_DECL_NET_CIPSOV4_RBM_OPTFMT 1
| #define HAVE_DECL_NET_CIPSOV4_RBM_STRICTVALID 1
| #define HAVE_DECL_NET_TCP_AVAIL_CONG_CONTROL 1
| #define HAVE_DECL_NET_TCP_ALLOWED_CONG_CONTROL 1
| #define HAVE_DECL_NET_TCP_MAX_SSTHRESH 1
| #define HAVE_DECL_NET_TCP_FRTO_RESPONSE 1
| #define HAVE_DECL_NET_IPV4_ROUTE_GC_MIN_INTERVAL_MS 1
| #define HAVE_DECL_NET_IPV4_CONF_FORCE_IGMP_VERSION 1
| #define HAVE_DECL_NET_IPV4_CONF_ARP_ANNOUNCE 1
| #define HAVE_DECL_NET_IPV4_CONF_ARP_IGNORE 1
| #define HAVE_DECL_NET_IPV4_CONF_PROMOTE_SECONDARIES 1
| #define HAVE_DECL_NET_IPV4_CONF_ARP_ACCEPT 1
| #define HAVE_DECL_NET_IPV4_CONF_ARP_NOTIFY 1
| #define HAVE_DECL_NET_IPV6_MLD_MAX_MSF 1
| #define HAVE_DECL_NET_IPV6_ROUTE_GC_MIN_INTERVAL_MS 1
| #define HAVE_DECL_VM_MAX_MAP_COUNT 1
| #define HAVE_DECL_VM_LAPTOP_MODE 1
| #define HAVE_DECL_VM_BLOCK_DUMP 1
| #define HAVE_DECL_VM_HUGETLB_GROUP 1
| #define HAVE_DECL_VM_VFS_CACHE_PRESSURE 1
| #define HAVE_DECL_VM_LEGACY_VA_LAYOUT 1
| #define HAVE_DECL_VM_SWAP_TOKEN_TIMEOUT 1
| #define HAVE_DECL_V4L2_FIELD_ANY 1
| #define HAVE_DECL_V4L2_FIELD_NONE 1
| #define HAVE_DECL_V4L2_FIELD_TOP 1
| #define HAVE_DECL_V4L2_FIELD_BOTTOM 1
| #define HAVE_DECL_V4L2_FIELD_INTERLACED 1
| #define HAVE_DECL_V4L2_FIELD_SEQ_TB 1
| #define HAVE_DECL_V4L2_FIELD_SEQ_BT 1
| #define HAVE_DECL_V4L2_FIELD_ALTERNATE 1
| #define HAVE_DECL_V4L2_FIELD_INTERLACED_TB 1
| #define HAVE_DECL_V4L2_FIELD_INTERLACED_BT 1
| #define HAVE_DECL_V4L2_BUF_TYPE_VIDEO_CAPTURE 1
| #define HAVE_DECL_V4L2_BUF_TYPE_VIDEO_CAPTURE_MPLANE 1
| #define HAVE_DECL_V4L2_BUF_TYPE_VIDEO_OUTPUT 1
| #define HAVE_DECL_V4L2_BUF_TYPE_VIDEO_OUTPUT_MPLANE 1
| #define HAVE_DECL_V4L2_BUF_TYPE_VIDEO_OVERLAY 1
| #define HAVE_DECL_V4L2_BUF_TYPE_VBI_CAPTURE 1
| #define HAVE_DECL_V4L2_BUF_TYPE_VBI_OUTPUT 1
| #define HAVE_DECL_V4L2_BUF_TYPE_SLICED_VBI_CAPTURE 1
| #define HAVE_DECL_V4L2_BUF_TYPE_SLICED_VBI_OUTPUT 1
| #define HAVE_DECL_V4L2_BUF_TYPE_VIDEO_OUTPUT_OVERLAY 1
| #define HAVE_DECL_V4L2_TUNER_RADIO 1
| #define HAVE_DECL_V4L2_TUNER_ANALOG_TV 1
| #define HAVE_DECL_V4L2_TUNER_DIGITAL_TV 1
| #define HAVE_DECL_V4L2_MEMORY_MMAP 1
| #define HAVE_DECL_V4L2_MEMORY_USERPTR 1
| #define HAVE_DECL_V4L2_MEMORY_OVERLAY 1
| #define HAVE_DECL_V4L2_MEMORY_DMABUF 1
| #define HAVE_DECL_V4L2_COLORSPACE_SMPTE170M 1
| #define HAVE_DECL_V4L2_COLORSPACE_SMPTE240M 1
| #define HAVE_DECL_V4L2_COLORSPACE_REC709 1
| #define HAVE_DECL_V4L2_COLORSPACE_BT878 1
| #define HAVE_DECL_V4L2_COLORSPACE_470_SYSTEM_M 1
| #define HAVE_DECL_V4L2_COLORSPACE_470_SYSTEM_BG 1
| #define HAVE_DECL_V4L2_COLORSPACE_JPEG 1
| #define HAVE_DECL_V4L2_COLORSPACE_SRGB 1
| #define HAVE_DECL_V4L2_PRIORITY_UNSET 1
| #define HAVE_DECL_V4L2_PRIORITY_BACKGROUND 1
| #define HAVE_DECL_V4L2_PRIORITY_INTERACTIVE 1
| #define HAVE_DECL_V4L2_PRIORITY_RECORD 1
| #define HAVE_DECL_V4L2_FRMSIZE_TYPE_DISCRETE 1
| #define HAVE_DECL_V4L2_FRMSIZE_TYPE_CONTINUOUS 1
| #define HAVE_DECL_V4L2_FRMSIZE_TYPE_STEPWISE 1
| #define HAVE_DECL_V4L2_FRMIVAL_TYPE_DISCRETE 1
| #define HAVE_DECL_V4L2_FRMIVAL_TYPE_CONTINUOUS 1
| #define HAVE_DECL_V4L2_FRMIVAL_TYPE_STEPWISE 1
| #define HAVE_DECL_V4L2_CTRL_TYPE_INTEGER 1
| #define HAVE_DECL_V4L2_CTRL_TYPE_BOOLEAN 1
| #define HAVE_DECL_V4L2_CTRL_TYPE_MENU 1
| #define HAVE_DECL_V4L2_CTRL_TYPE_BUTTON 1
| #define HAVE_DECL_V4L2_CTRL_TYPE_INTEGER64 1
| #define HAVE_DECL_V4L2_CTRL_TYPE_CTRL_CLASS 1
| #define HAVE_DECL_V4L2_CTRL_TYPE_STRING 1
| #define HAVE_DECL_V4L2_CTRL_TYPE_BITMASK 1
| #define HAVE_DECL_V4L2_CTRL_TYPE_INTEGER_MENU 1
| #define HAVE_BLKGETSIZE64 1
| #define SIZEOF_LONG 8
| #define SIZEOF_LONG_LONG 8
| #define SIZEOF_OFF_T 8
| #define SIZEOF_KERNEL_LONG_T 8
| #define SIZEOF_STRUCT_I64_I32 16
| #define ASM_SIGRTMIN 32
| #define ASM_SA_RESTORER 0x04000000
| #define HAVE___BUILTIN_POPCOUNT 1
| #define HAVE_DLADDR 1
| #define HAVE_M32_MPERS 1
| #define HAVE_M32_STRUCT_STAT 1
| #define HAVE_M32_STRUCT_STAT_ST_MTIME_NSEC 1
| #define HAVE_M32_STRUCT_STAT64 1
| #define HAVE_M32_STRUCT_STAT64_ST_MTIME_NSEC 1
| #define HAVE_MX32_MPERS 1
| #define HAVE_MX32_STRUCT_STAT 1
| #define HAVE_MX32_STRUCT_STAT_ST_MTIME_NSEC 1
| /* end confdefs.h.  */
| #include <sys/types.h>
| #include <asm/stat.h>
| 
| int
| main (void)
| {
| if (sizeof (struct stat64))
| 	 return 0;
|   ;
|   return 0;
| }
configure:15095: result: no
configure:15146: checking for struct stat64.st_mtime_nsec
configure:15146: gcc -c -std=gnu17 -O2 -g -mx32 -I.  conftest.c >&5
conftest.c: In function 'main':
conftest.c:331:22: error: storage size of 'ac_aggr' isn't known
  331 | static struct stat64 ac_aggr;
      |                      ^~~~~~~
configure:15146: $? = 1
configure: failed program was:
| /* confdefs.h */
| #define PACKAGE_NAME "strace"
| #define PACKAGE_TARNAME "strace"
| #define PACKAGE_VERSION "UNKNOWN"
| #define PACKAGE_STRING "strace UNKNOWN"
| #define PACKAGE_BUGREPORT "strace-devel@lists.sourceforge.net"
| #define PACKAGE_URL "https://strace.io"
| #define PACKAGE "strace"
| #define VERSION "UNKNOWN"
| #define HAVE_STDIO_H 1
| #define HAVE_STDLIB_H 1
| #define HAVE_STRING_H 1
| #define HAVE_INTTYPES_H 1
| #define HAVE_STDINT_H 1
| #define HAVE_STRINGS_H 1
| #define HAVE_SYS_STAT_H 1
| #define HAVE_SYS_TYPES_H 1
| #define HAVE_UNISTD_H 1
| #define HAVE_WCHAR_H 1
| #define STDC_HEADERS 1
| #define _ALL_SOURCE 1
| #define _COSMO_SOURCE 1
| #define _DARWIN_C_SOURCE 1
| #define _GNU_SOURCE 1
| #define _HPUX_ALT_XOPEN_SOCKET_API 1
| #define _NETBSD_SOURCE 1
| #define _OPENBSD_SOURCE 1
| #define _POSIX_PTHREAD_SEMANTICS 1
| #define __STDC_WANT_IEC_60559_ATTRIBS_EXT__ 1
| #define __STDC_WANT_IEC_60559_BFP_EXT__ 1
| #define __STDC_WANT_IEC_60559_DFP_EXT__ 1
| #define __STDC_WANT_IEC_60559_EXT__ 1
| #define __STDC_WANT_IEC_60559_FUNCS_EXT__ 1
| #define __STDC_WANT_IEC_60559_TYPES_EXT__ 1
| #define __STDC_WANT_LIB_EXT2__ 1
| #define __STDC_WANT_MATH_SPEC_FUNCS__ 1
| #define _TANDEM_SOURCE 1
| #define __EXTENSIONS__ 1
| #define X86_64 1
| #define ENABLE_ARM_OABI 0
| #define HAVE_TYPEOF 1
| #define HAVE_ACCEPT4 1
| #define HAVE_FALLOCATE 1
| #define HAVE_FANOTIFY_MARK 1
| #define HAVE_FOPEN64 1
| #define HAVE_FORK 1
| #define HAVE_FPUTS_UNLOCKED 1
| #define HAVE_FSTATAT 1
| #define HAVE_FTRUNCATE 1
| #define HAVE_FUTIMENS 1
| #define HAVE_IF_INDEXTONAME 1
| #define HAVE_OPEN64 1
| #define HAVE_PRCTL 1
| #define HAVE_PREADV 1
| #define HAVE_PROCESS_VM_READV 1
| #define HAVE_PWRITEV 1
| #define HAVE_READAHEAD 1
| #define HAVE_SIGNALFD 1
| #define HAVE_STPCPY 1
| #define HAVE_STRERROR 1
| #define HAVE_STRSIGNAL 1
| #define HAVE_SYNC_FILE_RANGE 1
| #define HAVE_UTIMENSAT 1
| #define HAVE_SIG_ATOMIC_T 1
| #define HAVE_STRUCT_SIGCONTEXT 1
| #define HAVE_STRUCT_MMSGHDR 1
| #define HAVE___KERNEL_LONG_T 1
| #define HAVE___KERNEL_ULONG_T 1
| #define HAVE_STRUCT___OLD_KERNEL_STAT 1
| #define HAVE_STRUCT_USER_DESC 1
| #define HAVE_STRUCT_STAT_ST_MTIME_NSEC 1
| #define HAVE_STRUCT_FLOCK 1
| #define HAVE_STRUCT_FLOCK64 1
| #define HAVE_STRUCT_TIMEX_TAI 1
| #define HAVE_STRUCT_UTSNAME_DOMAINNAME 1
| #define HAVE_SIGINFO_T_SI_SYSCALL 1
| #define HAVE_SIGINFO_T_SI_TIMERID 1
| #define HAVE_SIGINFO_T_SI_OVERRUN 1
| #define HAVE_STRUCT_PERF_EVENT_ATTR_PRECISE_IP 1
| #define HAVE_STRUCT_PERF_EVENT_ATTR_MMAP_DATA 1
| #define HAVE_STRUCT_PERF_EVENT_ATTR_SAMPLE_ID_ALL 1
| #define HAVE_STRUCT_PERF_EVENT_ATTR_EXCLUDE_HOST 1
| #define HAVE_STRUCT_PERF_EVENT_ATTR_EXCLUDE_GUEST 1
| #define HAVE_STRUCT_PERF_EVENT_ATTR_EXCLUDE_CALLCHAIN_KERNEL 1
| #define HAVE_STRUCT_PERF_EVENT_ATTR_EXCLUDE_CALLCHAIN_USER 1
| #define HAVE_STRUCT_PERF_EVENT_ATTR_MMAP2 1
| #define HAVE_STRUCT_PERF_EVENT_ATTR_COMM_EXEC 1
| #define HAVE_STRUCT_PERF_EVENT_ATTR_USE_CLOCKID 1
| #define HAVE_STRUCT_PERF_EVENT_ATTR_CONTEXT_SWITCH 1
| #define HAVE_STRUCT_PERF_EVENT_ATTR_WRITE_BACKWARD 1
| #define HAVE_STRUCT_PERF_EVENT_ATTR_BP_TYPE 1
| #define HAVE_STRUCT_PERF_EVENT_ATTR_CONFIG1 1
| #define HAVE_STRUCT_PERF_EVENT_ATTR_CONFIG2 1
| #define HAVE_STRUCT_PERF_EVENT_ATTR_BRANCH_SAMPLE_TYPE 1
| #define HAVE_STRUCT_PERF_EVENT_ATTR_SAMPLE_REGS_USER 1
| #define HAVE_STRUCT_PERF_EVENT_ATTR_SAMPLE_STACK_USER 1
| #define HAVE_STRUCT_PERF_EVENT_ATTR_SAMPLE_REGS_INTR 1
| #define HAVE_STRUCT_PERF_EVENT_ATTR_AUX_WATERMARK 1
| #define HAVE_STRUCT_PERF_EVENT_ATTR_SAMPLE_MAX_STACK 1
| #define HAVE_ELF_H 1
| #define HAVE_INTTYPES_H 1
| #define HAVE_LINUX_BSG_H 1
| #define HAVE_LINUX_DM_IOCTL_H 1
| #define HAVE_LINUX_DQBLK_XFS_H 1
| #define HAVE_LINUX_FALLOC_H 1
| #define HAVE_LINUX_FIEMAP_H 1
| #define HAVE_LINUX_FILTER_H 1
| #define HAVE_LINUX_HIDDEV_H 1
| #define HAVE_LINUX_IP_VS_H 1
| #define HAVE_LINUX_IPC_H 1
| #define HAVE_LINUX_MMTIMER_H 1
| #define HAVE_LINUX_MSG_H 1
| #define HAVE_LINUX_PERF_EVENT_H 1
| #define HAVE_LINUX_QUOTA_H 1
| #define HAVE_LINUX_SECCOMP_H 1
| #define HAVE_LINUX_SECUREBITS_H 1
| #define HAVE_LINUX_SEM_H 1
| #define HAVE_LINUX_SHM_H 1
| #define HAVE_LINUX_USERFAULTFD_H 1
| #define HAVE_LINUX_UTSNAME_H 1
| #define HAVE_MQUEUE_H 1
| #define HAVE_NETIPX_IPX_H 1
| #define HAVE_SCSI_SG_H 1
| #define HAVE_SYS_EVENTFD_H 1
| #define HAVE_SYS_FANOTIFY_H 1
| #define HAVE_SYS_IPC_H 1
| #define HAVE_SYS_MSG_H 1
| #define HAVE_SYS_QUOTA_H 1
| #define HAVE_SYS_REG_H 1
| #define HAVE_SYS_SEM_H 1
| #define HAVE_SYS_SHM_H 1
| #define HAVE_SYS_SIGNALFD_H 1
| #define HAVE_SYS_XATTR_H 1
| #define HAVE_NETINET_TCP_H 1
| #define HAVE_NETINET_UDP_H 1
| #define HAVE_LINUX_MQUEUE_H 1
| #define HAVE_LINUX_NETFILTER_ARP_ARP_TABLES_H 1
| #define HAVE_LINUX_NETFILTER_BRIDGE_EBTABLES_H 1
| #define HAVE_LINUX_NETFILTER_IPV4_IP_TABLES_H 1
| #define HAVE_LINUX_NETFILTER_IPV6_IP6_TABLES_H 1
| #define HAVE_LINUX_INPUT_H 1
| #define HAVE_STRUCT_INPUT_ABSINFO_RESOLUTION 1
| #define HAVE_LINUX_BPF_H 1
| #define HAVE_UNION_BPF_ATTR_LOG_BUF 1
| #define HAVE_UNION_BPF_ATTR_BPF_FD 1
| #define HAVE_UNION_BPF_ATTR_ATTACH_FLAGS 1
| #define HAVE_STRUCT_STATFS 1
| #define HAVE_STRUCT_STATFS_F_FRSIZE 1
| #define HAVE_STRUCT_STATFS_F_FLAGS 1
| #define HAVE_STRUCT_STATFS_F_FSID_VAL 1
| #define HAVE_STRUCT_STATFS64 1
| #define HAVE_STRUCT_STATFS64_F_FRSIZE 1
| #define HAVE_STRUCT_STATFS64_F_FLAGS 1
| #define HAVE_STRUCT_STATFS64_F_FSID_VAL 1
| #define HAVE_STRUCT_BLK_USER_TRACE_SETUP 1
| #define HAVE_LINUX_BTRFS_H 1
| #define HAVE_STRUCT_BTRFS_IOCTL_FEATURE_FLAGS_COMPAT_FLAGS 1
| #define HAVE_STRUCT_BTRFS_IOCTL_FS_INFO_ARGS_NODESIZE 1
| #define HAVE_STRUCT_BTRFS_IOCTL_DEFRAG_RANGE_ARGS_START 1
| #define HAVE_STRUCT_BTRFS_IOCTL_SEARCH_ARGS_V2_BUF_SIZE 1
| #define HAVE_DECL_BTRFS_COMPRESS_NONE 0
| #define HAVE_DECL_BTRFS_COMPRESS_ZLIB 0
| #define HAVE_DECL_BTRFS_COMPRESS_LZO 0
| #define HAVE_DECL_SYS_ERRLIST 0
| #define HAVE_DECL_PTRACE_PEEKUSER 1
| #define HAVE_DECL_PTRACE_POKEUSER 1
| #define HAVE_DECL_P_PID 1
| #define HAVE_DECL_P_PPID 0
| #define HAVE_DECL_P_PGID 1
| #define HAVE_DECL_P_SID 0
| #define HAVE_DECL_P_CID 0
| #define HAVE_DECL_P_UID 0
| #define HAVE_DECL_P_GID 0
| #define HAVE_DECL_P_ALL 1
| #define HAVE_DECL_P_LWPID 0
| #define HAVE_DECL_LO_FLAGS_READ_ONLY 1
| #define HAVE_DECL_LO_FLAGS_USE_AOPS 0
| #define HAVE_DECL_LO_FLAGS_AUTOCLEAR 1
| #define HAVE_DECL_LO_FLAGS_PARTSCAN 1
| #define HAVE_DECL_LO_FLAGS_DIRECT_IO 1
| #define HAVE_DECL_CTL_PROC 1
| #define HAVE_DECL_CTL_ARLAN 1
| #define HAVE_DECL_CTL_S390DBF 1
| #define HAVE_DECL_CTL_SUNRPC 1
| #define HAVE_DECL_CTL_PM 1
| #define HAVE_DECL_CTL_FRV 1
| #define HAVE_DECL_KERN_PRINTK_RATELIMIT 1
| #define HAVE_DECL_KERN_PRINTK_RATELIMIT_BURST 1
| #define HAVE_DECL_KERN_PTY 1
| #define HAVE_DECL_KERN_NGROUPS_MAX 1
| #define HAVE_DECL_KERN_SPARC_SCONS_PWROFF 1
| #define HAVE_DECL_KERN_HZ_TIMER 1
| #define HAVE_DECL_KERN_UNKNOWN_NMI_PANIC 1
| #define HAVE_DECL_KERN_BOOTLOADER_TYPE 1
| #define HAVE_DECL_KERN_RANDOMIZE 1
| #define HAVE_DECL_KERN_SETUID_DUMPABLE 1
| #define HAVE_DECL_KERN_SPIN_RETRY 1
| #define HAVE_DECL_KERN_ACPI_VIDEO_FLAGS 1
| #define HAVE_DECL_KERN_IA64_UNALIGNED 1
| #define HAVE_DECL_KERN_COMPAT_LOG 1
| #define HAVE_DECL_KERN_MAX_LOCK_DEPTH 1
| #define HAVE_DECL_KERN_NMI_WATCHDOG 1
| #define HAVE_DECL_KERN_PANIC_ON_NMI 1
| #define HAVE_DECL_NET_LLC 1
| #define HAVE_DECL_NET_NETFILTER 1
| #define HAVE_DECL_NET_DCCP 1
| #define HAVE_DECL_NET_IRDA 1
| #define HAVE_DECL_NET_CORE_DESTROY_DELAY 0
| #define HAVE_DECL_NET_CORE_BUDGET 1
| #define HAVE_DECL_NET_CORE_AEVENT_ETIME 1
| #define HAVE_DECL_NET_CORE_AEVENT_RSEQTH 1
| #define HAVE_DECL_NET_CORE_WARNINGS 1
| #define HAVE_DECL_NET_IPV4_IGMP_MAX_MSF 1
| #define HAVE_DECL_NET_TCP_NO_METRICS_SAVE 1
| #define HAVE_DECL_NET_TCP_DEFAULT_WIN_SCALE 1
| #define HAVE_DECL_NET_TCP_MODERATE_RCVBUF 1
| #define HAVE_DECL_NET_TCP_TSO_WIN_DIVISOR 1
| #define HAVE_DECL_NET_TCP_BIC_BETA 1
| #define HAVE_DECL_NET_IPV4_ICMP_ERRORS_USE_INBOUND_IFADDR 1
| #define HAVE_DECL_NET_TCP_CONG_CONTROL 1
| #define HAVE_DECL_NET_TCP_ABC 1
| #define HAVE_DECL_NET_IPV4_IPFRAG_MAX_DIST 1
| #define HAVE_DECL_NET_TCP_MTU_PROBING 1
| #define HAVE_DECL_NET_TCP_BASE_MSS 1
| #define HAVE_DECL_NET_IPV4_TCP_WORKAROUND_SIGNED_WINDOWS 1
| #define HAVE_DECL_NET_TCP_DMA_COPYBREAK 1
| #define HAVE_DECL_NET_TCP_SLOW_START_AFTER_IDLE 1
| #define HAVE_DECL_NET_CIPSOV4_CACHE_ENABLE 1
| #define HAVE_DECL_NET_CIPSOV4_CACHE_BUCKET_SIZE 1
| #define HAVE_DECL_NET_CIPSOV4_RBM_OPTFMT 1
| #define HAVE_DECL_NET_CIPSOV4_RBM_STRICTVALID 1
| #define HAVE_DECL_NET_TCP_AVAIL_CONG_CONTROL 1
| #define HAVE_DECL_NET_TCP_ALLOWED_CONG_CONTROL 1
| #define HAVE_DECL_NET_TCP_MAX_SSTHRESH 1
| #define HAVE_DECL_NET_TCP_FRTO_RESPONSE 1
| #define HAVE_DECL_NET_IPV4_ROUTE_GC_MIN_INTERVAL_MS 1
| #define HAVE_DECL_NET_IPV4_CONF_FORCE_IGMP_VERSION 1
| #define HAVE_DECL_NET_IPV4_CONF_ARP_ANNOUNCE 1
| #define HAVE_DECL_NET_IPV4_CONF_ARP_IGNORE 1
| #define HAVE_DECL_NET_IPV4_CONF_PROMOTE_SECONDARIES 1
| #define HAVE_DECL_NET_IPV4_CONF_ARP_ACCEPT 1
| #define HAVE_DECL_NET_IPV4_CONF_ARP_NOTIFY 1
| #define HAVE_DECL_NET_IPV6_MLD_MAX_MSF 1
| #define HAVE_DECL_NET_IPV6_ROUTE_GC_MIN_INTERVAL_MS 1
| #define HAVE_DECL_VM_MAX_MAP_COUNT 1
| #define HAVE_DECL_VM_LAPTOP_MODE 1
| #define HAVE_DECL_VM_BLOCK_DUMP 1
| #define HAVE_DECL_VM_HUGETLB_GROUP 1
| #define HAVE_DECL_VM_VFS_CACHE_PRESSURE 1
| #define HAVE_DECL_VM_LEGACY_VA_LAYOUT 1
| #define HAVE_DECL_VM_SWAP_TOKEN_TIMEOUT 1
| #define HAVE_DECL_V4L2_FIELD_ANY 1
| #define HAVE_DECL_V4L2_FIELD_NONE 1
| #define HAVE_DECL_V4L2_FIELD_TOP 1
| #define HAVE_DECL_V4L2_FIELD_BOTTOM 1
| #define HAVE_DECL_V4L2_FIELD_INTERLACED 1
| #define HAVE_DECL_V4L2_FIELD_SEQ_TB 1
| #define HAVE_DECL_V4L2_FIELD_SEQ_BT 1
| #define HAVE_DECL_V4L2_FIELD_ALTERNATE 1
| #define HAVE_DECL_V4L2_FIELD_INTERLACED_TB 1
| #define HAVE_DECL_V4L2_FIELD_INTERLACED_BT 1
| #define HAVE_DECL_V4L2_BUF_TYPE_VIDEO_CAPTURE 1
| #define HAVE_DECL_V4L2_BUF_TYPE_VIDEO_CAPTURE_MPLANE 1
| #define HAVE_DECL_V4L2_BUF_TYPE_VIDEO_OUTPUT 1
| #define HAVE_DECL_V4L2_BUF_TYPE_VIDEO_OUTPUT_MPLANE 1
| #define HAVE_DECL_V4L2_BUF_TYPE_VIDEO_OVERLAY 1
| #define HAVE_DECL_V4L2_BUF_TYPE_VBI_CAPTURE 1
| #define HAVE_DECL_V4L2_BUF_TYPE_VBI_OUTPUT 1
| #define HAVE_DECL_V4L2_BUF_TYPE_SLICED_VBI_CAPTURE 1
| #define HAVE_DECL_V4L2_BUF_TYPE_SLICED_VBI_OUTPUT 1
| #define HAVE_DECL_V4L2_BUF_TYPE_VIDEO_OUTPUT_OVERLAY 1
| #define HAVE_DECL_V4L2_TUNER_RADIO 1
| #define HAVE_DECL_V4L2_TUNER_ANALOG_TV 1
| #define HAVE_DECL_V4L2_TUNER_DIGITAL_TV 1
| #define HAVE_DECL_V4L2_MEMORY_MMAP 1
| #define HAVE_DECL_V4L2_MEMORY_USERPTR 1
| #define HAVE_DECL_V4L2_MEMORY_OVERLAY 1
| #define HAVE_DECL_V4L2_MEMORY_DMABUF 1
| #define HAVE_DECL_V4L2_COLORSPACE_SMPTE170M 1
| #define HAVE_DECL_V4L2_COLORSPACE_SMPTE240M 1
| #define HAVE_DECL_V4L2_COLORSPACE_REC709 1
| #define HAVE_DECL_V4L2_COLORSPACE_BT878 1
| #define HAVE_DECL_V4L2_COLORSPACE_470_SYSTEM_M 1
| #define HAVE_DECL_V4L2_COLORSPACE_470_SYSTEM_BG 1
| #define HAVE_DECL_V4L2_COLORSPACE_JPEG 1
| #define HAVE_DECL_V4L2_COLORSPACE_SRGB 1
| #define HAVE_DECL_V4L2_PRIORITY_UNSET 1
| #define HAVE_DECL_V4L2_PRIORITY_BACKGROUND 1
| #define HAVE_DECL_V4L2_PRIORITY_INTERACTIVE 1
| #define HAVE_DECL_V4L2_PRIORITY_RECORD 1
| #define HAVE_DECL_V4L2_FRMSIZE_TYPE_DISCRETE 1
| #define HAVE_DECL_V4L2_FRMSIZE_TYPE_CONTINUOUS 1
| #define HAVE_DECL_V4L2_FRMSIZE_TYPE_STEPWISE 1
| #define HAVE_DECL_V4L2_FRMIVAL_TYPE_DISCRETE 1
| #define HAVE_DECL_V4L2_FRMIVAL_TYPE_CONTINUOUS 1
| #define HAVE_DECL_V4L2_FRMIVAL_TYPE_STEPWISE 1
| #define HAVE_DECL_V4L2_CTRL_TYPE_INTEGER 1
| #define HAVE_DECL_V4L2_CTRL_TYPE_BOOLEAN 1
| #define HAVE_DECL_V4L2_CTRL_TYPE_MENU 1
| #define HAVE_DECL_V4L2_CTRL_TYPE_BUTTON 1
| #define HAVE_DECL_V4L2_CTRL_TYPE_INTEGER64 1
| #define HAVE_DECL_V4L2_CTRL_TYPE_CTRL_CLASS 1
| #define HAVE_DECL_V4L2_CTRL_TYPE_STRING 1
| #define HAVE_DECL_V4L2_CTRL_TYPE_BITMASK 1
| #define HAVE_DECL_V4L2_CTRL_TYPE_INTEGER_MENU 1
| #define HAVE_BLKGETSIZE64 1
| #define SIZEOF_LONG 8
| #define SIZEOF_LONG_LONG 8
| #define SIZEOF_OFF_T 8
| #define SIZEOF_KERNEL_LONG_T 8
| #define SIZEOF_STRUCT_I64_I32 16
| #define ASM_SIGRTMIN 32
| #define ASM_SA_RESTORER 0x04000000
| #define HAVE___BUILTIN_POPCOUNT 1
| #define HAVE_DLADDR 1
| #define HAVE_M32_MPERS 1
| #define HAVE_M32_STRUCT_STAT 1
| #define HAVE_M32_STRUCT_STAT_ST_MTIME_NSEC 1
| #define HAVE_M32_STRUCT_STAT64 1
| #define HAVE_M32_STRUCT_STAT64_ST_MTIME_NSEC 1
| #define HAVE_MX32_MPERS 1
| #define HAVE_MX32_STRUCT_STAT 1
| #define HAVE_MX32_STRUCT_STAT_ST_MTIME_NSEC 1
| /* end confdefs.h.  */
| #include <sys/types.h>
| #include <asm/stat.h>
| 
| int
| main (void)
| {
| static struct stat64 ac_aggr;
| if (ac_aggr.st_mtime_nsec)
| return 0;
|   ;
|   return 0;
| }
configure:15146: gcc -c -std=gnu17 -O2 -g -mx32 -I.  conftest.c >&5
conftest.c: In function 'main':
conftest.c:331:22: error: storage size of 'ac_aggr' isn't known
  331 | static struct stat64 ac_aggr;
      |                      ^~~~~~~
configure:15146: $? = 1
configure: failed program was:
| /* confdefs.h */
| #define PACKAGE_NAME "strace"
| #define PACKAGE_TARNAME "strace"
| #define PACKAGE_VERSION "UNKNOWN"
| #define PACKAGE_STRING "strace UNKNOWN"
| #define PACKAGE_BUGREPORT "strace-devel@lists.sourceforge.net"
| #define PACKAGE_URL "https://strace.io"
| #define PACKAGE "strace"
| #define VERSION "UNKNOWN"
| #define HAVE_STDIO_H 1
| #define HAVE_STDLIB_H 1
| #define HAVE_STRING_H 1
| #define HAVE_INTTYPES_H 1
| #define HAVE_STDINT_H 1
| #define HAVE_STRINGS_H 1
| #define HAVE_SYS_STAT_H 1
| #define HAVE_SYS_TYPES_H 1
| #define HAVE_UNISTD_H 1
| #define HAVE_WCHAR_H 1
| #define STDC_HEADERS 1
| #define _ALL_SOURCE 1
| #define _COSMO_SOURCE 1
| #define _DARWIN_C_SOURCE 1
| #define _GNU_SOURCE 1
| #define _HPUX_ALT_XOPEN_SOCKET_API 1
| #define _NETBSD_SOURCE 1
| #define _OPENBSD_SOURCE 1
| #define _POSIX_PTHREAD_SEMANTICS 1
| #define __STDC_WANT_IEC_60559_ATTRIBS_EXT__ 1
| #define __STDC_WANT_IEC_60559_BFP_EXT__ 1
| #define __STDC_WANT_IEC_60559_DFP_EXT__ 1
| #define __STDC_WANT_IEC_60559_EXT__ 1
| #define __STDC_WANT_IEC_60559_FUNCS_EXT__ 1
| #define __STDC_WANT_IEC_60559_TYPES_EXT__ 1
| #define __STDC_WANT_LIB_EXT2__ 1
| #define __STDC_WANT_MATH_SPEC_FUNCS__ 1
| #define _TANDEM_SOURCE 1
| #define __EXTENSIONS__ 1
| #define X86_64 1
| #define ENABLE_ARM_OABI 0
| #define HAVE_TYPEOF 1
| #define HAVE_ACCEPT4 1
| #define HAVE_FALLOCATE 1
| #define HAVE_FANOTIFY_MARK 1
| #define HAVE_FOPEN64 1
| #define HAVE_FORK 1
| #define HAVE_FPUTS_UNLOCKED 1
| #define HAVE_FSTATAT 1
| #define HAVE_FTRUNCATE 1
| #define HAVE_FUTIMENS 1
| #define HAVE_IF_INDEXTONAME 1
| #define HAVE_OPEN64 1
| #define HAVE_PRCTL 1
| #define HAVE_PREADV 1
| #define HAVE_PROCESS_VM_READV 1
| #define HAVE_PWRITEV 1
| #define HAVE_READAHEAD 1
| #define HAVE_SIGNALFD 1
| #define HAVE_STPCPY 1
| #define HAVE_STRERROR 1
| #define HAVE_STRSIGNAL 1
| #define HAVE_SYNC_FILE_RANGE 1
| #define HAVE_UTIMENSAT 1
| #define HAVE_SIG_ATOMIC_T 1
| #define HAVE_STRUCT_SIGCONTEXT 1
| #define HAVE_STRUCT_MMSGHDR 1
| #define HAVE___KERNEL_LONG_T 1
| #define HAVE___KERNEL_ULONG_T 1
| #define HAVE_STRUCT___OLD_KERNEL_STAT 1
| #define HAVE_STRUCT_USER_DESC 1
| #define HAVE_STRUCT_STAT_ST_MTIME_NSEC 1
| #define HAVE_STRUCT_FLOCK 1
| #define HAVE_STRUCT_FLOCK64 1
| #define HAVE_STRUCT_TIMEX_TAI 1
| #define HAVE_STRUCT_UTSNAME_DOMAINNAME 1
| #define HAVE_SIGINFO_T_SI_SYSCALL 1
| #define HAVE_SIGINFO_T_SI_TIMERID 1
| #define HAVE_SIGINFO_T_SI_OVERRUN 1
| #define HAVE_STRUCT_PERF_EVENT_ATTR_PRECISE_IP 1
| #define HAVE_STRUCT_PERF_EVENT_ATTR_MMAP_DATA 1
| #define HAVE_STRUCT_PERF_EVENT_ATTR_SAMPLE_ID_ALL 1
| #define HAVE_STRUCT_PERF_EVENT_ATTR_EXCLUDE_HOST 1
| #define HAVE_STRUCT_PERF_EVENT_ATTR_EXCLUDE_GUEST 1
| #define HAVE_STRUCT_PERF_EVENT_ATTR_EXCLUDE_CALLCHAIN_KERNEL 1
| #define HAVE_STRUCT_PERF_EVENT_ATTR_EXCLUDE_CALLCHAIN_USER 1
| #define HAVE_STRUCT_PERF_EVENT_ATTR_MMAP2 1
| #define HAVE_STRUCT_PERF_EVENT_ATTR_COMM_EXEC 1
| #define HAVE_STRUCT_PERF_EVENT_ATTR_USE_CLOCKID 1
| #define HAVE_STRUCT_PERF_EVENT_ATTR_CONTEXT_SWITCH 1
| #define HAVE_STRUCT_PERF_EVENT_ATTR_WRITE_BACKWARD 1
| #define HAVE_STRUCT_PERF_EVENT_ATTR_BP_TYPE 1
| #define HAVE_STRUCT_PERF_EVENT_ATTR_CONFIG1 1
| #define HAVE_STRUCT_PERF_EVENT_ATTR_CONFIG2 1
| #define HAVE_STRUCT_PERF_EVENT_ATTR_BRANCH_SAMPLE_TYPE 1
| #define HAVE_STRUCT_PERF_EVENT_ATTR_SAMPLE_REGS_USER 1
| #define HAVE_STRUCT_PERF_EVENT_ATTR_SAMPLE_STACK_USER 1
| #define HAVE_STRUCT_PERF_EVENT_ATTR_SAMPLE_REGS_INTR 1
| #define HAVE_STRUCT_PERF_EVENT_ATTR_AUX_WATERMARK 1
| #define HAVE_STRUCT_PERF_EVENT_ATTR_SAMPLE_MAX_STACK 1
| #define HAVE_ELF_H 1
| #define HAVE_INTTYPES_H 1
| #define HAVE_LINUX_BSG_H 1
| #define HAVE_LINUX_DM_IOCTL_H 1
| #define HAVE_LINUX_DQBLK_XFS_H 1
| #define HAVE_LINUX_FALLOC_H 1
| #define HAVE_LINUX_FIEMAP_H 1
| #define HAVE_LINUX_FILTER_H 1
| #define HAVE_LINUX_HIDDEV_H 1
| #define HAVE_LINUX_IP_VS_H 1
| #define HAVE_LINUX_IPC_H 1
| #define HAVE_LINUX_MMTIMER_H 1
| #define HAVE_LINUX_MSG_H 1
| #define HAVE_LINUX_PERF_EVENT_H 1
| #define HAVE_LINUX_QUOTA_H 1
| #define HAVE_LINUX_SECCOMP_H 1
| #define HAVE_LINUX_SECUREBITS_H 1
| #define HAVE_LINUX_SEM_H 1
| #define HAVE_LINUX_SHM_H 1
| #define HAVE_LINUX_USERFAULTFD_H 1
| #define HAVE_LINUX_UTSNAME_H 1
| #define HAVE_MQUEUE_H 1
| #define HAVE_NETIPX_IPX_H 1
| #define HAVE_SCSI_SG_H 1
| #define HAVE_SYS_EVENTFD_H 1
| #define HAVE_SYS_FANOTIFY_H 1
| #define HAVE_SYS_IPC_H 1
| #define HAVE_SYS_MSG_H 1
| #define HAVE_SYS_QUOTA_H 1
| #define HAVE_SYS_REG_H 1
| #define HAVE_SYS_SEM_H 1
| #define HAVE_SYS_SHM_H 1
| #define HAVE_SYS_SIGNALFD_H 1
| #define HAVE_SYS_XATTR_H 1
| #define HAVE_NETINET_TCP_H 1
| #define HAVE_NETINET_UDP_H 1
| #define HAVE_LINUX_MQUEUE_H 1
| #define HAVE_LINUX_NETFILTER_ARP_ARP_TABLES_H 1
| #define HAVE_LINUX_NETFILTER_BRIDGE_EBTABLES_H 1
| #define HAVE_LINUX_NETFILTER_IPV4_IP_TABLES_H 1
| #define HAVE_LINUX_NETFILTER_IPV6_IP6_TABLES_H 1
| #define HAVE_LINUX_INPUT_H 1
| #define HAVE_STRUCT_INPUT_ABSINFO_RESOLUTION 1
| #define HAVE_LINUX_BPF_H 1
| #define HAVE_UNION_BPF_ATTR_LOG_BUF 1
| #define HAVE_UNION_BPF_ATTR_BPF_FD 1
| #define HAVE_UNION_BPF_ATTR_ATTACH_FLAGS 1
| #define HAVE_STRUCT_STATFS 1
| #define HAVE_STRUCT_STATFS_F_FRSIZE 1
| #define HAVE_STRUCT_STATFS_F_FLAGS 1
| #define HAVE_STRUCT_STATFS_F_FSID_VAL 1
| #define HAVE_STRUCT_STATFS64 1
| #define HAVE_STRUCT_STATFS64_F_FRSIZE 1
| #define HAVE_STRUCT_STATFS64_F_FLAGS 1
| #define HAVE_STRUCT_STATFS64_F_FSID_VAL 1
| #define HAVE_STRUCT_BLK_USER_TRACE_SETUP 1
| #define HAVE_LINUX_BTRFS_H 1
| #define HAVE_STRUCT_BTRFS_IOCTL_FEATURE_FLAGS_COMPAT_FLAGS 1
| #define HAVE_STRUCT_BTRFS_IOCTL_FS_INFO_ARGS_NODESIZE 1
| #define HAVE_STRUCT_BTRFS_IOCTL_DEFRAG_RANGE_ARGS_START 1
| #define HAVE_STRUCT_BTRFS_IOCTL_SEARCH_ARGS_V2_BUF_SIZE 1
| #define HAVE_DECL_BTRFS_COMPRESS_NONE 0
| #define HAVE_DECL_BTRFS_COMPRESS_ZLIB 0
| #define HAVE_DECL_BTRFS_COMPRESS_LZO 0
| #define HAVE_DECL_SYS_ERRLIST 0
| #define HAVE_DECL_PTRACE_PEEKUSER 1
| #define HAVE_DECL_PTRACE_POKEUSER 1
| #define HAVE_DECL_P_PID 1
| #define HAVE_DECL_P_PPID 0
| #define HAVE_DECL_P_PGID 1
| #define HAVE_DECL_P_SID 0
| #define HAVE_DECL_P_CID 0
| #define HAVE_DECL_P_UID 0
| #define HAVE_DECL_P_GID 0
| #define HAVE_DECL_P_ALL 1
| #define HAVE_DECL_P_LWPID 0
| #define HAVE_DECL_LO_FLAGS_READ_ONLY 1
| #define HAVE_DECL_LO_FLAGS_USE_AOPS 0
| #define HAVE_DECL_LO_FLAGS_AUTOCLEAR 1
| #define HAVE_DECL_LO_FLAGS_PARTSCAN 1
| #define HAVE_DECL_LO_FLAGS_DIRECT_IO 1
| #define HAVE_DECL_CTL_PROC 1
| #define HAVE_DECL_CTL_ARLAN 1
| #define HAVE_DECL_CTL_S390DBF 1
| #define HAVE_DECL_CTL_SUNRPC 1
| #define HAVE_DECL_CTL_PM 1
| #define HAVE_DECL_CTL_FRV 1
| #define HAVE_DECL_KERN_PRINTK_RATELIMIT 1
| #define HAVE_DECL_KERN_PRINTK_RATELIMIT_BURST 1
| #define HAVE_DECL_KERN_PTY 1
| #define HAVE_DECL_KERN_NGROUPS_MAX 1
| #define HAVE_DECL_KERN_SPARC_SCONS_PWROFF 1
| #define HAVE_DECL_KERN_HZ_TIMER 1
| #define HAVE_DECL_KERN_UNKNOWN_NMI_PANIC 1
| #define HAVE_DECL_KERN_BOOTLOADER_TYPE 1
| #define HAVE_DECL_KERN_RANDOMIZE 1
| #define HAVE_DECL_KERN_SETUID_DUMPABLE 1
| #define HAVE_DECL_KERN_SPIN_RETRY 1
| #define HAVE_DECL_KERN_ACPI_VIDEO_FLAGS 1
| #define HAVE_DECL_KERN_IA64_UNALIGNED 1
| #define HAVE_DECL_KERN_COMPAT_LOG 1
| #define HAVE_DECL_KERN_MAX_LOCK_DEPTH 1
| #define HAVE_DECL_KERN_NMI_WATCHDOG 1
| #define HAVE_DECL_KERN_PANIC_ON_NMI 1
| #define HAVE_DECL_NET_LLC 1
| #define HAVE_DECL_NET_NETFILTER 1
| #define HAVE_DECL_NET_DCCP 1
| #define HAVE_DECL_NET_IRDA 1
| #define HAVE_DECL_NET_CORE_DESTROY_DELAY 0
| #define HAVE_DECL_NET_CORE_BUDGET 1
| #define HAVE_DECL_NET_CORE_AEVENT_ETIME 1
| #define HAVE_DECL_NET_CORE_AEVENT_RSEQTH 1
| #define HAVE_DECL_NET_CORE_WARNINGS 1
| #define HAVE_DECL_NET_IPV4_IGMP_MAX_MSF 1
| #define HAVE_DECL_NET_TCP_NO_METRICS_SAVE 1
| #define HAVE_DECL_NET_TCP_DEFAULT_WIN_SCALE 1
| #define HAVE_DECL_NET_TCP_MODERATE_RCVBUF 1
| #define HAVE_DECL_NET_TCP_TSO_WIN_DIVISOR 1
| #define HAVE_DECL_NET_TCP_BIC_BETA 1
| #define HAVE_DECL_NET_IPV4_ICMP_ERRORS_USE_INBOUND_IFADDR 1
| #define HAVE_DECL_NET_TCP_CONG_CONTROL 1
| #define HAVE_DECL_NET_TCP_ABC 1
| #define HAVE_DECL_NET_IPV4_IPFRAG_MAX_DIST 1
| #define HAVE_DECL_NET_TCP_MTU_PROBING 1
| #define HAVE_DECL_NET_TCP_BASE_MSS 1
| #define HAVE_DECL_NET_IPV4_TCP_WORKAROUND_SIGNED_WINDOWS 1
| #define HAVE_DECL_NET_TCP_DMA_COPYBREAK 1
| #define HAVE_DECL_NET_TCP_SLOW_START_AFTER_IDLE 1
| #define HAVE_DECL_NET_CIPSOV4_CACHE_ENABLE 1
| #define HAVE_DECL_NET_CIPSOV4_CACHE_BUCKET_SIZE 1
| #define HAVE_DECL_NET_CIPSOV4_RBM_OPTFMT 1
| #define HAVE_DECL_NET_CIPSOV4_RBM_STRICTVALID 1
| #define HAVE_DECL_NET_TCP_AVAIL_CONG_CONTROL 1
| #define HAVE_DECL_NET_TCP_ALLOWED_CONG_CONTROL 1
| #define HAVE_DECL_NET_TCP_MAX_SSTHRESH 1
| #define HAVE_DECL_NET_TCP_FRTO_RESPONSE 1
| #define HAVE_DECL_NET_IPV4_ROUTE_GC_MIN_INTERVAL_MS 1
| #define HAVE_DECL_NET_IPV4_CONF_FORCE_IGMP_VERSION 1
| #define HAVE_DECL_NET_IPV4_CONF_ARP_ANNOUNCE 1
| #define HAVE_DECL_NET_IPV4_CONF_ARP_IGNORE 1
| #define HAVE_DECL_NET_IPV4_CONF_PROMOTE_SECONDARIES 1
| #define HAVE_DECL_NET_IPV4_CONF_ARP_ACCEPT 1
| #define HAVE_DECL_NET_IPV4_CONF_ARP_NOTIFY 1
| #define HAVE_DECL_NET_IPV6_MLD_MAX_MSF 1
| #define HAVE_DECL_NET_IPV6_ROUTE_GC_MIN_INTERVAL_MS 1
| #define HAVE_DECL_VM_MAX_MAP_COUNT 1
| #define HAVE_DECL_VM_LAPTOP_MODE 1
| #define HAVE_DECL_VM_BLOCK_DUMP 1
| #define HAVE_DECL_VM_HUGETLB_GROUP 1
| #define HAVE_DECL_VM_VFS_CACHE_PRESSURE 1
| #define HAVE_DECL_VM_LEGACY_VA_LAYOUT 1
| #define HAVE_DECL_VM_SWAP_TOKEN_TIMEOUT 1
| #define HAVE_DECL_V4L2_FIELD_ANY 1
| #define HAVE_DECL_V4L2_FIELD_NONE 1
| #define HAVE_DECL_V4L2_FIELD_TOP 1
| #define HAVE_DECL_V4L2_FIELD_BOTTOM 1
| #define HAVE_DECL_V4L2_FIELD_INTERLACED 1
| #define HAVE_DECL_V4L2_FIELD_SEQ_TB 1
| #define HAVE_DECL_V4L2_FIELD_SEQ_BT 1
| #define HAVE_DECL_V4L2_FIELD_ALTERNATE 1
| #define HAVE_DECL_V4L2_FIELD_INTERLACED_TB 1
| #define HAVE_DECL_V4L2_FIELD_INTERLACED_BT 1
| #define HAVE_DECL_V4L2_BUF_TYPE_VIDEO_CAPTURE 1
| #define HAVE_DECL_V4L2_BUF_TYPE_VIDEO_CAPTURE_MPLANE 1
| #define HAVE_DECL_V4L2_BUF_TYPE_VIDEO_OUTPUT 1
| #define HAVE_DECL_V4L2_BUF_TYPE_VIDEO_OUTPUT_MPLANE 1
| #define HAVE_DECL_V4L2_BUF_TYPE_VIDEO_OVERLAY 1
| #define HAVE_DECL_V4L2_BUF_TYPE_VBI_CAPTURE 1
| #define HAVE_DECL_V4L2_BUF_TYPE_VBI_OUTPUT 1
| #define HAVE_DECL_V4L2_BUF_TYPE_SLICED_VBI_CAPTURE 1
| #define HAVE_DECL_V4L2_BUF_TYPE_SLICED_VBI_OUTPUT 1
| #define HAVE_DECL_V4L2_BUF_TYPE_VIDEO_OUTPUT_OVERLAY 1
| #define HAVE_DECL_V4L2_TUNER_RADIO 1
| #define HAVE_DECL_V4L2_TUNER_ANALOG_TV 1
| #define HAVE_DECL_V4L2_TUNER_DIGITAL_TV 1
| #define HAVE_DECL_V4L2_MEMORY_MMAP 1
| #define HAVE_DECL_V4L2_MEMORY_USERPTR 1
| #define HAVE_DECL_V4L2_MEMORY_OVERLAY 1
| #define HAVE_DECL_V4L2_MEMORY_DMABUF 1
| #define HAVE_DECL_V4L2_COLORSPACE_SMPTE170M 1
| #define HAVE_DECL_V4L2_COLORSPACE_SMPTE240M 1
| #define HAVE_DECL_V4L2_COLORSPACE_REC709 1
| #define HAVE_DECL_V4L2_COLORSPACE_BT878 1
| #define HAVE_DECL_V4L2_COLORSPACE_470_SYSTEM_M 1
| #define HAVE_DECL_V4L2_COLORSPACE_470_SYSTEM_BG 1
| #define HAVE_DECL_V4L2_COLORSPACE_JPEG 1
| #define HAVE_DECL_V4L2_COLORSPACE_SRGB 1
| #define HAVE_DECL_V4L2_PRIORITY_UNSET 1
| #define HAVE_DECL_V4L2_PRIORITY_BACKGROUND 1
| #define HAVE_DECL_V4L2_PRIORITY_INTERACTIVE 1
| #define HAVE_DECL_V4L2_PRIORITY_RECORD 1
| #define HAVE_DECL_V4L2_FRMSIZE_TYPE_DISCRETE 1
| #define HAVE_DECL_V4L2_FRMSIZE_TYPE_CONTINUOUS 1
| #define HAVE_DECL_V4L2_FRMSIZE_TYPE_STEPWISE 1
| #define HAVE_DECL_V4L2_FRMIVAL_TYPE_DISCRETE 1
| #define HAVE_DECL_V4L2_FRMIVAL_TYPE_CONTINUOUS 1
| #define HAVE_DECL_V4L2_FRMIVAL_TYPE_STEPWISE 1
| #define HAVE_DECL_V4L2_CTRL_TYPE_INTEGER 1
| #define HAVE_DECL_V4L2_CTRL_TYPE_BOOLEAN 1
| #define HAVE_DECL_V4L2_CTRL_TYPE_MENU 1
| #define HAVE_DECL_V4L2_CTRL_TYPE_BUTTON 1
| #define HAVE_DECL_V4L2_CTRL_TYPE_INTEGER64 1
| #define HAVE_DECL_V4L2_CTRL_TYPE_CTRL_CLASS 1
| #define HAVE_DECL_V4L2_CTRL_TYPE_STRING 1
| #define HAVE_DECL_V4L2_CTRL_TYPE_BITMASK 1
| #define HAVE_DECL_V4L2_CTRL_TYPE_INTEGER_MENU 1
| #define HAVE_BLKGETSIZE64 1
| #define SIZEOF_LONG 8
| #define SIZEOF_LONG_LONG 8
| #define SIZEOF_OFF_T 8
| #define SIZEOF_KERNEL_LONG_T 8
| #define SIZEOF_STRUCT_I64_I32 16
| #define ASM_SIGRTMIN 32
| #define ASM_SA_RESTORER 0x04000000
| #define HAVE___BUILTIN_POPCOUNT 1
| #define HAVE_DLADDR 1
| #define HAVE_M32_MPERS 1
| #define HAVE_M32_STRUCT_STAT 1
| #define HAVE_M32_STRUCT_STAT_ST_MTIME_NSEC 1
| #define HAVE_M32_STRUCT_STAT64 1
| #define HAVE_M32_STRUCT_STAT64_ST_MTIME_NSEC 1
| #define HAVE_MX32_MPERS 1
| #define HAVE_MX32_STRUCT_STAT 1
| #define HAVE_MX32_STRUCT_STAT_ST_MTIME_NSEC 1
| /* end confdefs.h.  */
| #include <sys/types.h>
| #include <asm/stat.h>
| 
| int
| main (void)
| {
| static struct stat64 ac_aggr;
| if (sizeof ac_aggr.st_mtime_nsec)
| return 0;
|   ;
|   return 0;
| }
configure:15146: result: no
configure:15237: checking for valgrind
configure:15273: result: no
configure:15759: checking that generated files are newer than configure
configure:15765: result: done
configure:15845: creating ./config.status

## ---------------------- ##
## Running config.status. ##
## ---------------------- ##

This file was extended by strace config.status UNKNOWN, which was
generated by GNU Autoconf 2.73.  Invocation command line was

  CONFIG_FILES    = 
  CONFIG_HEADERS  = 
  CONFIG_LINKS    = 
  CONFIG_COMMANDS = 
  $ ./config.status 

on tx

config.status:1423: creating Makefile
config.status:1423: creating tests/Makefile
config.status:1423: creating tests-m32/Makefile
config.status:1423: creating tests-mx32/Makefile
config.status:1423: creating strace.spec
config.status:1423: creating debian/changelog
config.status:1423: creating config.h
config.status:1637: executing depfiles commands
config.status:1712: cd .       && sed -e '/# am--include-marker/d' Makefile         | make -f - am--depfiles
config.status:1719: $? = 0
config.status:1712: cd tests       && sed -e '/# am--include-marker/d' Makefile         | make -f - am--depfiles
config.status:1719: $? = 0
config.status:1712: cd tests-m32       && sed -e '/# am--include-marker/d' Makefile         | make -f - am--depfiles
config.status:1719: $? = 0
config.status:1712: cd tests-mx32       && sed -e '/# am--include-marker/d' Makefile         | make -f - am--depfiles
config.status:1719: $? = 0

## ---------------- ##
## Cache variables. ##
## ---------------- ##

ac_cv_build=x86_64-pc-linux-gnu
ac_cv_build_prog_CPP='gcc -E'
ac_cv_build_prog_cc_c11=
ac_cv_build_prog_cc_g=yes
ac_cv_build_prog_cc_stdc=
ac_cv_c_bigendian=no
ac_cv_c_compiler_gnu=yes
ac_cv_c_future_darwin_options='none needed'
ac_cv_c_typeof=typeof
ac_cv_c_undeclared_builtin_options='none needed'
ac_cv_env_CC_set=
ac_cv_env_CC_value=
ac_cv_env_CFLAGS_set=set
ac_cv_env_CFLAGS_value='-std=gnu17 -O2 -g'
ac_cv_env_CPPFLAGS_set=
ac_cv_env_CPPFLAGS_value=
ac_cv_env_CPP_set=
ac_cv_env_CPP_value=
ac_cv_env_LDFLAGS_set=
ac_cv_env_LDFLAGS_value=
ac_cv_env_LIBS_set=
ac_cv_env_LIBS_value=
ac_cv_env_build_alias_set=
ac_cv_env_build_alias_value=
ac_cv_env_host_alias_set=
ac_cv_env_host_alias_value=
ac_cv_env_target_alias_set=
ac_cv_env_target_alias_value=
ac_cv_func_accept4=yes
ac_cv_func_fallocate=yes
ac_cv_func_fanotify_mark=yes
ac_cv_func_fopen64=yes
ac_cv_func_fork=yes
ac_cv_func_fputs_unlocked=yes
ac_cv_func_fstatat=yes
ac_cv_func_ftruncate=yes
ac_cv_func_futimens=yes
ac_cv_func_if_indextoname=yes
ac_cv_func_open64=yes
ac_cv_func_prctl=yes
ac_cv_func_preadv=yes
ac_cv_func_process_vm_readv=yes
ac_cv_func_pwritev=yes
ac_cv_func_readahead=yes
ac_cv_func_signalfd=yes
ac_cv_func_stpcpy=yes
ac_cv_func_strerror=yes
ac_cv_func_strsignal=yes
ac_cv_func_sync_file_range=yes
ac_cv_func_utimensat=yes
ac_cv_have_blkgetsize64=yes
ac_cv_have_decl_BTRFS_COMPRESS_LZO=no
ac_cv_have_decl_BTRFS_COMPRESS_NONE=no
ac_cv_have_decl_BTRFS_COMPRESS_ZLIB=no
ac_cv_have_decl_CTL_ARLAN=yes
ac_cv_have_decl_CTL_FRV=yes
ac_cv_have_decl_CTL_PM=yes
ac_cv_have_decl_CTL_PROC=yes
ac_cv_have_decl_CTL_S390DBF=yes
ac_cv_have_decl_CTL_SUNRPC=yes
ac_cv_have_decl_KERN_ACPI_VIDEO_FLAGS=yes
ac_cv_have_decl_KERN_BOOTLOADER_TYPE=yes
ac_cv_have_decl_KERN_COMPAT_LOG=yes
ac_cv_have_decl_KERN_HZ_TIMER=yes
ac_cv_have_decl_KERN_IA64_UNALIGNED=yes
ac_cv_have_decl_KERN_MAX_LOCK_DEPTH=yes
ac_cv_have_decl_KERN_NGROUPS_MAX=yes
ac_cv_have_decl_KERN_NMI_WATCHDOG=yes
ac_cv_have_decl_KERN_PANIC_ON_NMI=yes
ac_cv_have_decl_KERN_PRINTK_RATELIMIT=yes
ac_cv_have_decl_KERN_PRINTK_RATELIMIT_BURST=yes
ac_cv_have_decl_KERN_PTY=yes
ac_cv_have_decl_KERN_RANDOMIZE=yes
ac_cv_have_decl_KERN_SETUID_DUMPABLE=yes
ac_cv_have_decl_KERN_SPARC_SCONS_PWROFF=yes
ac_cv_have_decl_KERN_SPIN_RETRY=yes
ac_cv_have_decl_KERN_UNKNOWN_NMI_PANIC=yes
ac_cv_have_decl_LO_FLAGS_AUTOCLEAR=yes
ac_cv_have_decl_LO_FLAGS_DIRECT_IO=yes
ac_cv_have_decl_LO_FLAGS_PARTSCAN=yes
ac_cv_have_decl_LO_FLAGS_READ_ONLY=yes
ac_cv_have_decl_LO_FLAGS_USE_AOPS=no
ac_cv_have_decl_NET_CIPSOV4_CACHE_BUCKET_SIZE=yes
ac_cv_have_decl_NET_CIPSOV4_CACHE_ENABLE=yes
ac_cv_have_decl_NET_CIPSOV4_RBM_OPTFMT=yes
ac_cv_have_decl_NET_CIPSOV4_RBM_STRICTVALID=yes
ac_cv_have_decl_NET_CORE_AEVENT_ETIME=yes
ac_cv_have_decl_NET_CORE_AEVENT_RSEQTH=yes
ac_cv_have_decl_NET_CORE_BUDGET=yes
ac_cv_have_decl_NET_CORE_DESTROY_DELAY=no
ac_cv_have_decl_NET_CORE_WARNINGS=yes
ac_cv_have_decl_NET_DCCP=yes
ac_cv_have_decl_NET_IPV4_CONF_ARP_ACCEPT=yes
ac_cv_have_decl_NET_IPV4_CONF_ARP_ANNOUNCE=yes
ac_cv_have_decl_NET_IPV4_CONF_ARP_IGNORE=yes
ac_cv_have_decl_NET_IPV4_CONF_ARP_NOTIFY=yes
ac_cv_have_decl_NET_IPV4_CONF_FORCE_IGMP_VERSION=yes
ac_cv_have_decl_NET_IPV4_CONF_PROMOTE_SECONDARIES=yes
ac_cv_have_decl_NET_IPV4_ICMP_ERRORS_USE_INBOUND_IFADDR=yes
ac_cv_have_decl_NET_IPV4_IGMP_MAX_MSF=yes
ac_cv_have_decl_NET_IPV4_IPFRAG_MAX_DIST=yes
ac_cv_have_decl_NET_IPV4_ROUTE_GC_MIN_INTERVAL_MS=yes
ac_cv_have_decl_NET_IPV4_TCP_WORKAROUND_SIGNED_WINDOWS=yes
ac_cv_have_decl_NET_IPV6_MLD_MAX_MSF=yes
ac_cv_have_decl_NET_IPV6_ROUTE_GC_MIN_INTERVAL_MS=yes
ac_cv_have_decl_NET_IRDA=yes
ac_cv_have_decl_NET_LLC=yes
ac_cv_have_decl_NET_NETFILTER=yes
ac_cv_have_decl_NET_TCP_ABC=yes
ac_cv_have_decl_NET_TCP_ALLOWED_CONG_CONTROL=yes
ac_cv_have_decl_NET_TCP_AVAIL_CONG_CONTROL=yes
ac_cv_have_decl_NET_TCP_BASE_MSS=yes
ac_cv_have_decl_NET_TCP_BIC_BETA=yes
ac_cv_have_decl_NET_TCP_CONG_CONTROL=yes
ac_cv_have_decl_NET_TCP_DEFAULT_WIN_SCALE=yes
ac_cv_have_decl_NET_TCP_DMA_COPYBREAK=yes
ac_cv_have_decl_NET_TCP_FRTO_RESPONSE=yes
ac_cv_have_decl_NET_TCP_MAX_SSTHRESH=yes
ac_cv_have_decl_NET_TCP_MODERATE_RCVBUF=yes
ac_cv_have_decl_NET_TCP_MTU_PROBING=yes
ac_cv_have_decl_NET_TCP_NO_METRICS_SAVE=yes
ac_cv_have_decl_NET_TCP_SLOW_START_AFTER_IDLE=yes
ac_cv_have_decl_NET_TCP_TSO_WIN_DIVISOR=yes
ac_cv_have_decl_PTRACE_PEEKUSER=yes
ac_cv_have_decl_PTRACE_POKEUSER=yes
ac_cv_have_decl_P_ALL=yes
ac_cv_have_decl_P_CID=no
ac_cv_have_decl_P_GID=no
ac_cv_have_decl_P_LWPID=no
ac_cv_have_decl_P_PGID=yes
ac_cv_have_decl_P_PID=yes
ac_cv_have_decl_P_PPID=no
ac_cv_have_decl_P_SID=no
ac_cv_have_decl_P_UID=no
ac_cv_have_decl_V4L2_BUF_TYPE_SLICED_VBI_CAPTURE=yes
ac_cv_have_decl_V4L2_BUF_TYPE_SLICED_VBI_OUTPUT=yes
ac_cv_have_decl_V4L2_BUF_TYPE_VBI_CAPTURE=yes
ac_cv_have_decl_V4L2_BUF_TYPE_VBI_OUTPUT=yes
ac_cv_have_decl_V4L2_BUF_TYPE_VIDEO_CAPTURE=yes
ac_cv_have_decl_V4L2_BUF_TYPE_VIDEO_CAPTURE_MPLANE=yes
ac_cv_have_decl_V4L2_BUF_TYPE_VIDEO_OUTPUT=yes
ac_cv_have_decl_V4L2_BUF_TYPE_VIDEO_OUTPUT_MPLANE=yes
ac_cv_have_decl_V4L2_BUF_TYPE_VIDEO_OUTPUT_OVERLAY=yes
ac_cv_have_decl_V4L2_BUF_TYPE_VIDEO_OVERLAY=yes
ac_cv_have_decl_V4L2_COLORSPACE_470_SYSTEM_BG=yes
ac_cv_have_decl_V4L2_COLORSPACE_470_SYSTEM_M=yes
ac_cv_have_decl_V4L2_COLORSPACE_BT878=yes
ac_cv_have_decl_V4L2_COLORSPACE_JPEG=yes
ac_cv_have_decl_V4L2_COLORSPACE_REC709=yes
ac_cv_have_decl_V4L2_COLORSPACE_SMPTE170M=yes
ac_cv_have_decl_V4L2_COLORSPACE_SMPTE240M=yes
ac_cv_have_decl_V4L2_COLORSPACE_SRGB=yes
ac_cv_have_decl_V4L2_CTRL_TYPE_BITMASK=yes
ac_cv_have_decl_V4L2_CTRL_TYPE_BOOLEAN=yes
ac_cv_have_decl_V4L2_CTRL_TYPE_BUTTON=yes
ac_cv_have_decl_V4L2_CTRL_TYPE_CTRL_CLASS=yes
ac_cv_have_decl_V4L2_CTRL_TYPE_INTEGER64=yes
ac_cv_have_decl_V4L2_CTRL_TYPE_INTEGER=yes
ac_cv_have_decl_V4L2_CTRL_TYPE_INTEGER_MENU=yes
ac_cv_have_decl_V4L2_CTRL_TYPE_MENU=yes
ac_cv_have_decl_V4L2_CTRL_TYPE_STRING=yes
ac_cv_have_decl_V4L2_FIELD_ALTERNATE=yes
ac_cv_have_decl_V4L2_FIELD_ANY=yes
ac_cv_have_decl_V4L2_FIELD_BOTTOM=yes
ac_cv_have_decl_V4L2_FIELD_INTERLACED=yes
ac_cv_have_decl_V4L2_FIELD_INTERLACED_BT=yes
ac_cv_have_decl_V4L2_FIELD_INTERLACED_TB=yes
ac_cv_have_decl_V4L2_FIELD_NONE=yes
ac_cv_have_decl_V4L2_FIELD_SEQ_BT=yes
ac_cv_have_decl_V4L2_FIELD_SEQ_TB=yes
ac_cv_have_decl_V4L2_FIELD_TOP=yes
ac_cv_have_decl_V4L2_FRMIVAL_TYPE_CONTINUOUS=yes
ac_cv_have_decl_V4L2_FRMIVAL_TYPE_DISCRETE=yes
ac_cv_have_decl_V4L2_FRMIVAL_TYPE_STEPWISE=yes
ac_cv_have_decl_V4L2_FRMSIZE_TYPE_CONTINUOUS=yes
ac_cv_have_decl_V4L2_FRMSIZE_TYPE_DISCRETE=yes
ac_cv_have_decl_V4L2_FRMSIZE_TYPE_STEPWISE=yes
ac_cv_have_decl_V4L2_MEMORY_DMABUF=yes
ac_cv_have_decl_V4L2_MEMORY_MMAP=yes
ac_cv_have_decl_V4L2_MEMORY_OVERLAY=yes
ac_cv_have_decl_V4L2_MEMORY_USERPTR=yes
ac_cv_have_decl_V4L2_PRIORITY_BACKGROUND=yes
ac_cv_have_decl_V4L2_PRIORITY_INTERACTIVE=yes
ac_cv_have_decl_V4L2_PRIORITY_RECORD=yes
ac_cv_have_decl_V4L2_PRIORITY_UNSET=yes
ac_cv_have_decl_V4L2_TUNER_ANALOG_TV=yes
ac_cv_have_decl_V4L2_TUNER_DIGITAL_TV=yes
ac_cv_have_decl_V4L2_TUNER_RADIO=yes
ac_cv_have_decl_VM_BLOCK_DUMP=yes
ac_cv_have_decl_VM_HUGETLB_GROUP=yes
ac_cv_have_decl_VM_LAPTOP_MODE=yes
ac_cv_have_decl_VM_LEGACY_VA_LAYOUT=yes
ac_cv_have_decl_VM_MAX_MAP_COUNT=yes
ac_cv_have_decl_VM_SWAP_TOKEN_TIMEOUT=yes
ac_cv_have_decl_VM_VFS_CACHE_PRESSURE=yes
ac_cv_have_decl_sys_errlist=no
ac_cv_header_asm_cachectl_h=no
ac_cv_header_asm_sigcontext_h=no
ac_cv_header_asm_sysmips_h=no
ac_cv_header_bluetooth_bluetooth_h=no
ac_cv_header_elf_h=yes
ac_cv_header_gnu_stubs_32_h=no
ac_cv_header_gnu_stubs_x32_h=no
ac_cv_header_inttypes_h=yes
ac_cv_header_libunwind_ptrace_h=no
ac_cv_header_linux_bpf_h=yes
ac_cv_header_linux_bsg_h=yes
ac_cv_header_linux_btrfs_h=yes
ac_cv_header_linux_dm_ioctl_h=yes
ac_cv_header_linux_dqblk_xfs_h=yes
ac_cv_header_linux_falloc_h=yes
ac_cv_header_linux_fiemap_h=yes
ac_cv_header_linux_filter_h=yes
ac_cv_header_linux_hiddev_h=yes
ac_cv_header_linux_input_h=yes
ac_cv_header_linux_ip_vs_h=yes
ac_cv_header_linux_ipc_h=yes
ac_cv_header_linux_mmtimer_h=yes
ac_cv_header_linux_mqueue_h=yes
ac_cv_header_linux_msg_h=yes
ac_cv_header_linux_netfilter_arp_arp_tables_h=yes
ac_cv_header_linux_netfilter_bridge_ebtables_h=yes
ac_cv_header_linux_netfilter_ipv4_ip_tables_h=yes
ac_cv_header_linux_netfilter_ipv6_ip6_tables_h=yes
ac_cv_header_linux_perf_event_h=yes
ac_cv_header_linux_quota_h=yes
ac_cv_header_linux_seccomp_h=yes
ac_cv_header_linux_securebits_h=yes
ac_cv_header_linux_sem_h=yes
ac_cv_header_linux_shm_h=yes
ac_cv_header_linux_userfaultfd_h=yes
ac_cv_header_linux_utsname_h=yes
ac_cv_header_minix_config_h=no
ac_cv_header_mqueue_h=yes
ac_cv_header_netinet_sctp_h=no
ac_cv_header_netinet_tcp_h=yes
ac_cv_header_netinet_udp_h=yes
ac_cv_header_netipx_ipx_h=yes
ac_cv_header_scsi_sg_h=yes
ac_cv_header_stdint_h=yes
ac_cv_header_stdio_h=yes
ac_cv_header_stdlib_h=yes
ac_cv_header_string_h=yes
ac_cv_header_strings_h=yes
ac_cv_header_stropts_h=no
ac_cv_header_sys_conf_h=no
ac_cv_header_sys_eventfd_h=yes
ac_cv_header_sys_fanotify_h=yes
ac_cv_header_sys_ipc_h=yes
ac_cv_header_sys_msg_h=yes
ac_cv_header_sys_quota_h=yes
ac_cv_header_sys_reg_h=yes
ac_cv_header_sys_sem_h=yes
ac_cv_header_sys_shm_h=yes
ac_cv_header_sys_signalfd_h=yes
ac_cv_header_sys_stat_h=yes
ac_cv_header_sys_types_h=yes
ac_cv_header_sys_xattr_h=yes
ac_cv_header_unistd_h=yes
ac_cv_header_ustat_h=no
ac_cv_header_wchar_h=yes
ac_cv_host=x86_64-pc-linux-gnu
ac_cv_lib_dl_dladdr=yes
ac_cv_m32_member_struct_stat64_st_mtime_nsec=yes
ac_cv_m32_member_struct_stat_st_mtime_nsec=yes
ac_cv_m32_type_struct_stat64=yes
ac_cv_m32_type_struct_stat=yes
ac_cv_member_siginfo_t_si_overrun=yes
ac_cv_member_siginfo_t_si_syscall=yes
ac_cv_member_siginfo_t_si_timerid=yes
ac_cv_member_struct_btrfs_ioctl_defrag_range_args_start=yes
ac_cv_member_struct_btrfs_ioctl_feature_flags_compat_flags=yes
ac_cv_member_struct_btrfs_ioctl_fs_info_args_nodesize=yes
ac_cv_member_struct_btrfs_ioctl_search_args_v2_buf_size=yes
ac_cv_member_struct_input_absinfo_resolution=yes
ac_cv_member_struct_perf_event_attr_aux_watermark=yes
ac_cv_member_struct_perf_event_attr_bp_type=yes
ac_cv_member_struct_perf_event_attr_branch_sample_type=yes
ac_cv_member_struct_perf_event_attr_comm_exec=yes
ac_cv_member_struct_perf_event_attr_config1=yes
ac_cv_member_struct_perf_event_attr_config2=yes
ac_cv_member_struct_perf_event_attr_context_switch=yes
ac_cv_member_struct_perf_event_attr_exclude_callchain_kernel=yes
ac_cv_member_struct_perf_event_attr_exclude_callchain_user=yes
ac_cv_member_struct_perf_event_attr_exclude_guest=yes
ac_cv_member_struct_perf_event_attr_exclude_host=yes
ac_cv_member_struct_perf_event_attr_mmap2=yes
ac_cv_member_struct_perf_event_attr_mmap_data=yes
ac_cv_member_struct_perf_event_attr_precise_ip=yes
ac_cv_member_struct_perf_event_attr_sample_id_all=yes
ac_cv_member_struct_perf_event_attr_sample_max_stack=yes
ac_cv_member_struct_perf_event_attr_sample_regs_intr=yes
ac_cv_member_struct_perf_event_attr_sample_regs_user=yes
ac_cv_member_struct_perf_event_attr_sample_stack_user=yes
ac_cv_member_struct_perf_event_attr_use_clockid=yes
ac_cv_member_struct_perf_event_attr_write_backward=yes
ac_cv_member_struct_stat64_st_mtime_nsec=no
ac_cv_member_struct_stat_st_mtime_nsec=yes
ac_cv_member_struct_statfs64_f_flags=yes
ac_cv_member_struct_statfs64_f_frsize=yes
ac_cv_member_struct_statfs64_f_fsid___val=no
ac_cv_member_struct_statfs64_f_fsid_val=yes
ac_cv_member_struct_statfs_f_flags=yes
ac_cv_member_struct_statfs_f_frsize=yes
ac_cv_member_struct_statfs_f_fsid___val=no
ac_cv_member_struct_statfs_f_fsid_val=yes
ac_cv_member_struct_timex_tai=yes
ac_cv_member_struct_utsname_domainname=yes
ac_cv_mx32_member_struct_stat64_st_mtime_nsec=no
ac_cv_mx32_member_struct_stat_st_mtime_nsec=yes
ac_cv_mx32_type_struct_stat64=no
ac_cv_mx32_type_struct_stat=yes
ac_cv_objext=o
ac_cv_path_PERL=/nix/store/nxw1xxfxkd6bm570nb6gv0g6pghp7i4c-perl-5.40.0/bin/perl
ac_cv_path_SED=/run/current-system/sw/bin/sed
ac_cv_path_install='/run/current-system/sw/bin/install -c'
ac_cv_path_mkdir=/run/current-system/sw/bin/mkdir
ac_cv_prog_AWK=gawk
ac_cv_prog_CPP='gcc -E'
ac_cv_prog_ac_ct_CC=gcc
ac_cv_prog_ac_ct_CC_FOR_BUILD=gcc
ac_cv_prog_ac_ct_RANLIB=ranlib
ac_cv_prog_cc_c11=
ac_cv_prog_cc_c23=no
ac_cv_prog_cc_g=yes
ac_cv_prog_cc_stdc=
ac_cv_prog_make_make_set=yes
ac_cv_safe_to_define___extensions__=yes
ac_cv_should_define__xopen_source=no
ac_cv_sizeof_kernel_long_t=8
ac_cv_sizeof_long=8
ac_cv_sizeof_long_long=8
ac_cv_sizeof_off_t=8
ac_cv_sizeof_struct_i64_i32=16
ac_cv_type___kernel_long_t=yes
ac_cv_type___kernel_ulong_t=yes
ac_cv_type_gid_t=yes
ac_cv_type_sig_atomic_t=yes
ac_cv_type_struct___kernel_flock64=no
ac_cv_type_struct___kernel_flock=no
ac_cv_type_struct___old_kernel_stat=yes
ac_cv_type_struct_blk_user_trace_setup=yes
ac_cv_type_struct_flock64=yes
ac_cv_type_struct_flock=yes
ac_cv_type_struct_ia64_fpreg=no
ac_cv_type_struct_mmsghdr=yes
ac_cv_type_struct_pt_all_user_regs=no
ac_cv_type_struct_ptrace_peeksiginfo_args=no
ac_cv_type_struct_sigcontext=yes
ac_cv_type_struct_stat64=no
ac_cv_type_struct_stat=yes
ac_cv_type_struct_statfs64=yes
ac_cv_type_struct_statfs=yes
ac_cv_type_struct_user_desc=yes
ac_cv_type_uid_t=yes
am_cv_CC_dependencies_compiler_type=gcc3
am_cv_build_CC_dependencies_compiler_type=gcc3
am_cv_build_prog_cc_c_o=yes
am_cv_filesystem_timestamp_resolution=0.01
am_cv_make_support_nested_variables=yes
am_cv_prog_cc_c_o=yes
am_cv_prog_tar_ustar=gnutar
am_cv_sleep_fractional_seconds=yes
am_cv_xargs_n_works=yes
gl_cv_warn_CFLAGS_FOR_BUILD__Wall=yes
gl_cv_warn_CFLAGS_FOR_BUILD__Wempty_body=yes
gl_cv_warn_CFLAGS_FOR_BUILD__Werror__Wunknown_warning_option=no
gl_cv_warn_CFLAGS_FOR_BUILD__Wformat_security=yes
gl_cv_warn_CFLAGS_FOR_BUILD__Wignored_qualifiers=yes
gl_cv_warn_CFLAGS_FOR_BUILD__Winit_self=yes
gl_cv_warn_CFLAGS_FOR_BUILD__Wlogical_op=yes
gl_cv_warn_CFLAGS_FOR_BUILD__Wmissing_parameter_type=yes
gl_cv_warn_CFLAGS_FOR_BUILD__Wnested_externs=yes
gl_cv_warn_CFLAGS_FOR_BUILD__Wold_style_declaration=yes
gl_cv_warn_CFLAGS_FOR_BUILD__Wold_style_definition=yes
gl_cv_warn_CFLAGS_FOR_BUILD__Wsign_compare=yes
gl_cv_warn_CFLAGS_FOR_BUILD__Wtype_limits=yes
gl_cv_warn_CFLAGS_FOR_BUILD__Wwrite_strings=yes
gl_cv_warn_CFLAGS__Wall=yes
gl_cv_warn_CFLAGS__Wempty_body=yes
gl_cv_warn_CFLAGS__Werror__Wunknown_warning_option=no
gl_cv_warn_CFLAGS__Wformat_security=yes
gl_cv_warn_CFLAGS__Wignored_qualifiers=yes
gl_cv_warn_CFLAGS__Winit_self=yes
gl_cv_warn_CFLAGS__Wlogical_op=yes
gl_cv_warn_CFLAGS__Wmissing_parameter_type=yes
gl_cv_warn_CFLAGS__Wnested_externs=yes
gl_cv_warn_CFLAGS__Wold_style_declaration=yes
gl_cv_warn_CFLAGS__Wold_style_definition=yes
gl_cv_warn_CFLAGS__Wsign_compare=yes
gl_cv_warn_CFLAGS__Wtype_limits=yes
gl_cv_warn_CFLAGS__Wwrite_strings=yes
st_cv_SA_RESTORER=0x04000000
st_cv_SIGRTMIN=32
st_cv_have___builtin_popcount=yes
st_cv_have_union_bpf_attr_attach_flags=yes
st_cv_have_union_bpf_attr_bpf_fd=yes
st_cv_have_union_bpf_attr_log_buf=yes
st_cv_m32_cc=yes
st_cv_m32_mpers=yes
st_cv_m32_runtime=no
st_cv_mx32_cc=yes
st_cv_mx32_mpers=yes
st_cv_mx32_runtime=no

## ----------------- ##
## Output variables. ##
## ----------------- ##
























		$(MAKE) $(AM_MAKEFLAGS) -k check-valgrind-$(tool); \
		LOG_COMPILER="$$(VALGRIND_LOG_COMPILER)" \
		LOG_FLAGS="$$(valgrind_$(1)_flags)" \
		TESTS_ENVIRONMENT="$$(VALGRIND_TESTS_ENVIRONMENT)" \
		TEST_SUITE_LOG=test-suite-$(1).log
	$$(valgrind_v_use)$$(MAKE) $$(AM_MAKEFLAGS) check-am \
	$(AM_V_at)$(MAKE) $(AM_MAKEFLAGS) code-coverage-capture
	$(TESTS_ENVIRONMENT) \
	$(VALGRIND) $(VALGRIND_SUPPRESSIONS) --error-exitcode=1 $(VALGRIND_FLAGS)
	$(code_coverage_v_genhtml)LANG=C $(GENHTML) $(code_coverage_quiet) $(addprefix --prefix ,$(CODE_COVERAGE_DIRECTORY)) --output-directory "$(CODE_COVERAGE_OUTPUT_DIRECTORY)" --title "$(PACKAGE_NAME)-$(PACKAGE_VERSION) Code Coverage" --legend --show-details "$(CODE_COVERAGE_OUTPUT_FILE)" $(CODE_COVERAGE_GENHTML_OPTIONS)
	$(code_coverage_v_lcov_cap)$(LCOV) $(code_coverage_quiet) $(addprefix --directory ,$(CODE_COVERAGE_DIRECTORY)) --capture --output-file "$(CODE_COVERAGE_OUTPUT_FILE).tmp" --test-name "$(call code_coverage_sanitize,$(PACKAGE_NAME)-$(PACKAGE_VERSION))" --no-checksum --compat-libtool $(CODE_COVERAGE_LCOV_SHOPTS) $(CODE_COVERAGE_LCOV_OPTIONS)
	$(code_coverage_v_lcov_ign)$(LCOV) $(code_coverage_quiet) $(addprefix --directory ,$(CODE_COVERAGE_DIRECTORY)) --remove "$(CODE_COVERAGE_OUTPUT_FILE).tmp" "/tmp/*" $(CODE_COVERAGE_IGNORE_PATTERN) --output-file "$(CODE_COVERAGE_OUTPUT_FILE)" $(CODE_COVERAGE_LCOV_SHOPTS) $(CODE_COVERAGE_LCOV_RMOPTS)
	$(valgrind_lt) \
	)
	-$(AM_V_at)$(MAKE) $(AM_MAKEFLAGS) -k check
	-$(AM_V_at)$(foreach tool,$(valgrind_enabled_tools), \
	-$(LCOV) --directory $(top_builddir) -z
	-@rm -f $(CODE_COVERAGE_OUTPUT_FILE).tmp
	-find . \( -name "*.gcda" -o -name "*.gcno" -o -name "*.gcov" \) -delete
	-rm -rf $(CODE_COVERAGE_OUTPUT_FILE) $(CODE_COVERAGE_OUTPUT_FILE).tmp $(CODE_COVERAGE_OUTPUT_DIRECTORY)
	@echo "Need to reconfigure with --enable-code-coverage"
	@echo "Need to reconfigure with --enable-code-coverage"
	@echo "Need to reconfigure with --enable-valgrind"
	@echo "Need to reconfigure with --enable-valgrind"
	@echo "Need to reconfigure with --enable-valgrind-$(1)"
	@echo "file://$(abs_builddir)/$(CODE_COVERAGE_OUTPUT_DIRECTORY)/index.html"
	G_DEBUG=fatal-warnings,fatal-criticals,gc-friendly
	G_SLICE=always-malloc,debug-blocks \
	env VALGRIND=$(VALGRIND) \
 $(CODE_COVERAGE_IGNORE_PATTERN);
 $(CODE_COVERAGE_OUTPUT_FILE);
#
#
#
#    $(PACKAGE_NAME)-$(PACKAGE_VERSION)-coverage)
#    $(PACKAGE_NAME)-$(PACKAGE_VERSION)-coverage.info)
#    (Default: $(top_builddir))
#    (Default: --num-callers=30)
#    (Default: empty)
#    Multiple directories may be specified, separated by whitespace.
#    by lcov for code coverage. (Default:
#    collecting lcov instance. (Default: $CODE_COVERAGE_LCOV_OPTIONS_GCOVPATH)
#    files to load. (Default: empty)
#    genhtml instance. (Default: based on $CODE_COVERAGE_BRANCH_COVERAGE)
#    instance. (Default: $CODE_COVERAGE_GENHTML_OPTIONS_DEFAULT)
#    instance. (Default: $CODE_COVERAGE_LCOV_OPTIONS_DEFAULT)
#    instance. (Default: $CODE_COVERAGE_LCOV_RMOPTS_DEFAULT)
#    instances. (Default: $CODE_COVERAGE_LCOV_SHOPTS_DEFAULT)
#    instances. (Default: based on $CODE_COVERAGE_BRANCH_COVERAGE)
#    lcov instance. (Default: empty)
#    memcheck, helgrind, drd, sgcheck). (Default: various)
#    reports to be created. (Default:
#    set to 0 to disable it and leave empty to stay with the default.
#  - CODE_COVERAGE_BRANCH_COVERAGE: Set to 1 to enforce branch coverage,
#  - CODE_COVERAGE_DIRECTORY: Top-level directory for code coverage reporting.
#  - CODE_COVERAGE_GENHTML_OPTIONS: Extra options to pass to the genhtml
#  - CODE_COVERAGE_GENHTML_OPTIONS_DEFAULT: Extra options to pass to the
#  - CODE_COVERAGE_IGNORE_PATTERN: Extra glob pattern of files to ignore
#  - CODE_COVERAGE_LCOV_OPTIONS: Extra options to pass to the collecting lcov
#  - CODE_COVERAGE_LCOV_OPTIONS_DEFAULT: Extra options to pass to the
#  - CODE_COVERAGE_LCOV_OPTIONS_GCOVPATH: --gcov-tool pathtogcov
#  - CODE_COVERAGE_LCOV_RMOPTS: Extra options to pass to the filtering lcov
#  - CODE_COVERAGE_LCOV_RMOPTS_DEFAULT: Extra options to pass to the filtering
#  - CODE_COVERAGE_LCOV_SHOPTS: Extra options to shared between both lcov
#  - CODE_COVERAGE_LCOV_SHOPTS_DEFAULT: Extra options shared between both lcov
#  - CODE_COVERAGE_OUTPUT_DIRECTORY: Directory for generated code coverage
#  - CODE_COVERAGE_OUTPUT_FILE: Filename and path for the .info file generated
#  - VALGRIND_$toolname_FLAGS: Flags to pass to Valgrind $toolname (one of:
#  - VALGRIND_FLAGS: General flags to pass to all Valgrind tools.
#  - VALGRIND_SUPPRESSIONS_FILES: Space-separated list of Valgrind suppressions
# $(PACKAGE_VERSION). In order to add the current git hash to the title,
# Capture code coverage data
# Code coverage
# Hook rule executed before code-coverage-capture, overridable by the user
# Internal use
# Optional variables
# Optional variables
# Optional:
# Optional:
# Support running with and without libtool.
# The generated report will be titled using the $(PACKAGE_NAME) and
# Use recursive makes in order to ignore errors during check
# Use recursive makes in order to ignore errors during check
# Valgrind check
# Valgrind running
# sanitizes the test-name: replaces with underscores: dashes and dots
# use the git-version-gen script, available online.
$(foreach tool,$(valgrind_tools),$(eval $(call valgrind_tool_rule,$(tool))))
$(if $(CODE_COVERAGE_BRANCH_COVERAGE),\
'
'
--rc genhtml_branch_coverage=$(CODE_COVERAGE_BRANCH_COVERAGE))
--rc lcov_branch_coverage=$(CODE_COVERAGE_BRANCH_COVERAGE))
.PHONY: check-code-coverage code-coverage-capture code-coverage-capture-hook code-coverage-clean
.PHONY: check-valgrind $(add-prefix check-valgrind-,$(valgrind_tools))
ACLOCAL='${SHELL} '\''/home/int16/code/strace/missing'\'' aclocal-1.18'
AMDEPBACKSLASH='\'
AMDEP_FALSE='#'
AMDEP_TRUE=''
AMTAR='$${TAR-tar}'
AM_BACKSLASH='\'
AM_DEFAULT_V='$(AM_DEFAULT_VERBOSITY)'
AM_DEFAULT_VERBOSITY='1'
AM_DISTCHECK_CONFIGURE_FLAGS += --disable-code-coverage
AM_DISTCHECK_CONFIGURE_FLAGS += --disable-valgrind
AM_DISTCHECK_CONFIGURE_FLAGS ?=
AM_DISTCHECK_CONFIGURE_FLAGS ?=
AM_V='$(V)'
AUTOCONF='${SHELL} '\''/home/int16/code/strace/missing'\'' autoconf'
AUTOHEADER='${SHELL} '\''/home/int16/code/strace/missing'\'' autoheader'
AUTOMAKE='${SHELL} '\''/home/int16/code/strace/missing'\'' automake-1.18'
AWK='gawk'
BUILD_EXEEXT=''
BUILD_OBJEXT=''
CC='gcc'
CCDEPMODE='depmode=gcc3'
CC_FOR_BUILD='gcc'
CFLAGS='-std=gnu17 -O2 -g'
CFLAGS_FOR_BUILD='-g -O2'
CODE_COVERAGE_BRANCH_COVERAGE ?=
CODE_COVERAGE_CFLAGS=''
CODE_COVERAGE_CPPFLAGS=''
CODE_COVERAGE_CXXFLAGS=''
CODE_COVERAGE_DIRECTORY ?= $(top_builddir)
CODE_COVERAGE_ENABLED='no'
CODE_COVERAGE_ENABLED_FALSE=''
CODE_COVERAGE_ENABLED_TRUE='#'
CODE_COVERAGE_GENHTML_OPTIONS ?= $(CODE_COVERAGE_GENHTML_OPTIONS_DEFAULTS)
CODE_COVERAGE_GENHTML_OPTIONS_DEFAULT ?=\
CODE_COVERAGE_IGNORE_PATTERN ?=
CODE_COVERAGE_LCOV_OPTIONS ?= $(CODE_COVERAGE_LCOV_OPTIONS_DEFAULT)
CODE_COVERAGE_LCOV_OPTIONS_DEFAULT ?= $(CODE_COVERAGE_LCOV_OPTIONS_GCOVPATH)
CODE_COVERAGE_LCOV_OPTIONS_GCOVPATH ?= --gcov-tool "$(GCOV)"
CODE_COVERAGE_LCOV_RMOPTS ?= $(CODE_COVERAGE_LCOV_RMOPTS_DEFAULT)
CODE_COVERAGE_LCOV_RMOPTS_DEFAULT ?=
CODE_COVERAGE_LCOV_SHOPTS ?= $(CODE_COVERAGE_LCOV_SHOPTS_DEFAULT)
CODE_COVERAGE_LCOV_SHOPTS_DEFAULT ?= $(if $(CODE_COVERAGE_BRANCH_COVERAGE),\
CODE_COVERAGE_LDFLAGS=''
CODE_COVERAGE_OUTPUT_DIRECTORY ?= $(PACKAGE_NAME)-$(PACKAGE_VERSION)-coverage
CODE_COVERAGE_OUTPUT_FILE ?= $(PACKAGE_NAME)-$(PACKAGE_VERSION)-coverage.info
CODE_COVERAGE_RULES='
CPP='gcc -E'
CPPFLAGS=''
CPPFLAGS_FOR_BUILD=''
CPP_FOR_BUILD='gcc -E'
CSCOPE='cscope'
CTAGS='ctags'
CYGPATH_W='echo'
DEB_CHANGELOGTIME='Tue, 28 Jul 2026 17:21:12 +0800'
DEFS='-DHAVE_CONFIG_H'
DEPDIR='.deps'
ECHO_C=''
ECHO_N='-n'
ECHO_T=''
ENABLE_VALGRIND_drd='no'
ENABLE_VALGRIND_helgrind='no'
ENABLE_VALGRIND_memcheck='no'
ENABLE_VALGRIND_sgcheck='no'
ETAGS='etags'
EXEEXT=''
GCOV=''
GENHTML=''
GITIGNOREFILES += $(CODE_COVERAGE_OUTPUT_FILE) $(CODE_COVERAGE_OUTPUT_DIRECTORY)
GITIGNOREFILES ?=
HAVE_M32_MPERS_FALSE='#'
HAVE_M32_MPERS_TRUE=''
HAVE_M32_RUNTIME_FALSE=''
HAVE_M32_RUNTIME_TRUE='#'
HAVE_MX32_MPERS_FALSE='#'
HAVE_MX32_MPERS_TRUE=''
HAVE_MX32_RUNTIME_FALSE=''
HAVE_MX32_RUNTIME_TRUE='#'
INSTALL_DATA='${INSTALL} -m 644'
INSTALL_PROGRAM='${INSTALL}'
INSTALL_SCRIPT='${INSTALL}'
INSTALL_STRIP_PROGRAM='$(install_sh) -c -s'
LCOV=''
LDFLAGS=''
LDFLAGS_FOR_BUILD=''
LIBOBJS=''
LIBS=''
LTLIBOBJS=''
MAINT='#'
MAINTAINER_MODE_FALSE=''
MAINTAINER_MODE_TRUE='#'
MAKEINFO='${SHELL} '\''/home/int16/code/strace/missing'\'' makeinfo'
MIPS_ABI=''
MKDIR_P='/run/current-system/sw/bin/mkdir -p'
MOSTLYCLEANFILES += $(valgrind_log_files)
MOSTLYCLEANFILES ?=
OBJEXT='o'
PACKAGE='strace'
PACKAGE_BUGREPORT='strace-devel@lists.sourceforge.net'
PACKAGE_NAME='strace'
PACKAGE_STRING='strace UNKNOWN'
PACKAGE_TARNAME='strace'
PACKAGE_URL='https://strace.io'
PACKAGE_VERSION='UNKNOWN'
PATH_SEPARATOR=':'
PERL='/nix/store/nxw1xxfxkd6bm570nb6gv0g6pghp7i4c-perl-5.40.0/bin/perl'
RANLIB='ranlib'
RPM_CHANGELOGTIME='Tue Jul 28 2026'
SED='/run/current-system/sw/bin/sed'
SET_MAKE=''
SHELL='/bin/sh'
STRIP=''
USE_LIBUNWIND_FALSE=''
USE_LIBUNWIND_TRUE='#'
VALGRIND=''
VALGRIND_CHECK_RULES='
VALGRIND_ENABLED='no'
VALGRIND_ENABLED_FALSE=''
VALGRIND_ENABLED_TRUE='#'
VALGRIND_FLAGS ?= --num-callers=30
VALGRIND_LOG_COMPILER = \
VALGRIND_SUPPRESSIONS ?= $(addprefix --suppressions=,$(VALGRIND_SUPPRESSIONS_FILES))
VALGRIND_TESTS_ENVIRONMENT = \
VALGRIND_drd_FLAGS ?=
VALGRIND_helgrind_FLAGS ?= --history-level=approx
VALGRIND_memcheck_FLAGS ?= --leak-check=full --show-reachable=no
VALGRIND_sgcheck_FLAGS ?=
VERSION='UNKNOWN'
WARN_CFLAGS=' -Wall -Wempty-body -Wformat-security -Wignored-qualifiers -Winit-self -Wlogical-op -Wmissing-parameter-type -Wnested-externs -Wold-style-declaration -Wold-style-definition -Wsign-compare -Wtype-limits -Wwrite-strings'
WARN_CFLAGS_FOR_BUILD=' -Wall -Wempty-body -Wformat-security -Wignored-qualifiers -Winit-self -Wlogical-op -Wmissing-parameter-type -Wnested-externs -Wold-style-declaration -Wold-style-definition -Wsign-compare -Wtype-limits -Wwrite-strings'
ac_ct_CC='gcc'
ac_ct_CC_FOR_BUILD='gcc'
am__EXEEXT_FALSE=''
am__EXEEXT_TRUE='#'
am__fastdepCC_FALSE='#'
am__fastdepCC_TRUE=''
am__include='include'
am__isrc=' -I$(srcdir)'
am__leading_dot='.'
am__nodep='_no'
am__quote=''
am__rm_f_notfound=''
am__tar='tar --format=ustar -chf - "$$tardir"'
am__untar='tar -xf -'
am__xargs_n='xargs -n'
arch='x86_64'
arch_m32='i386'
arch_mx32='x32'
bindir='${exec_prefix}/bin'
build='x86_64-pc-linux-gnu'
build_alias=''
build_cpu='x86_64'
build_os='linux-gnu'
build_vendor='pc'
check-code-coverage:
check-valgrind-$(1): $$(BUILT_SOURCES)
check-valgrind:
clean: code-coverage-clean
code-coverage-capture-hook:
code-coverage-capture: code-coverage-capture-hook
code-coverage-clean:
code_coverage_quiet = $(code_coverage_quiet_$(V))
code_coverage_quiet_ = $(code_coverage_quiet_$(AM_DEFAULT_VERBOSITY))
code_coverage_quiet_0 = --quiet
code_coverage_sanitize = $(subst -,_,$(subst .,_,$(1)))
code_coverage_v_genhtml = $(code_coverage_v_genhtml_$(V))
code_coverage_v_genhtml_ = $(code_coverage_v_genhtml_$(AM_DEFAULT_VERBOSITY))
code_coverage_v_genhtml_0 = @echo "  GEN   " $(CODE_COVERAGE_OUTPUT_DIRECTORY);
code_coverage_v_lcov_cap = $(code_coverage_v_lcov_cap_$(V))
code_coverage_v_lcov_cap_ = $(code_coverage_v_lcov_cap_$(AM_DEFAULT_VERBOSITY))
code_coverage_v_lcov_cap_0 = @echo "  LCOV   --capture"\
code_coverage_v_lcov_ign = $(code_coverage_v_lcov_ign_$(V))
code_coverage_v_lcov_ign_ = $(code_coverage_v_lcov_ign_$(AM_DEFAULT_VERBOSITY))
code_coverage_v_lcov_ign_0 = @echo "  LCOV   --remove /tmp/*"\
datadir='${datarootdir}'
datarootdir='${prefix}/share'
define valgrind_tool_rule =
distclean: code-coverage-clean
dl_LIBS='-ldl'
docdir='${datarootdir}/doc/${PACKAGE_TARNAME}'
dvidir='${docdir}'
else
else
else
else
else
else ifeq ($$(VALGRIND_ENABLED),yes)
endef
endif
endif
endif
endif
endif
endif
exec_prefix='${prefix}'
host='x86_64-pc-linux-gnu'
host_alias=''
host_cpu='x86_64'
host_os='linux-gnu'
host_vendor='pc'
htmldir='${docdir}'
ifeq ($$(VALGRIND_ENABLED)-$$(ENABLE_VALGRIND_$(1)),yes-yes)
ifeq ($(CODE_COVERAGE_ENABLED),yes)
ifeq ($(CODE_COVERAGE_ENABLED),yes)
ifeq ($(CODE_COVERAGE_ENABLED),yes)
ifeq ($(VALGRIND_ENABLED),yes)
ifneq ($(LIBTOOL),)
includedir='${prefix}/include'
infodir='${datarootdir}/info'
install_sh='${SHELL} /home/int16/code/strace/install-sh'
libdir='${exec_prefix}/lib'
libexecdir='${exec_prefix}/libexec'
libunwind_CPPFLAGS=''
libunwind_LDFLAGS=''
libunwind_LIBS=''
localedir='${datarootdir}/locale'
localstatedir='${prefix}/var'
mandir='${datarootdir}/man'
mkdir_p='$(MKDIR_P)'
oldincludedir='/usr/include'
pdfdir='${docdir}'
prefix='/usr/local'
program_transform_name='s,x,x,'
psdir='${docdir}'
runstatedir='${localstatedir}/run'
sbindir='${exec_prefix}/sbin'
sharedstatedir='${prefix}/com'
sysconfdir='${prefix}/etc'
target_alias=''
valgrind_drd_flags = --tool=drd $(VALGRIND_drd_FLAGS)
valgrind_enabled_tools=''
valgrind_helgrind_flags = --tool=helgrind $(VALGRIND_helgrind_FLAGS)
valgrind_log_files = $(addprefix test-suite-,$(addsuffix .log,$(valgrind_tools)))
valgrind_lt =
valgrind_lt = $(LIBTOOL) $(AM_LIBTOOLFLAGS) $(LIBTOOLFLAGS) --mode=execute
valgrind_memcheck_flags = --tool=memcheck $(VALGRIND_memcheck_FLAGS)
valgrind_quiet = $(valgrind_quiet_$(V))
valgrind_quiet_ = $(valgrind_quiet_$(AM_DEFAULT_VERBOSITY))
valgrind_quiet_0 = --quiet
valgrind_sgcheck_flags = --tool=exp-sgcheck $(VALGRIND_sgcheck_FLAGS)
valgrind_tools='memcheck helgrind drd sgcheck'
valgrind_v_use   = $(valgrind_v_use_$(V))
valgrind_v_use_  = $(valgrind_v_use_$(AM_DEFAULT_VERBOSITY))
valgrind_v_use_0 = @echo "  USE   " $(patsubst check-valgrind-%,%,$@):;

## ----------- ##
## confdefs.h. ##
## ----------- ##

/* confdefs.h */
#define PACKAGE_NAME "strace"
#define PACKAGE_TARNAME "strace"
#define PACKAGE_VERSION "UNKNOWN"
#define PACKAGE_STRING "strace UNKNOWN"
#define PACKAGE_BUGREPORT "strace-devel@lists.sourceforge.net"
#define PACKAGE_URL "https://strace.io"
#define PACKAGE "strace"
#define VERSION "UNKNOWN"
#define HAVE_STDIO_H 1
#define HAVE_STDLIB_H 1
#define HAVE_STRING_H 1
#define HAVE_INTTYPES_H 1
#define HAVE_STDINT_H 1
#define HAVE_STRINGS_H 1
#define HAVE_SYS_STAT_H 1
#define HAVE_SYS_TYPES_H 1
#define HAVE_UNISTD_H 1
#define HAVE_WCHAR_H 1
#define STDC_HEADERS 1
#define _ALL_SOURCE 1
#define _COSMO_SOURCE 1
#define _DARWIN_C_SOURCE 1
#define _GNU_SOURCE 1
#define _HPUX_ALT_XOPEN_SOCKET_API 1
#define _NETBSD_SOURCE 1
#define _OPENBSD_SOURCE 1
#define _POSIX_PTHREAD_SEMANTICS 1
#define __STDC_WANT_IEC_60559_ATTRIBS_EXT__ 1
#define __STDC_WANT_IEC_60559_BFP_EXT__ 1
#define __STDC_WANT_IEC_60559_DFP_EXT__ 1
#define __STDC_WANT_IEC_60559_EXT__ 1
#define __STDC_WANT_IEC_60559_FUNCS_EXT__ 1
#define __STDC_WANT_IEC_60559_TYPES_EXT__ 1
#define __STDC_WANT_LIB_EXT2__ 1
#define __STDC_WANT_MATH_SPEC_FUNCS__ 1
#define _TANDEM_SOURCE 1
#define __EXTENSIONS__ 1
#define X86_64 1
#define ENABLE_ARM_OABI 0
#define HAVE_TYPEOF 1
#define HAVE_ACCEPT4 1
#define HAVE_FALLOCATE 1
#define HAVE_FANOTIFY_MARK 1
#define HAVE_FOPEN64 1
#define HAVE_FORK 1
#define HAVE_FPUTS_UNLOCKED 1
#define HAVE_FSTATAT 1
#define HAVE_FTRUNCATE 1
#define HAVE_FUTIMENS 1
#define HAVE_IF_INDEXTONAME 1
#define HAVE_OPEN64 1
#define HAVE_PRCTL 1
#define HAVE_PREADV 1
#define HAVE_PROCESS_VM_READV 1
#define HAVE_PWRITEV 1
#define HAVE_READAHEAD 1
#define HAVE_SIGNALFD 1
#define HAVE_STPCPY 1
#define HAVE_STRERROR 1
#define HAVE_STRSIGNAL 1
#define HAVE_SYNC_FILE_RANGE 1
#define HAVE_UTIMENSAT 1
#define HAVE_SIG_ATOMIC_T 1
#define HAVE_STRUCT_SIGCONTEXT 1
#define HAVE_STRUCT_MMSGHDR 1
#define HAVE___KERNEL_LONG_T 1
#define HAVE___KERNEL_ULONG_T 1
#define HAVE_STRUCT___OLD_KERNEL_STAT 1
#define HAVE_STRUCT_USER_DESC 1
#define HAVE_STRUCT_STAT_ST_MTIME_NSEC 1
#define HAVE_STRUCT_FLOCK 1
#define HAVE_STRUCT_FLOCK64 1
#define HAVE_STRUCT_TIMEX_TAI 1
#define HAVE_STRUCT_UTSNAME_DOMAINNAME 1
#define HAVE_SIGINFO_T_SI_SYSCALL 1
#define HAVE_SIGINFO_T_SI_TIMERID 1
#define HAVE_SIGINFO_T_SI_OVERRUN 1
#define HAVE_STRUCT_PERF_EVENT_ATTR_PRECISE_IP 1
#define HAVE_STRUCT_PERF_EVENT_ATTR_MMAP_DATA 1
#define HAVE_STRUCT_PERF_EVENT_ATTR_SAMPLE_ID_ALL 1
#define HAVE_STRUCT_PERF_EVENT_ATTR_EXCLUDE_HOST 1
#define HAVE_STRUCT_PERF_EVENT_ATTR_EXCLUDE_GUEST 1
#define HAVE_STRUCT_PERF_EVENT_ATTR_EXCLUDE_CALLCHAIN_KERNEL 1
#define HAVE_STRUCT_PERF_EVENT_ATTR_EXCLUDE_CALLCHAIN_USER 1
#define HAVE_STRUCT_PERF_EVENT_ATTR_MMAP2 1
#define HAVE_STRUCT_PERF_EVENT_ATTR_COMM_EXEC 1
#define HAVE_STRUCT_PERF_EVENT_ATTR_USE_CLOCKID 1
#define HAVE_STRUCT_PERF_EVENT_ATTR_CONTEXT_SWITCH 1
#define HAVE_STRUCT_PERF_EVENT_ATTR_WRITE_BACKWARD 1
#define HAVE_STRUCT_PERF_EVENT_ATTR_BP_TYPE 1
#define HAVE_STRUCT_PERF_EVENT_ATTR_CONFIG1 1
#define HAVE_STRUCT_PERF_EVENT_ATTR_CONFIG2 1
#define HAVE_STRUCT_PERF_EVENT_ATTR_BRANCH_SAMPLE_TYPE 1
#define HAVE_STRUCT_PERF_EVENT_ATTR_SAMPLE_REGS_USER 1
#define HAVE_STRUCT_PERF_EVENT_ATTR_SAMPLE_STACK_USER 1
#define HAVE_STRUCT_PERF_EVENT_ATTR_SAMPLE_REGS_INTR 1
#define HAVE_STRUCT_PERF_EVENT_ATTR_AUX_WATERMARK 1
#define HAVE_STRUCT_PERF_EVENT_ATTR_SAMPLE_MAX_STACK 1
#define HAVE_ELF_H 1
#define HAVE_INTTYPES_H 1
#define HAVE_LINUX_BSG_H 1
#define HAVE_LINUX_DM_IOCTL_H 1
#define HAVE_LINUX_DQBLK_XFS_H 1
#define HAVE_LINUX_FALLOC_H 1
#define HAVE_LINUX_FIEMAP_H 1
#define HAVE_LINUX_FILTER_H 1
#define HAVE_LINUX_HIDDEV_H 1
#define HAVE_LINUX_IP_VS_H 1
#define HAVE_LINUX_IPC_H 1
#define HAVE_LINUX_MMTIMER_H 1
#define HAVE_LINUX_MSG_H 1
#define HAVE_LINUX_PERF_EVENT_H 1
#define HAVE_LINUX_QUOTA_H 1
#define HAVE_LINUX_SECCOMP_H 1
#define HAVE_LINUX_SECUREBITS_H 1
#define HAVE_LINUX_SEM_H 1
#define HAVE_LINUX_SHM_H 1
#define HAVE_LINUX_USERFAULTFD_H 1
#define HAVE_LINUX_UTSNAME_H 1
#define HAVE_MQUEUE_H 1
#define HAVE_NETIPX_IPX_H 1
#define HAVE_SCSI_SG_H 1
#define HAVE_SYS_EVENTFD_H 1
#define HAVE_SYS_FANOTIFY_H 1
#define HAVE_SYS_IPC_H 1
#define HAVE_SYS_MSG_H 1
#define HAVE_SYS_QUOTA_H 1
#define HAVE_SYS_REG_H 1
#define HAVE_SYS_SEM_H 1
#define HAVE_SYS_SHM_H 1
#define HAVE_SYS_SIGNALFD_H 1
#define HAVE_SYS_XATTR_H 1
#define HAVE_NETINET_TCP_H 1
#define HAVE_NETINET_UDP_H 1
#define HAVE_LINUX_MQUEUE_H 1
#define HAVE_LINUX_NETFILTER_ARP_ARP_TABLES_H 1
#define HAVE_LINUX_NETFILTER_BRIDGE_EBTABLES_H 1
#define HAVE_LINUX_NETFILTER_IPV4_IP_TABLES_H 1
#define HAVE_LINUX_NETFILTER_IPV6_IP6_TABLES_H 1
#define HAVE_LINUX_INPUT_H 1
#define HAVE_STRUCT_INPUT_ABSINFO_RESOLUTION 1
#define HAVE_LINUX_BPF_H 1
#define HAVE_UNION_BPF_ATTR_LOG_BUF 1
#define HAVE_UNION_BPF_ATTR_BPF_FD 1
#define HAVE_UNION_BPF_ATTR_ATTACH_FLAGS 1
#define HAVE_STRUCT_STATFS 1
#define HAVE_STRUCT_STATFS_F_FRSIZE 1
#define HAVE_STRUCT_STATFS_F_FLAGS 1
#define HAVE_STRUCT_STATFS_F_FSID_VAL 1
#define HAVE_STRUCT_STATFS64 1
#define HAVE_STRUCT_STATFS64_F_FRSIZE 1
#define HAVE_STRUCT_STATFS64_F_FLAGS 1
#define HAVE_STRUCT_STATFS64_F_FSID_VAL 1
#define HAVE_STRUCT_BLK_USER_TRACE_SETUP 1
#define HAVE_LINUX_BTRFS_H 1
#define HAVE_STRUCT_BTRFS_IOCTL_FEATURE_FLAGS_COMPAT_FLAGS 1
#define HAVE_STRUCT_BTRFS_IOCTL_FS_INFO_ARGS_NODESIZE 1
#define HAVE_STRUCT_BTRFS_IOCTL_DEFRAG_RANGE_ARGS_START 1
#define HAVE_STRUCT_BTRFS_IOCTL_SEARCH_ARGS_V2_BUF_SIZE 1
#define HAVE_DECL_BTRFS_COMPRESS_NONE 0
#define HAVE_DECL_BTRFS_COMPRESS_ZLIB 0
#define HAVE_DECL_BTRFS_COMPRESS_LZO 0
#define HAVE_DECL_SYS_ERRLIST 0
#define HAVE_DECL_PTRACE_PEEKUSER 1
#define HAVE_DECL_PTRACE_POKEUSER 1
#define HAVE_DECL_P_PID 1
#define HAVE_DECL_P_PPID 0
#define HAVE_DECL_P_PGID 1
#define HAVE_DECL_P_SID 0
#define HAVE_DECL_P_CID 0
#define HAVE_DECL_P_UID 0
#define HAVE_DECL_P_GID 0
#define HAVE_DECL_P_ALL 1
#define HAVE_DECL_P_LWPID 0
#define HAVE_DECL_LO_FLAGS_READ_ONLY 1
#define HAVE_DECL_LO_FLAGS_USE_AOPS 0
#define HAVE_DECL_LO_FLAGS_AUTOCLEAR 1
#define HAVE_DECL_LO_FLAGS_PARTSCAN 1
#define HAVE_DECL_LO_FLAGS_DIRECT_IO 1
#define HAVE_DECL_CTL_PROC 1
#define HAVE_DECL_CTL_ARLAN 1
#define HAVE_DECL_CTL_S390DBF 1
#define HAVE_DECL_CTL_SUNRPC 1
#define HAVE_DECL_CTL_PM 1
#define HAVE_DECL_CTL_FRV 1
#define HAVE_DECL_KERN_PRINTK_RATELIMIT 1
#define HAVE_DECL_KERN_PRINTK_RATELIMIT_BURST 1
#define HAVE_DECL_KERN_PTY 1
#define HAVE_DECL_KERN_NGROUPS_MAX 1
#define HAVE_DECL_KERN_SPARC_SCONS_PWROFF 1
#define HAVE_DECL_KERN_HZ_TIMER 1
#define HAVE_DECL_KERN_UNKNOWN_NMI_PANIC 1
#define HAVE_DECL_KERN_BOOTLOADER_TYPE 1
#define HAVE_DECL_KERN_RANDOMIZE 1
#define HAVE_DECL_KERN_SETUID_DUMPABLE 1
#define HAVE_DECL_KERN_SPIN_RETRY 1
#define HAVE_DECL_KERN_ACPI_VIDEO_FLAGS 1
#define HAVE_DECL_KERN_IA64_UNALIGNED 1
#define HAVE_DECL_KERN_COMPAT_LOG 1
#define HAVE_DECL_KERN_MAX_LOCK_DEPTH 1
#define HAVE_DECL_KERN_NMI_WATCHDOG 1
#define HAVE_DECL_KERN_PANIC_ON_NMI 1
#define HAVE_DECL_NET_LLC 1
#define HAVE_DECL_NET_NETFILTER 1
#define HAVE_DECL_NET_DCCP 1
#define HAVE_DECL_NET_IRDA 1
#define HAVE_DECL_NET_CORE_DESTROY_DELAY 0
#define HAVE_DECL_NET_CORE_BUDGET 1
#define HAVE_DECL_NET_CORE_AEVENT_ETIME 1
#define HAVE_DECL_NET_CORE_AEVENT_RSEQTH 1
#define HAVE_DECL_NET_CORE_WARNINGS 1
#define HAVE_DECL_NET_IPV4_IGMP_MAX_MSF 1
#define HAVE_DECL_NET_TCP_NO_METRICS_SAVE 1
#define HAVE_DECL_NET_TCP_DEFAULT_WIN_SCALE 1
#define HAVE_DECL_NET_TCP_MODERATE_RCVBUF 1
#define HAVE_DECL_NET_TCP_TSO_WIN_DIVISOR 1
#define HAVE_DECL_NET_TCP_BIC_BETA 1
#define HAVE_DECL_NET_IPV4_ICMP_ERRORS_USE_INBOUND_IFADDR 1
#define HAVE_DECL_NET_TCP_CONG_CONTROL 1
#define HAVE_DECL_NET_TCP_ABC 1
#define HAVE_DECL_NET_IPV4_IPFRAG_MAX_DIST 1
#define HAVE_DECL_NET_TCP_MTU_PROBING 1
#define HAVE_DECL_NET_TCP_BASE_MSS 1
#define HAVE_DECL_NET_IPV4_TCP_WORKAROUND_SIGNED_WINDOWS 1
#define HAVE_DECL_NET_TCP_DMA_COPYBREAK 1
#define HAVE_DECL_NET_TCP_SLOW_START_AFTER_IDLE 1
#define HAVE_DECL_NET_CIPSOV4_CACHE_ENABLE 1
#define HAVE_DECL_NET_CIPSOV4_CACHE_BUCKET_SIZE 1
#define HAVE_DECL_NET_CIPSOV4_RBM_OPTFMT 1
#define HAVE_DECL_NET_CIPSOV4_RBM_STRICTVALID 1
#define HAVE_DECL_NET_TCP_AVAIL_CONG_CONTROL 1
#define HAVE_DECL_NET_TCP_ALLOWED_CONG_CONTROL 1
#define HAVE_DECL_NET_TCP_MAX_SSTHRESH 1
#define HAVE_DECL_NET_TCP_FRTO_RESPONSE 1
#define HAVE_DECL_NET_IPV4_ROUTE_GC_MIN_INTERVAL_MS 1
#define HAVE_DECL_NET_IPV4_CONF_FORCE_IGMP_VERSION 1
#define HAVE_DECL_NET_IPV4_CONF_ARP_ANNOUNCE 1
#define HAVE_DECL_NET_IPV4_CONF_ARP_IGNORE 1
#define HAVE_DECL_NET_IPV4_CONF_PROMOTE_SECONDARIES 1
#define HAVE_DECL_NET_IPV4_CONF_ARP_ACCEPT 1
#define HAVE_DECL_NET_IPV4_CONF_ARP_NOTIFY 1
#define HAVE_DECL_NET_IPV6_MLD_MAX_MSF 1
#define HAVE_DECL_NET_IPV6_ROUTE_GC_MIN_INTERVAL_MS 1
#define HAVE_DECL_VM_MAX_MAP_COUNT 1
#define HAVE_DECL_VM_LAPTOP_MODE 1
#define HAVE_DECL_VM_BLOCK_DUMP 1
#define HAVE_DECL_VM_HUGETLB_GROUP 1
#define HAVE_DECL_VM_VFS_CACHE_PRESSURE 1
#define HAVE_DECL_VM_LEGACY_VA_LAYOUT 1
#define HAVE_DECL_VM_SWAP_TOKEN_TIMEOUT 1
#define HAVE_DECL_V4L2_FIELD_ANY 1
#define HAVE_DECL_V4L2_FIELD_NONE 1
#define HAVE_DECL_V4L2_FIELD_TOP 1
#define HAVE_DECL_V4L2_FIELD_BOTTOM 1
#define HAVE_DECL_V4L2_FIELD_INTERLACED 1
#define HAVE_DECL_V4L2_FIELD_SEQ_TB 1
#define HAVE_DECL_V4L2_FIELD_SEQ_BT 1
#define HAVE_DECL_V4L2_FIELD_ALTERNATE 1
#define HAVE_DECL_V4L2_FIELD_INTERLACED_TB 1
#define HAVE_DECL_V4L2_FIELD_INTERLACED_BT 1
#define HAVE_DECL_V4L2_BUF_TYPE_VIDEO_CAPTURE 1
#define HAVE_DECL_V4L2_BUF_TYPE_VIDEO_CAPTURE_MPLANE 1
#define HAVE_DECL_V4L2_BUF_TYPE_VIDEO_OUTPUT 1
#define HAVE_DECL_V4L2_BUF_TYPE_VIDEO_OUTPUT_MPLANE 1
#define HAVE_DECL_V4L2_BUF_TYPE_VIDEO_OVERLAY 1
#define HAVE_DECL_V4L2_BUF_TYPE_VBI_CAPTURE 1
#define HAVE_DECL_V4L2_BUF_TYPE_VBI_OUTPUT 1
#define HAVE_DECL_V4L2_BUF_TYPE_SLICED_VBI_CAPTURE 1
#define HAVE_DECL_V4L2_BUF_TYPE_SLICED_VBI_OUTPUT 1
#define HAVE_DECL_V4L2_BUF_TYPE_VIDEO_OUTPUT_OVERLAY 1
#define HAVE_DECL_V4L2_TUNER_RADIO 1
#define HAVE_DECL_V4L2_TUNER_ANALOG_TV 1
#define HAVE_DECL_V4L2_TUNER_DIGITAL_TV 1
#define HAVE_DECL_V4L2_MEMORY_MMAP 1
#define HAVE_DECL_V4L2_MEMORY_USERPTR 1
#define HAVE_DECL_V4L2_MEMORY_OVERLAY 1
#define HAVE_DECL_V4L2_MEMORY_DMABUF 1
#define HAVE_DECL_V4L2_COLORSPACE_SMPTE170M 1
#define HAVE_DECL_V4L2_COLORSPACE_SMPTE240M 1
#define HAVE_DECL_V4L2_COLORSPACE_REC709 1
#define HAVE_DECL_V4L2_COLORSPACE_BT878 1
#define HAVE_DECL_V4L2_COLORSPACE_470_SYSTEM_M 1
#define HAVE_DECL_V4L2_COLORSPACE_470_SYSTEM_BG 1
#define HAVE_DECL_V4L2_COLORSPACE_JPEG 1
#define HAVE_DECL_V4L2_COLORSPACE_SRGB 1
#define HAVE_DECL_V4L2_PRIORITY_UNSET 1
#define HAVE_DECL_V4L2_PRIORITY_BACKGROUND 1
#define HAVE_DECL_V4L2_PRIORITY_INTERACTIVE 1
#define HAVE_DECL_V4L2_PRIORITY_RECORD 1
#define HAVE_DECL_V4L2_FRMSIZE_TYPE_DISCRETE 1
#define HAVE_DECL_V4L2_FRMSIZE_TYPE_CONTINUOUS 1
#define HAVE_DECL_V4L2_FRMSIZE_TYPE_STEPWISE 1
#define HAVE_DECL_V4L2_FRMIVAL_TYPE_DISCRETE 1
#define HAVE_DECL_V4L2_FRMIVAL_TYPE_CONTINUOUS 1
#define HAVE_DECL_V4L2_FRMIVAL_TYPE_STEPWISE 1
#define HAVE_DECL_V4L2_CTRL_TYPE_INTEGER 1
#define HAVE_DECL_V4L2_CTRL_TYPE_BOOLEAN 1
#define HAVE_DECL_V4L2_CTRL_TYPE_MENU 1
#define HAVE_DECL_V4L2_CTRL_TYPE_BUTTON 1
#define HAVE_DECL_V4L2_CTRL_TYPE_INTEGER64 1
#define HAVE_DECL_V4L2_CTRL_TYPE_CTRL_CLASS 1
#define HAVE_DECL_V4L2_CTRL_TYPE_STRING 1
#define HAVE_DECL_V4L2_CTRL_TYPE_BITMASK 1
#define HAVE_DECL_V4L2_CTRL_TYPE_INTEGER_MENU 1
#define HAVE_BLKGETSIZE64 1
#define SIZEOF_LONG 8
#define SIZEOF_LONG_LONG 8
#define SIZEOF_OFF_T 8
#define SIZEOF_KERNEL_LONG_T 8
#define SIZEOF_STRUCT_I64_I32 16
#define ASM_SIGRTMIN 32
#define ASM_SA_RESTORER 0x04000000
#define HAVE___BUILTIN_POPCOUNT 1
#define HAVE_DLADDR 1
#define HAVE_M32_MPERS 1
#define HAVE_M32_STRUCT_STAT 1
#define HAVE_M32_STRUCT_STAT_ST_MTIME_NSEC 1
#define HAVE_M32_STRUCT_STAT64 1
#define HAVE_M32_STRUCT_STAT64_ST_MTIME_NSEC 1
#define HAVE_MX32_MPERS 1
#define HAVE_MX32_STRUCT_STAT 1
#define HAVE_MX32_STRUCT_STAT_ST_MTIME_NSEC 1

configure: exit 
